slap_url,long_url
http://slap.red/100payau,https://100payau.com/RF29661A3A5
http://slap.red/100pokies,https://100pokies.com/RF29AAA3291
http://slap.red/11win,https://11win.com/RF2963506A7
http://slap.red/126spin,https://126spin.com/RF275708925
http://slap.red/12playau,https://12playau.com/RF6151170
http://slap.red/19rich,https://19rich.com/REF213A33A6A
http://slap.red/1bigwin,https://1bigwin.com/RF2528102A1
http://slap.red/1pokies,https://1pokies.com/RF190980933
http://slap.red/1spinnwin,https://1spinnwin.com
http://slap.red/1winbet369,https://1winbet369.com/RF239126025
http://slap.red/22aud,https://22aud.com
http://slap.red/22aus,NO_MATCH_FOUND
http://slap.red/22bitau,https://22bitau.com
http://slap.red/22luckyspin,https://22luckyspin.com/RF8050735
http://slap.red/22pokies,https://22pokies.com/RF188730018
http://slap.red/22rickycasino,NO_MATCH_FOUND
http://slap.red/33spins,https://33spins.com/RF226359271
http://slap.red/44spin,https://44spin.com
http://slap.red/5starclub,https://5starclub.vip
http://slap.red/5winaus,NO_MATCH_FOUND
http://slap.red/66spin,https://66spin.com
http://slap.red/77au,https://77au.net
http://slap.red/77magic,https://77magic.net
http://slap.red/77pokies,https://77pokies.com
http://slap.red/7pokies,https://7pokies.com/RF2A395599A
http://slap.red/7vip7,https://7vip7.com
http://slap.red/88au,https://glorybet88au.com/RF292582108
http://slap.red/88aus,https://88aus.live
http://slap.red/88pokies,https://88pokies.com/RF838A005
http://slap.red/96spinau,NO_MATCH_FOUND
http://slap.red/99flashwin,https://99flashwin.com/RF29662028A
http://slap.red/9au,https://9au.com/RF239355529
http://slap.red/9aus,https://9aus.com/RF283055172
http://slap.red/9pokies,https://9pokies.com
http://slap.red/9xbetau,https://9xbetau.com/RF7A59A67
http://slap.red/Imctslot,NO_MATCH_FOUND
http://slap.red/a1club88,https://a1club88.com
http://slap.red/a99au,https://a99au.com/RF2191A6181
http://slap.red/a9aud,https://a9aud.com/A9108A8521
http://slap.red/aaspin77,https://aaspin77.com
http://slap.red/aawin68,https://aawin68.com
http://slap.red/aba33aus,https://aba33aus.com
http://slap.red/ac8bet,NO_MATCH_FOUND
http://slap.red/acehighwin,https://acehighwin.com
http://slap.red/acwin77,https://acwin77.com/acwin77RF188395197
http://slap.red/af7aus,NO_MATCH_FOUND
http://slap.red/afl88,https://afl88.com/RF12585753
http://slap.red/ak8aud,NO_MATCH_FOUND
http://slap.red/albanesewin,https://albanesewin.com/RF2A7A6A33A
http://slap.red/all117,https://all117.com/RF2A7315A55
http://slap.red/am88aus,NO_MATCH_FOUND
http://slap.red/amb88,https://amb88.cc/RF39396A2
http://slap.red/anz188,https://anz188.co
http://slap.red/anzspin,https://anzspin.com/RF2261A9AAA
http://slap.red/aristocratau,https://aristocratau.com
http://slap.red/ariswin,https://ariswin.com/RF22A1A5027
http://slap.red/arkspin,https://arkspin.com/RF226363398
http://slap.red/arvo96,https://arvo96.com/RF232097A12
http://slap.red/astar77au,https://astar77au.com
http://slap.red/astar7au,NO_MATCH_FOUND
http://slap.red/au,https://au.eg9.bet
http://slap.red/au21,https://au21.net/AU21213A97556
http://slap.red/au55,https://au55.co
http://slap.red/au68,https://au68.net/RF233A73875
http://slap.red/au99,https://au99.co/RF200322536
http://slap.red/aucloud9,https://aucloud9.com
http://slap.red/aud2u,https://aud2u.com/TW217070861
http://slap.red/aud33,https://aud33.com
http://slap.red/aud365,https://aud365.co/RF181853703
http://slap.red/aud44,https://aud44.com
http://slap.red/aud77,https://aud77.net/RF191665528
http://slap.red/aud96,https://aud96.com/RF2A7395139
http://slap.red/aud99,https://aud99.live
http://slap.red/audgaming8,https://audgaming8.com
http://slap.red/audgo,https://audgo.net/RF22101A151
http://slap.red/audmachine,https://audmachine.com/RF230710708
http://slap.red/audwin,https://audwin9.com/RF22232700A
http://slap.red/aumania,https://aumania.co
http://slap.red/aupay99,https://aupay99.com
http://slap.red/auplay,https://auplay.club
http://slap.red/auraaud,https://auraaud.com
http://slap.red/aurapokies,https://aurapokies.com/RF9798818
http://slap.red/aus2u,https://aus2u.com/RF23656AA52
http://slap.red/aus33,https://aus33.com/RF2075A660A
http://slap.red/aus4win,https://aus4win.com/RF227189A33
http://slap.red/aus55,NO_MATCH_FOUND
http://slap.red/aus789,https://aus789.com/RF239127138
http://slap.red/aus88win,https://aus88win.com
http://slap.red/ausbet88,https://ausbet88.com/RF185586305
http://slap.red/ausbetking,https://ausbetking.com
http://slap.red/ausclub,https://ausclub.net/RF18718950
http://slap.red/ausdeluxe,https://ausdeluxe.com/RF200557319
http://slap.red/auslot7,https://auslot7.com/RF295857312
http://slap.red/auspay96,https://auspay96.com
http://slap.red/auspin168,https://auspin168.com
http://slap.red/auspin8,https://auspin8.com/RF295037399
http://slap.red/auspin88,https://auspin88.vip/RF263A67781
http://slap.red/aussie21,https://aussie21.com/RF29661A126
http://slap.red/aussie8,https://aussie8.net/RF29AA50A01
http://slap.red/aussie96,https://aussie96.com
http://slap.red/aussiebt,https://aussiebt.net/RF186717130
http://slap.red/aussiegau,NO_MATCH_FOUND
http://slap.red/aussierich,https://aussierich.com/RF2296AA38A
http://slap.red/austar,NO_MATCH_FOUND
http://slap.red/auwin33,https://auwin33.com
http://slap.red/auwin7,https://auwin7.com
http://slap.red/auwin88,https://auwin88.com
http://slap.red/auwin9,https://auwin9.com/RF232993027
http://slap.red/avengers80,https://avengers80.com
http://slap.red/avengers9,https://avengers9.net/RF259082638
http://slap.red/avengersaus,NO_MATCH_FOUND
http://slap.red/avg88,https://avg88.com/AVG2382A9061
http://slap.red/aviator98,https://aviator98.com/RF20787077A
http://slap.red/b4bau,NO_MATCH_FOUND
http://slap.red/bacca777,https://bacca777.com/RF2855A7097
http://slap.red/bankau,https://bankau.live/RF29A839A33
http://slap.red/bankcunt,https://bankcunt.com/RF288A12503
http://slap.red/bcwin88,https://bcwin88.com/BC8015500
http://slap.red/beebee11,https://beebee11.com/RF2A8521316
http://slap.red/bet33au,https://bet33au.com/RF25980A170
http://slap.red/bet365aud,https://bet365aud.com/RF258153A
http://slap.red/bet9au,https://mrbet9au.info/RF18557A569
http://slap.red/betaaron,https://betaaron.com/RF283965087
http://slap.red/betaussie,https://betaussie.co/RF265889917
http://slap.red/bethope9,https://bethope9.com/RF293855130
http://slap.red/betjason,https://betjason.com/RF2A8521017
http://slap.red/betjohn,https://betjohn.net/BETJOHN2A5661000
http://slap.red/betman-aud,NO_MATCH_FOUND
http://slap.red/betman9,https://betman9.com/RF225008750
http://slap.red/betmeth,https://betmeth.com/RF282118660
http://slap.red/betnet9,https://betnet9.com
http://slap.red/betnich,https://betnich.com/RF272760669
http://slap.red/betoptus,https://betoptus.com/RF255728197
http://slap.red/betus10,https://betus10.co/RF287106122
http://slap.red/betworld168,https://betworld168.vip
http://slap.red/betworld96au,https://betworld96au.com/RF283970882
http://slap.red/betzilla88,https://betzilla88.com/RF19A1659A3
http://slap.red/bigboss88,https://bigboss88.vip/RF1667036
http://slap.red/bighotb,https://bighotb.com/RF216026281
http://slap.red/bigpay2u,https://bigpay2u.com/RF2309A8677
http://slap.red/bigpay77,https://bigpay77.net/RF185662899
http://slap.red/bigwin666,https://bigwin666.net/RF259351508
http://slap.red/billaboong,https://billaboong.vip
http://slap.red/billionaire2024,NO_MATCH_FOUND
http://slap.red/billionau,https://billionau.co
http://slap.red/bitwinauda,https://bitwinauda.net/RF231A61663
http://slap.red/bizzo777,https://bizzo777.com/RF2A1199257
http://slap.red/bk8aus,https://bk8aus.com
http://slap.red/bk9au,https://bk9au.net
http://slap.red/bm7au,https://bm7au.com/RF211569711
http://slap.red/bmb99,https://bmb99.com/RF291505535
http://slap.red/bn8aus,https://bn8aus.com/RF21A982736
http://slap.red/bomspin,https://bomspin.com/RF8729995
http://slap.red/bondi333,https://bondi333.com/RF2A111018A
http://slap.red/bong21,https://bong21.com/RF29A28A332
http://slap.red/bonsai369,https://bonsai369.com/RF5009212
http://slap.red/bonus96,https://bonus96.com/RF2127A8972
http://slap.red/bonuswinau,https://bonuswinau.com/RF2A798716A
http://slap.red/bonza7,https://bonza7.com/RF215A26082
http://slap.red/bonza96,https://bonza96.com/RF2A5808776
http://slap.red/boom966,https://boom966.com/RF11503370
http://slap.red/boyabet9,https://boyabet9.com/RF29AAA7A08
http://slap.red/bpay7,https://bpay7.com/RF2A5A5A783
http://slap.red/br8aud,https://br8aud.com
http://slap.red/breakspin,https://breakspin.com/RF2A605A268
http://slap.red/breakwin,https://breakwin.com/RF2A62958AA
http://slap.red/brismelb,https://brismelb6.co/RF251897263
http://slap.red/bs22au,https://bs22au.com
http://slap.red/bunny96,https://bunny96.com/RF2A2A08188
http://slap.red/bx77au,https://bx77au.com/RF2291A5305
http://slap.red/bybid9,https://bybid9.com/RF2126AA058
http://slap.red/candy96,https://candy96.com/RF215163055
http://slap.red/candymommy,https://candymommy.co
http://slap.red/cannabisaud,https://cannabisaud.com/RF2126650A5
http://slap.red/cashnet99,https://cashnet99.com
http://slap.red/cbr8aus,https://cbr8aus.com
http://slap.red/cellspin96,https://cellspin96.com
http://slap.red/centuryplay,https://centuryplay.us/RF2AA379A21
http://slap.red/champion9,https://champion9.com/RF230292203
http://slap.red/check-in77,https://check-in77.com
http://slap.red/class777,https://class777.com/RF212977000
http://slap.red/click96,https://click96.com/RF23A353307
http://slap.red/clownwin,https://clownwin.com/RF282217889
http://slap.red/clubimperioaus,https://clubimperioaus.com
http://slap.red/cn8au,https://cn8au.com
http://slap.red/cocainespin,https://cocainespin.com/RF238805A25
http://slap.red/cocspin,https://cocspin.com/RFA663861
http://slap.red/coospin,https://coospin.com/RF21736915A
http://slap.red/cp2077,https://cp2077.org/RF8721512
http://slap.red/cr33au,https://cr33au.com/RF205363773
http://slap.red/crackspin,https://crackspin.com/RF26A789592
http://slap.red/crn7,https://crn7.com
http://slap.red/crown155au,https://crown155au.com
http://slap.red/crown69,https://crown69.co/RF2903A2836
http://slap.red/crown777au,https://crown777au.com/RF237828652
http://slap.red/crownbet,https://crownbet.pro/RF32298A6
http://slap.red/crowncasino,https://crowncasino.fun
http://slap.red/crystalchips777,https://crystalchips777.com/RF25536A705
http://slap.red/cuntboom,https://cuntboom.com/RF295035606
http://slap.red/cuntcunt,https://cuntcunt.com/RF289681955
http://slap.red/cuntspin,https://cuntspin.com/RF2A59A7A97
http://slap.red/cuntwin,https://cuntwin.com/RF260668985
http://slap.red/cyberbet77,https://cyberbet77.com
http://slap.red/dangspin,https://dangspin.com/RF288557037
http://slap.red/day2spin,https://day2spin.com/RF26A9A9096
http://slap.red/dcbet9,NO_MATCH_FOUND
http://slap.red/decho34,https://decho34.com
http://slap.red/deespin,https://deespin.com
http://slap.red/devegas99,https://devegas99.com
http://slap.red/dg6au,https://dg6au.com
http://slap.red/diamondaud,https://diamondaud.com/RF2037175A2
http://slap.red/diceau,https://diceau.online/RF289A15566
http://slap.red/dickwin,https://dickwin.com/RF291508308
http://slap.red/dmd188,NO_MATCH_FOUND
http://slap.red/dns33,https://dns33.com/RF229113227
http://slap.red/dogdog11,https://dogdog11.com/RF257A97006
http://slap.red/dolphin88,https://dolphin88.co/RF232097163
http://slap.red/donaldwin,https://donaldwin.com/RF216356273
http://slap.red/dorkspin,https://dorkspin.com/RF282217211
http://slap.red/double9,https://double9.org/RF2AA7961A8
http://slap.red/dowin8aus,https://dowin8aus.com/RF2A8158911
http://slap.red/dreamworldau,https://dreamworldau.com/RF28395A850
http://slap.red/drongobet,https://drongobet.com/RF2893377A8
http://slap.red/e77au,https://e77au.com/RF7600881
http://slap.red/e99au,https://e99au.com/RF211A1660A
http://slap.red/ebet9au,https://ebet9au.com
http://slap.red/ecstasybaby,https://ecstasybaby.com/RF2A2A55A76
http://slap.red/eebet9,https://eebet9.com
http://slap.red/efa777,https://efa777.com
http://slap.red/efa99aus,https://efa99aus.com
http://slap.red/emperor9,https://emperor9.com/RF225977932
http://slap.red/emu668,https://emu668.co/RF292668299
http://slap.red/enjoy007,https://enjoy007.com/RF257258075
http://slap.red/enjoy2aus,https://enjoy2aus.com
http://slap.red/enjoy2win99,https://enjoy2win99.com/RF7690526
http://slap.red/enjoy33,https://enjoy33.vip/RF2955057
http://slap.red/enjoy96,https://enjoy96.com
http://slap.red/epay9,https://epay9.net/RF230780121
http://slap.red/epicpokies,https://epicpokies.com/RF2A365971A
http://slap.red/eq9au,https://eq9au.com/RFA285760
http://slap.red/everwin44,https://everwin44.com/RF213517007
http://slap.red/ex77au,https://ex77au.com/RF26A609756
http://slap.red/extrawing,NO_MATCH_FOUND
http://slap.red/ezaud,https://ezaud.com/RF2600A6821
http://slap.red/ezbet66,https://ezbet66.com/EZ2A86380
http://slap.red/ezspin68,https://ezspin68.vip
http://slap.red/ezwinau,NO_MATCH_FOUND
http://slap.red/f88spins,https://f88spins.com/RF225880616
http://slap.red/fafawinau,https://fafawinau.com/RF22276373A
http://slap.red/fantasy,https://fantasy33.com/RF2531A96
http://slap.red/fastau,https://fastau.co/RF222765601
http://slap.red/fastspeedau,https://fastspeedau.com/RF237918A13
http://slap.red/fastspin99,https://fastspin99.com/TW188368651
http://slap.red/fatchoy66,https://fatchoy66.club/RF209A8AA53
http://slap.red/fatdog9,https://fatdog9.com/RF292203186
http://slap.red/fc8au,https://fc8au.com/RF202196618
http://slap.red/ff96au,https://ff96au.com
http://slap.red/fight22,https://fight22.com/RF22582181A
http://slap.red/fightspin,https://fightspin.net/RF296A27580
http://slap.red/finaplay,https://finaplay.com/RF2083AA611
http://slap.red/flashfortune,https://flashfortune.org/RF2AA816951
http://slap.red/fortune88au,https://fortune88au.com/RF181962298
http://slap.red/freakwin,https://freakwin.com/RF289057068
http://slap.red/freeaud,https://freeaud.co/RF288907155
http://slap.red/freeslot,https://freeslot.cloud/RF9281830
http://slap.red/fuckingluck,https://fuckingluck.com/RF278785625
http://slap.red/fuckingmeth,https://fuckingmeth.com/RF2A5202803
http://slap.red/fuckmate,https://fuckmate.co/RF2A796A932
http://slap.red/fuckspin,https://fuckspin.com/RF2A5A5A953
http://slap.red/funmeth,https://funmeth.com/RF291502733
http://slap.red/funplay,NO_MATCH_FOUND
http://slap.red/furspin,https://furspin.com/RF296A86A6A
http://slap.red/fury9,https://fury9.com/RF2A8273178
http://slap.red/g9aus,https://g9aus.com
http://slap.red/g9clubaus,https://g9clubaus.com/RF211363361
http://slap.red/galaxy96au,https://galaxy96au.com
http://slap.red/galaxyau,https://galaxyau.com
http://slap.red/gamblingking,https://gamblingking.vip/RF220921083
http://slap.red/gamblingtrain,https://gamblingtrain.pro/RF23656A259
http://slap.red/gcity56,https://gcity56.com/RF121A2122
http://slap.red/gd77,https://gd77.vip/RF28861A592
http://slap.red/gday123,https://gday123.com/JK2732782AA
http://slap.red/gday77au,https://gday77au.com/RF181283033
http://slap.red/gday9,https://gday9.com
http://slap.red/gembetaus,https://gembetaus.com/RF255395215
http://slap.red/gemvault777,https://gemvault777.com/RF239073625
http://slap.red/gentingau2u,https://gentingau2u.com
http://slap.red/gey99au,https://gey99au.com/RF2AA068820
http://slap.red/glbet,https://glbet9.com
http://slap.red/glorya77,https://glorya77.com/RF23121A6A1
http://slap.red/glorybet88au,https://glorybet88au.com/RF292582108
http://slap.red/gluck33,NO_MATCH_FOUND
http://slap.red/go33au,NO_MATCH_FOUND
http://slap.red/gofun33,https://gofun33.com/RF225008A60
http://slap.red/gold77au,https://gold77au.com/RF2A56A1862
http://slap.red/goldbet9,https://goldbet9.net
http://slap.red/goldct66,https://goldct66.co/RF230882685
http://slap.red/goldencrown96,https://goldencrown96.com
http://slap.red/goldsp,https://goldsp.co/RF2A8202162
http://slap.red/goospin,https://goospin.com/RF19932819A
http://slap.red/gopokies,https://gopokies.co/RF835A627
http://slap.red/gtbet9,https://gtbet9.com
http://slap.red/gucci9,https://gucci9.vip/RF9282113
http://slap.red/gwin77,https://gwin77.com/RF22A023606
http://slap.red/gwin9au,https://gwin9au.com/RF1867058AA
http://slap.red/happyprosperous,https://happyprosperous.co/RF25530A536
http://slap.red/harbour33,https://harbour33.com/RF208298673
http://slap.red/harvestbet,https://harvestbet.co/RF237539176
http://slap.red/hb88au,https://hb88au.com
http://slap.red/hellbet9,https://hellbet9.com/RF222878389
http://slap.red/hello88au,https://hello88au.com/RF2590823A0
http://slap.red/hellospin,https://hellospin.co/RF2A1170765
http://slap.red/hero-99,https://hero-99.com/RF28A9A1A76
http://slap.red/heroinspin,https://heroinspin.com/RF23A102368I
http://slap.red/himeth,https://himeth.com/RF293189898
http://slap.red/ho96,https://ho96.com/RF2AA83031A
http://slap.red/hollywoodaus,https://hollywoodaus.com/RF217115572
http://slap.red/hornyspin,https://hornyspin.com/RF2A8261125
http://slap.red/hotpokies88,https://hotpokies88.com/RF291115095
http://slap.red/hype777,https://hype777.com
http://slap.red/iaud88,https://iaud88.co/RF218037693
http://slap.red/ibet9au,https://ibet9au.com/RF263615587
http://slap.red/iclub365au,NO_MATCH_FOUND
http://slap.red/ignition66,https://ignition66.com/RF2298A6320
http://slap.red/ii89au,https://ii89au.com
http://slap.red/ijoker88au,https://ijoker88au.com/RF28255831A
http://slap.red/ilovejili,https://ilovejili.net/RF290036119
http://slap.red/imate88,https://imate88.com
http://slap.red/imillion88,https://imillion88.com/RF22A013553
http://slap.red/imperium88,https://imperium88.com/RF89A0187
http://slap.red/imperium9,https://imperium9.com/RF2189AA59A
http://slap.red/imperium999,https://imperium999.com/RF9160A11
http://slap.red/in8,https://in8.one/RF25908A986
http://slap.red/intensity2aus,https://intensity2aus.com/RF259085293
http://slap.red/intensityaus,https://intensityaus.com
http://slap.red/ioi6,https://ioi6.com/RF211528639
http://slap.red/ipay9aud,https://ipay9aud.com
http://slap.red/irich88,https://irich88.co
http://slap.red/ispeed88au,https://ispeed88au.com/RF7902AA7
http://slap.red/israelspin,https://israelspin.com/RF815AA87
http://slap.red/iw99au,https://iw99au.com/RF2272AAAA2
http://slap.red/iwin88au,https://iwin88au.com/RF232783731
http://slap.red/jackpotau,https://jackpotau.com/RF217903652
http://slap.red/jackpotmate88,https://jackpotmate88.com/RF208071A93
http://slap.red/jaws68,https://jaws68.com/RF2A7126507
http://slap.red/jellospin,https://jellospin.com
http://slap.red/jerkspin,https://jerkspin.com/RF282091321
http://slap.red/jetpokies,https://jetpokies.com/RF9511023
http://slap.red/jewelpalace88,https://jewelpalace88.com/RF23635652A
http://slap.red/joker33,https://joker33.club
http://slap.red/jokers11,https://jokers11.com/RF2366165A2
http://slap.red/jombet77,https://jombet77.com/RF1862361
http://slap.red/joofred,https://joofred.com/RF21A671A93
http://slap.red/joospin,https://joospin.com/RF210235A2A
http://slap.red/joypokies,https://joypokies.com/RF29370A3A2
http://slap.red/justpokies9,https://justpokies9.com/RF220728363
http://slap.red/justwin9,https://justwin9.com/RF288716636
http://slap.red/jw8au,https://jw8au.com/RF1855289A7
http://slap.red/jwins9aus,https://jwins9aus.com
http://slap.red/k18win,https://k18win.com/K18AU213A97556
http://slap.red/kaboom77,https://kaboom77.com
http://slap.red/kangaroo88,https://kangaroo88.com
http://slap.red/kangaroobet,https://kangaroobet.co/RF22A682887
http://slap.red/kangaroobet88,https://kangaroobet88.com
http://slap.red/kangaspin,https://kangaspin.com
http://slap.red/kelspin,https://kelspin.com/RF26A556326
http://slap.red/keno99,https://keno99.com/RF2886256A9
http://slap.red/ketawin,https://ketawin.com/RF220007A5A
http://slap.red/kimberly333,NO_MATCH_FOUND
http://slap.red/king88pokies,https://king88pokies.com/RF198895113
http://slap.red/kingaceau,NO_MATCH_FOUND
http://slap.red/kingbet9,https://kingbet9aus.com
http://slap.red/kingdom9aus,https://kingdom9aus.com/REF253009209
http://slap.red/kingpay77au,https://kingpay77au.com/RF288717525
http://slap.red/kingsman369,https://kingsman369.co/RF2039A7837
http://slap.red/kingtech88,https://kingtech88.com
http://slap.red/kiss918au,https://kiss918au.com/RF2A2A89502
http://slap.red/kisspokies,https://kisspokies.com/RF28969650A
http://slap.red/koala668,https://koala668.co/RF2960A520A
http://slap.red/koala88,https://koala88.co
http://slap.red/koalabear33,https://koalabear33.com/RF53A023A
http://slap.red/kuromiau,https://kuromiau.com/RF207873312
http://slap.red/labubuu7,https://labubuu77.co/RF2AA3237A9
http://slap.red/labuspin,https://labuspin.com/RF8155A63
http://slap.red/labuwin,https://labuwin.com/RF8696150
http://slap.red/lckys88,https://lckys88.com/RF236322808
http://slap.red/le88win,https://le88win.com
http://slap.red/legit99,https://legit99.com
http://slap.red/lego66,https://lego66.co
http://slap.red/lion88,https://lion88.website/RF2A2A85A27
http://slap.red/liond18,https://liond18.com/RF230711167
http://slap.red/lisboa7,https://lisboa7.com
http://slap.red/list,NO_MATCH_FOUND
http://slap.red/live11,https://live11.vip
http://slap.red/live77bet,https://live77bet.com
http://slap.red/lovepokies,https://lovepokies.com/RF28687698A
http://slap.red/lsdbaby,https://lsdbaby.co/RF2309A2081
http://slap.red/luck77au,https://luck77au.com/RF25A823102
http://slap.red/luckwin33,NO_MATCH_FOUND
http://slap.red/lucky7,https://lucky7aud.com/RF2A309A0A3
http://slap.red/lucky7au,https://lucky7au.com
http://slap.red/lucky7aud,https://lucky7aud.com/RF2A309A0A3
http://slap.red/lucky96aus,https://lucky96aus.com/RF2A6071871
http://slap.red/luckyangels,https://luckyangels.co/RF22268A13A
http://slap.red/luckyaud88,https://luckyaud88.com
http://slap.red/luckyaus,https://luckyaus.com/RF288365035
http://slap.red/luckykoala8,https://luckykoala8.com/RF2A9506861
http://slap.red/luckymate88,https://luckymate88.com/RF255388556
http://slap.red/luk77,https://luk77.com
http://slap.red/luxe66,https://luxe66.com
http://slap.red/luxeau777,https://luxeau777.com/RF296379191
http://slap.red/lv52aud,https://lv52aud.com
http://slap.red/lvbet33,https://lvbet33.com/RF29150623A
http://slap.red/lwin9,https://lwin9.com/RF196753052
http://slap.red/m1spin,https://m1spin.com/RF295718095
http://slap.red/m88oz,https://m88oz.com/RF7161A27
http://slap.red/m88win,https://m88win.vip
http://slap.red/macluck9aus,https://macluck9aus.net/RF19A790328
http://slap.red/magibet8aus,NO_MATCH_FOUND
http://slap.red/magicspin77aus,https://magicspin77aus.com
http://slap.red/mariog,NO_MATCH_FOUND
http://slap.red/mariowing,NO_MATCH_FOUND
http://slap.red/marvelaus1,https://marvelaus1.com/RF225875785
http://slap.red/masonspin,https://masonspin.com/RF2872539A1
http://slap.red/mate96,https://mate96.com/RF231A37791
http://slap.red/maxcunt,https://maxcunt.com/RF28997A215
http://slap.red/maxim88au,https://maxim88au.com
http://slap.red/maxmeth,https://maxmeth.com/RF290258216
http://slap.red/maxspin7,https://maxspin7.com/RF18196A79A
http://slap.red/mb9,https://mb9.club
http://slap.red/me99aud,https://me99aud.com/RF185513325
http://slap.red/medusa9,https://medusa9.com/RF237110632
http://slap.red/mee88aus,https://mee88aus.com
http://slap.red/megabet26,https://megabet26.com/RF20A771123
http://slap.red/megawin88au,https://megawin88au.com/RF7287709
http://slap.red/melspin,https://melspin.com/RF201530825
http://slap.red/meth688,https://meth688.com/RF11735077
http://slap.red/methbaby,https://methbaby.co/RF28720062A
http://slap.red/methbet,https://methbet.com/RF291510869
http://slap.red/methking,https://methking.com/RF232535301
http://slap.red/methmeth,https://methmeth.com/RF272366A28
http://slap.red/methspin,https://methspin.com/RF21970885A
http://slap.red/methwin,https://methwin.com/RF23912A52A
http://slap.red/miawin,https://miawin.com/RF2A66A2523
http://slap.red/micky13,https://micky13.net/RF117A3565
http://slap.red/millionaireaud,https://millionaireaud.com
http://slap.red/minionspin,https://minionspin.pro/RFA673609
http://slap.red/minorspin,https://minorspin.com/RF21A732112
http://slap.red/mix9au,https://mix9au.com
http://slap.red/mkaus,https://mkaus.co/RF2158895
http://slap.red/mmd9,https://mmd9.net/RF2076583AA
http://slap.red/mnp88,https://mnp88.pro/MNP982A193
http://slap.red/monash96,https://monash96.com/RF217903913
http://slap.red/monica999,https://monica999.co
http://slap.red/mpay9,NO_MATCH_FOUND
http://slap.red/mrbean9,https://mrbean9.com/RF25859088A
http://slap.red/mrbet9au,https://mrbet9au.info/RF18557A569
http://slap.red/mrbk8,https://mrbk8.co/RF237921711
http://slap.red/mrgreen8,https://mrgreen8.com/RF9365283
http://slap.red/mrlucky9,https://mrlucky9.com/RF2AA732397
http://slap.red/mrpay9,https://mrpay9.com/RF27568A2A9
http://slap.red/mrpoint,https://mrpoint.co/RF288A7652A
http://slap.red/mrpokies77,https://mrpokies77.com/RF258833133
http://slap.red/mrpokies9,https://mrpokies9.com/RF220238793
http://slap.red/mrspin9au,https://mrspin9au.com/RF21863A08A
http://slap.red/mrvictor9,https://mrvictor9.com/RF237795279
http://slap.red/mrwin5,https://mrwin5.com/RF25A362A15
http://slap.red/mrwin68,https://mrwin68.com/RF12A21369
http://slap.red/mrwin77au,https://mrwin77au.com/RF2A5AA2539
http://slap.red/mrwin9au,https://mrwin9au.com/RF18566A790
http://slap.red/muckerspin,https://muckerspin.com/RF28807A8A5
http://slap.red/mwaus,https://mwaus.co
http://slap.red/n1spin,https://n1spin.com/RF22173A675
http://slap.red/n1win,https://n1win.net/RF296355732
http://slap.red/nava7,NO_MATCH_FOUND
http://slap.red/nbapay,https://nbapay.com/RF215938526
http://slap.red/neiro55,https://neiro55.com
http://slap.red/neogeo99,https://neogeo99.com/RF5836973
http://slap.red/neolux,https://neolux.vip/RF260A30962
http://slap.red/neospin66,https://neospin66.com
http://slap.red/nextpokies,https://nextpokies.com/RF2A9A9A587
http://slap.red/nextwin77,https://nextwin77.com/RF228377769
http://slap.red/nexus96,https://nexus96.com/RF211956832
http://slap.red/nezha22,https://nezha22.com/RF295033150
http://slap.red/nicemeth,https://nicemeth.com/RF2371015A9
http://slap.red/nightclubaus,https://nightclubaus.com
http://slap.red/ninjabet88,https://ninjabet88.vip
http://slap.red/novaluck,https://novaluck.org/RF23AA2AA67
http://slap.red/nugget77,https://nugget77.com
http://slap.red/ocean96,https://ocean96.com
http://slap.red/oci8aus,NO_MATCH_FOUND
http://slap.red/ocl8aus,https://ocl8aus.com/RF2A5552228
http://slap.red/ohyes66,https://ohyes66.com
http://slap.red/oimate,https://oimate.co/RF292521815
http://slap.red/okwin33,https://okwin33.com/RF231010192
http://slap.red/on88aud,https://on88aud.io
http://slap.red/on9au,https://on9au.com
http://slap.red/on9bet,NO_MATCH_FOUND
http://slap.red/one2betaus,NO_MATCH_FOUND
http://slap.red/onewin9,https://onewin9.com/OW92270287A2
http://slap.red/onlymeth,https://onlymeth.com
http://slap.red/onya88,https://onya88.com/RF2A62A8875
http://slap.red/onyxaud,https://onyxaud.com/RF212697615
http://slap.red/opera777,https://opera777.co/RF206809082
http://slap.red/outback444,https://outback444.com/RF26A557833
http://slap.red/ozlotto88,https://ozlotto88.com/RF5012122
http://slap.red/ozplay,https://ozplay.net
http://slap.red/ozreel88,https://ozreel88.com/RF236A65A76
http://slap.red/ozwin77,https://ozwin77.com/RF215288A06
http://slap.red/panda95au,https://panda95au.com/RF20811A767
http://slap.red/paramax9,https://paramax9.com/RF19AA67A50
http://slap.red/payau99,https://payau99.com/RF230786130
http://slap.red/payday247,https://payday247.net/RF2A5A5A582
http://slap.red/pday99au,https://pday99au.com/RF6998588
http://slap.red/peakyblinders777,https://peakyblinders777.com/RF25857A217
http://slap.red/penguin88,https://penguin88.club/RF213A37995
http://slap.red/penguinwin,https://penguinwin.com/RF291128071
http://slap.red/petercasino,https://petercasino.com/RF209199A07
http://slap.red/pg9aus,https://pg9aus.com/RF629A786
http://slap.red/pksguru,https://pksguru.co/RF2A76A1A90
http://slap.red/plants,https://plants9.com/RF2A6116529
http://slap.red/plants9,https://plants9.com/RF2A6116529
http://slap.red/play369,https://play369.co
http://slap.red/play77au,https://play77au.com/RF7523086
http://slap.red/play88aud,https://play88aud.com
http://slap.red/play99au,https://play99au.com
http://slap.red/playaud,NO_MATCH_FOUND
http://slap.red/playhorse,https://playhorse.me/RF251281235
http://slap.red/playmeth,https://playmeth.com/RF228681250
http://slap.red/pocketaces,https://pocketaces.vip/RF5988038
http://slap.red/pokie-stars,NO_MATCH_FOUND
http://slap.red/pokies007,https://pokies007.com
http://slap.red/pokies2u,https://pokies2u.com
http://slap.red/pokies33au,https://pokies33au.com/RF1933A0265
http://slap.red/pokies4bet,https://pokies4bet.com/RF215567033
http://slap.red/pokies4u,https://pokies4u.co/RF222375015
http://slap.red/pokies69,https://pokies69.vip
http://slap.red/pokies7bet,https://pokies7bet.com/RF225155318
http://slap.red/pokies88,https://hotpokies88.com/RF291115095
http://slap.red/pokies92,https://pokies92.vip
http://slap.red/pokiesgg,https://pokiesgg.vip
http://slap.red/pokieslab9,https://pokieslab9.com/RF2311A7A79
http://slap.red/pokiesman,https://pokiesman.co
http://slap.red/pokiesojo,https://pokiesojo.com/RF217566511
http://slap.red/pokiesokay,https://pokiesokay.com/RF19606951A3
http://slap.red/pokiestt,https://pokiestt.com/RF187A020A3
http://slap.red/pokiesww,https://pokiesww.org/RF186701705
http://slap.red/pop96,https://pop96.com/RF2601A0605
http://slap.red/popmolly,https://popmolly.co/RF230278052
http://slap.red/potstrike,https://potstrike.com/RF277602650
http://slap.red/pp99au,https://pp99au.com/RF202A657
http://slap.red/pp9au,https://pp9au.com/RF23766915A
http://slap.red/prime96,https://prime96.com/RF25755731A
http://slap.red/prixstake,https://prixstake.com/RF223559A59
http://slap.red/pureluck9,https://pureluck9.com
http://slap.red/pyidau,https://pyidau.co/RF8719303
http://slap.red/q7pokies,https://q7pokies.com
http://slap.red/qbet21au,https://qbet21au.com/RF221582071
http://slap.red/queen13au,https://queen13au.com/RF8395697
http://slap.red/queen88aus,NO_MATCH_FOUND
http://slap.red/queenau,https://queenau.com/RF22612A288
http://slap.red/r35au,https://r35au.co/RF2060520AA
http://slap.red/r8aud,https://r8aud.com
http://slap.red/raabet9,https://raabet9.com/RF20511605A
http://slap.red/race96,https://race96.com/RF2075880A8
http://slap.red/rapidez77aud,NO_MATCH_FOUND
http://slap.red/reborn7,https://reborn7.com/RF25268282A
http://slap.red/rec99au,https://rec99au.com
http://slap.red/redspin88,https://redspin88.com/RS2AA2620
http://slap.red/reef33,https://reef33.vip/RF21889A110
http://slap.red/retro33,https://retro33.com/RF211270692
http://slap.red/rexclubau,https://rexclubau.com
http://slap.red/rich88aus,NO_MATCH_FOUND
http://slap.red/richboy,https://richboy.co
http://slap.red/richclub9,https://richclub9.com/RF20A518035
http://slap.red/richdaddy9,NO_MATCH_FOUND
http://slap.red/riches88,https://riches88.live/RF232097587
http://slap.red/richman11,https://richman11.co/RF236627265
http://slap.red/richman96,https://richman96.com
http://slap.red/richpapa,https://richpapa8.vip
http://slap.red/richpokies,https://richpokies.com/RF260385952
http://slap.red/richspinau,https://richspinau.com/RF282115752
http://slap.red/ring88,NO_MATCH_FOUND
http://slap.red/rippaspin,https://rippaspin.com/RF283609660
http://slap.red/rizspin,https://rizspin.com/RF2038976A0
http://slap.red/robot66au,NO_MATCH_FOUND
http://slap.red/rockgold3,https://rockgold33.com/RF2375A9730
http://slap.red/rolex66,https://rolex66.vip/RF18196A006
http://slap.red/rolex9,https://rolex9.net/RF21357970A
http://slap.red/rookash,https://rookash.com
http://slap.red/roopokies,https://roopokies.com
http://slap.red/roospin,https://roospin.com
http://slap.red/rose21,https://rose21.app/RF293A2A381
http://slap.red/royal4bet,https://royal4bet.co/RF23632A816
http://slap.red/royalaud,https://royalaud.com
http://slap.red/royale88,https://royale88.club/RF2396635
http://slap.red/royalegau,NO_MATCH_FOUND
http://slap.red/rtd33,https://rtd33.com/RF287106018
http://slap.red/rtpvictory88,https://rtpvictory88.com/RF285385288
http://slap.red/rubyaud,https://rubyaud.com/RF237539628
http://slap.red/s99au,https://s99au.com/RF20109A2
http://slap.red/sa3win,https://sa3win.com/RF205AA7822
http://slap.red/safeau,https://safeau.net
http://slap.red/sapphireaud,https://sapphireaud.com/RF21707185A
http://slap.red/scatter9,https://scatter9.com/RF219137895
http://slap.red/scr111,https://scr111.com
http://slap.red/scr55,https://scr55.com
http://slap.red/scr66,https://scr66.net
http://slap.red/sega99aud,https://sega99aud.com/RF5610883
http://slap.red/sentosaluxau,https://sentosaluxau.com
http://slap.red/sgdclub88,NO_MATCH_FOUND
http://slap.red/simsspin,https://simsspin.com/RF2A798233A
http://slap.red/sixty9,https://sixty9.co/RF28A251609
http://slap.red/sking668,https://sking668.co/RF29177750A
http://slap.red/sky88au,https://sky88au.com
http://slap.red/skygate9au,https://skygate9au.com/RF209188A63
http://slap.red/skyspin96,https://skyspin96.co/RF92A3A79
http://slap.red/skywin88au,https://skywin88au.com
http://slap.red/slotfred,https://slotfred.com/RF2A9A867A7
http://slap.red/slotmate88,https://slotmate88.com/RF206305960
http://slap.red/slotmeth,https://slotmeth.com/RF237532A95
http://slap.red/slutaus,https://slutaus.com/RF296351AA7
http://slap.red/sm8aud,https://sm8aud.com
http://slap.red/southern9,https://southern9.com/RF8039739
http://slap.red/sp77aud,https://sp77aud.co/RF1975823A3
http://slap.red/space9au,https://space9au.com
http://slap.red/spaceman369,https://spaceman369.com/RF211706653
http://slap.red/spacepokies,https://spacepokies.com/RF9122758
http://slap.red/spacex98,NO_MATCH_FOUND
http://slap.red/spadeau,https://spadeau.com/RF2558711A2
http://slap.red/spades11,https://spades11.co/RF5990067
http://slap.red/spbo11,https://spbo11.vip
http://slap.red/speedau,https://speedau.live
http://slap.red/speedaud,https://speedaud.com/RF2A2A71975
http://slap.red/speedb2u,https://speedb2u.com/RF253032373
http://slap.red/speedevo55,https://speedevo55.com
http://slap.red/speedwin99,https://speedwin99.com/RF21AA77612
http://slap.red/speedwinz,https://speedwinz.com/RF290259299
http://slap.red/spin126,https://spin126.com
http://slap.red/spin420,https://spin420.com/RF215279202
http://slap.red/spin96,https://spin96.com
http://slap.red/spinbaby,https://spinbaby.co/RF26361510A
http://slap.red/spinbizzo,https://spinbizzo.com/RF222380782
http://slap.red/spincash88,https://spincash88.cash/RF22723A170
http://slap.red/spincrown33,https://spincrown33.com/RF2258A5695
http://slap.red/spinday996a,https://spinday996a.com/RF208071768
http://slap.red/spindeluxe777,https://spindeluxe777.com/RF223981076
http://slap.red/spinfortune777,https://spinfortune777.com/RF2286A3600
http://slap.red/spinfred,https://spinfred.com/RF20A76A830
http://slap.red/spinkash,https://spinkash.com/RF21A965120
http://slap.red/spinking,https://spinking.co/RF2258A2793
http://slap.red/spinmate88,https://spinmate88.com/RF207A7529A
http://slap.red/spinmaxis,https://spinmaxis.com/RF260375073
http://slap.red/spinmeth,https://spinmeth.com/RF2658268A1
http://slap.red/spinsage,https://spinsage33.com/RF209058773
http://slap.red/spintesla,https://spintesla.com/RF2A9558161
http://slap.red/spintoro,https://spintoro.com/RF2500A7987
http://slap.red/spinup77,https://spinup77.com
http://slap.red/spinvegas9,https://spinvegas9.com/RF2325A96AA
http://slap.red/spinwoo,https://spinwoo.com/RF222606639
http://slap.red/spinx,https://spinxoxo.com/RF22A823282
http://slap.red/spinzzau,NO_MATCH_FOUND
http://slap.red/ssss,https://ssss.vip/RF89A0152
http://slap.red/ssv96,https://ssv96.com
http://slap.red/star9aus,https://star9aus.com/RF2A7127079
http://slap.red/starcity777,https://starcity777.vip/RF22A33A2
http://slap.red/starspin996,https://starspin996.com
http://slap.red/strawberry96,https://strawberry96.com
http://slap.red/strayawin,NO_MATCH_FOUND
http://slap.red/suboss,NO_MATCH_FOUND
http://slap.red/summeraux2,https://summeraux2.com/RF2A0397608
http://slap.red/super96au,https://super96au.com/RF20A751A51
http://slap.red/super996,https://super996.com
http://slap.red/superwin,https://superwin.one/RF255276A26
http://slap.red/supreme777,https://supreme777.com/RF2A1191231
http://slap.red/sure6,https://sure66.com/FORTUNE2378379A3
http://slap.red/surwng,NO_MATCH_FOUND
http://slap.red/sydspin,https://sydspin.com
http://slap.red/sydspin99,https://sydspin99.com/RF23856A709
http://slap.red/tab968,https://tab968.com/RF629A310
http://slap.red/tab99au,https://tab99au.com/RF2A2A88192
http://slap.red/tab9au,https://tab9au.com
http://slap.red/tc1998us,NO_MATCH_FOUND
http://slap.red/theoneau,https://theoneau.com/RF2A399AA59
http://slap.red/thepokies33,https://thepokies33.com/RF220921753
http://slap.red/thepokies96,https://thepokies96.com/RF181959250
http://slap.red/thestar,https://thestar.asia/RF22A160967
http://slap.red/thestar99,https://thestar99.com
http://slap.red/tiger88,https://tiger88.games/RF2207299A3
http://slap.red/tlcwin,https://tlcwin.com/RF18A0A1691
http://slap.red/tmzbet,https://tmzbet.com
http://slap.red/tnt99au,https://tnt99au.com/RF7169572
http://slap.red/tony99aus,https://tony99aus.com/RF22788A656
http://slap.red/top1cas,https://top1cas.com/RF225875868
http://slap.red/top1pokies,https://top1pokies.co/RF2276A3092
http://slap.red/topaz33,https://topaz33.com/RF221603076
http://slap.red/topbet9aud,NO_MATCH_FOUND
http://slap.red/topcash7,https://topcash7.com/RF252512135
http://slap.red/topspin,https://topspin.one
http://slap.red/township64,https://township64.com/RF260878652
http://slap.red/toystory9au,https://toystory9au.com/RF236A36551
http://slap.red/tpgam,NO_MATCH_FOUND
http://slap.red/traviswin,https://traviswin.com/RF287806630
http://slap.red/treasure4u,https://treasure4u.co/RF2A9507A78
http://slap.red/truewin77,https://truewin77.com/RF2A093AA10
http://slap.red/trust88au,https://trust88au.com/RF2AA2A7956
http://slap.red/trustaus,https://trustaus.co
http://slap.red/tt99au,https://tt99au.com/RF285A6A869
http://slap.red/twospin,https://twospin.com/RF2905A0880
http://slap.red/u2win,https://u2win.online/RFA2907A0
http://slap.red/u99au,https://u99au.com/RF22602A320
http://slap.red/uap66,https://uap66.com/RF289699260
http://slap.red/ubet66aus,https://ubet66aus.com/RF201975310
http://slap.red/ubet96,https://ubet96.com
http://slap.red/ubibet,https://ubibet.co/RF2592899A2
http://slap.red/ufc66,https://ufc66.com/RF25A150991
http://slap.red/ufc9au,https://ufc9au.com/RF18797A175
http://slap.red/ufo9,https://ufo9.asia/RF180897655
http://slap.red/ufokingau,https://ufokingau.com
http://slap.red/umi999,https://umi999.com
http://slap.red/unitedau,https://unitedau.com/RF210068330
http://slap.red/uspd7,https://uspd7.co/RF2A601A650
http://slap.red/uspeed,https://uspeed.co/RF2A601A650
http://slap.red/uuspin,https://uuspin.com/UU2583563
http://slap.red/uwin33au,https://uwin33au.com/RF21A982019
http://slap.red/v12betau,https://v12betau.net
http://slap.red/v6aus,https://v6aus.com
http://slap.red/v76au,https://v76au.com/RF980A051
http://slap.red/v8au,https://v8au.com/RF71A6925
http://slap.red/vbet44,https://vbet44.com/RF229607320
http://slap.red/vegas99,https://vegas99.co
http://slap.red/vegas99au,NO_MATCH_FOUND
http://slap.red/vegas9bet,https://vegas9bet.com/VEGAS9BET2613325A2
http://slap.red/vegasau,https://vegasau.net/RF28A127296
http://slap.red/venus55,https://venus55.com/RF181966600
http://slap.red/vgs33aus,https://vgs33aus.com/RF2A3A91A63
http://slap.red/vicbet777,https://vicbet777.com
http://slap.red/vip77,https://vip77.club
http://slap.red/vip99,https://vip99.com
http://slap.red/vpowerB,NO_MATCH_FOUND
http://slap.red/vspin365,https://vspin365.com
http://slap.red/vv88aud,https://vv88aud.io/RF207529A2
http://slap.red/vv8aud,NO_MATCH_FOUND
http://slap.red/vv96,NO_MATCH_FOUND
http://slap.red/vvip15au,https://vvip15au.com
http://slap.red/vvipaud,https://vvipaud.co/RF2263759A9
http://slap.red/vwin9aus,NO_MATCH_FOUND
http://slap.red/w33aus,https://w33aus.com
http://slap.red/w99au,https://w99au.com
http://slap.red/wabet77,https://wabet77.com
http://slap.red/waboom77,https://waboom77.com
http://slap.red/we1winau,https://we1winau.com/RF117A3982:
http://slap.red/we966,https://we966.com/RF11128331
http://slap.red/webet29,https://webet29.com/RF28712A157
http://slap.red/weplay88,https://weplay88.com/RF187360327
http://slap.red/weplay9aus,https://weplay9aus.com/RF2193A228A
http://slap.red/weslot88,https://weslot88.org/RF21AA78036
http://slap.red/wildngo,https://wildngo.net/RF2A2590531
http://slap.red/wildpokies1,https://wildpokies1.com/RF187A17822
http://slap.red/wildspin24,https://wildspin24.com/RF258593A79
http://slap.red/win19au,https://win19au.com/RF28858AA70
http://slap.red/win29,https://win29.club
http://slap.red/win99aud,https://win99aud.com/RF20725927A
http://slap.red/winbet96,https://winbet96.com
http://slap.red/wincity,https://wincity.online
http://slap.red/wincrown7,https://wincrown7.com/RF2308A5588
http://slap.red/wing96aus,https://wing96aus.com/RF223356337
http://slap.red/winmateBa,NO_MATCH_FOUND
http://slap.red/winnie13,https://winnie13.net/RF12355057
http://slap.red/winsavage,https://winsavage.com/RF260126511
http://slap.red/winshift77,https://winshift77.com/RF215277055
http://slap.red/winworld99,https://winworld99.com
http://slap.red/winx96,https://winx96.com
http://slap.red/witchspin,https://witchspin.com/RF283607618
http://slap.red/woah99,https://woah99.com/TW1923523A3
http://slap.red/wombats88,https://wombats88.com
http://slap.red/won777au,https://won777au.com/RF255660828
http://slap.red/won96,https://won96.com/LuckyNum216386A17
http://slap.red/woocunt,https://woocunt.com/RF292550152
http://slap.red/woohoo9,https://woohoo9.com/RF19A673930
http://slap.red/world99aud,https://world99aud.com/RF228313A78
http://slap.red/wowbet9,https://wowbet9.net
http://slap.red/x4betau,https://x4betau.net/RF188090030
http://slap.red/xbox98,https://xbox98.com/RF25928538A
http://slap.red/xturn33aus,https://xturn33aus.com
http://slap.red/yayawin,https://yayawin.com/YAYA2152765
http://slap.red/yes77au,https://yes77au.com/RF200273832
http://slap.red/yesspin777,NO_MATCH_FOUND
http://slap.red/yokuspin,https://yokuspin.com/RF2AA823007
http://slap.red/yomate88,https://yomate88.com/RF29A0A9339
http://slap.red/zebra88,https://zebra88.club/RF2585666A8
http://slap.red/zeroaud,https://zeroaud.com/RF255029A28
http://slap.red/zeus11,https://zeus11.co/RF2A6A17805
http://slap.red/zircon33,https://zircon33.com/RF22160287A
http://slap.red/zombies9,https://zombies9.com/RF2A6116311
