https://jaws68.com,JAWS68™ The Ultimate Sports & Pokies in Australia,0,COMMISSION,COMMISSION,,0.25,,1000,,,,,,,,,,,17.96123891,1,
https://ufo9.asia,UFO9,0,Weekly VIP Rebate,REBATE,,0.32,,1000,,,,,,,,,,,24.56746955,1,
https://skygate9au.com,SkyGate9,0,COMMISSION,COMMISSION,,5.6,,999,,,,,,,,,,,115.992639,1,
https://skygate9au.com,SkyGate9,0,COMMISSION,COMMISSION,,2.8,,999,,,,,,,,,,,111.2138394,0,
https://g9aus.com,Gwin9,0,Rollover Rebate,REBATE,,0.12,,999,,,,,,,,,,,7.107913914,1,
https://gwin9au.com,Gwin9,0,Rollover Rebate,REBATE,,0.12,,999,,,,,,,,,,,7.107913914,0,
https://panda95au.com,Panda95 AU,104326,Weekly Commission,,5,5,0,899,25,,"{""customBonus"":""commissionweek"",""creditLessThan"":0.1,""displayDescriptionOnly"":""1"",""startDate"":""2025-11-04""}",CUSTOM,5,,WEEKLY,,,,0.9016702554,1,
https://jackpotmate88.com,JackpotMate88,444600,Weekly Commission,,0.75,0.75,0,888,1.5,,"{""customBonus"":""commissionweek"",""startDate"":""2025-04-24"",""displayDescriptionOnly"":""1"",""displayAngpaoText"":""0""}",CUSTOM,5,,WEEKLY,,,,57.56267919,1,
https://onyxaud.com,OnyxAUD,0,COMMISSION,COMMISSION,,0.4,,888,,,,,,,,,,,32.07274302,1,
https://onyxaud.com,OnyxAUD,0,COMMISSION,COMMISSION,,0.4,,888,,,,,,,,,,,32.07274302,0,
https://crown777au.com,Crown777,756701,PLINKO REWARD,,0.5,0.5,1.5,777,0,,"{""customBonus"":""manual"",""creditLessThan"":0.1,""displayAngpaoText"":""0"",""walletId"":1,""changeGameId"":1}",CUSTOM,0,,,,,,25.18057287,1,
https://ipay9aud.com,iPAY9,0,COMMISSION,COMMISSION,,2.5,,599,,,,,,,,,,,102.3303976,1,
https://aud99.com,Aud99,0,Daily Bet Rebate,REBATE,,0.13,,599,,,,,,,,,,,7.280502246,1,
https://mkaus.co,MK Gaming,0,COMMISSION,COMMISSION,,2.5,,577,,,,,,,,,,,101.7328246,1,
https://gofun33.com,GoFun333,0,Weekly Rebate,REBATE,,5.33,,500,,,,,,,,,,,104.0617136,1,
https://skygate9au.com,SkyGate9,0,Rollover Rebate,REBATE,,0.11,,500,,,,,,,,,,,5.733076203,1,
https://skygate9au.com,SkyGate9,0,Rollover Rebate,REBATE,,0.11,,500,,,,,,,,,,,5.733076203,0,
https://skygate9au.com,SkyGate9,0,Rollover Rebate,REBATE,,0.14,,500,,,,,,,,,,,7.767883646,0,
https://mee88aus.com,MEE88 AUS,0,DAILY ROLLOVER REBATE,REBATE,,0.1,,388,,,,,,,,,,,4.878227648,1,
https://ijoker88au.com,IJOKER88,212141,<b>FREE SHARE EVENT<b>,,1,1,0,288,0,,"{""customBonus"":""sharebonus"",""creditLessThan"":1,""startDate"":""2024-09-10"",""displayDescriptionOnly"":""1"",""mobileAppOnly"":""0"",""changeGameId"":1,""walletId"":1}",CUSTOM,0,,,,,,86.67105251,1,
https://vip777au.com,VIP777AU,198718,<b>VIP BONUS </b>,,2,2,200,200,0,,"{""customBonus"":""manual"",""displayAngpaoText"":""0"",""displayDescriptionOnly"":""1"",""creditLessThan"":0,""fixRT"":1}",CUSTOM,0,,DAILY,,,,0.2650351572,1,
https://crown69.co,CROWN69,846347,BONUS VAULT,,500,500,1.2,100,0,,"{""displayDescriptionOnly"":""1"",""creditLessThan"":0.01,""walletId"":1,""changeGameId"":1,""displayAngpaoText"":""1""}",FREE,0,,HOURLY,,,,102.5342959,0,
https://epicpokies.com,EPICPOKIES,466842,<b>DOWNLOAD APPS FREE $50<b>,,50,50,10000,100,0,,"{""registerDate"":""2022-01-22"",""creditLessThan"":1,""displayDescriptionOnly"":""1"",""mobileAppOnly"":""1"",""walletId"":1,""changeGameId"":1}",FREE,0,,DAILY,,,,0.1187586663,1,
https://aud365.co,AUDBET365,776605,<b>App Free $188</b> #C,,188,188,238,100,0,,"{""creditLessThan"":0.1,""displayDescriptionOnly"":""1"",""registerDate"":""2023-04-05"",""walletId"":1,""changeGameId"":1,""displayAngpaoText"":""1"",""mobileAppOnly"":""1""}",FREE,0,,,,,,72.15791076,1,
https://epicpokies.com,EPICPOKIES,156193,<b>FREE 365 BONUS<b>,,12,12,2400,90,0,,"{""creditLessThan"":1,""displayDescriptionOnly"":""1"",""displayAngpaoText"":""1"",""changeGameId"":1,""walletId"":1}",FREE,0,,DAILY,,,,0.1058029438,1,
https://auslot7.com,BngWin7,446361,<b>FREE 365 BONUS<b>,,12,12,2400,90,0,,"{""creditLessThan"":1,""displayDescriptionOnly"":""1"",""displayAngpaoText"":""1"",""changeGameId"":1,""walletId"":1}",FREE,0,,DAILY,,,,0.1058029438,0,
https://epicpokies.com,EPICPOKIES,761421,<b> DAILY SOCIAL FREE<b>,,10,10,1000,80,0,,"{""displayAngpaoText"":""1"",""displayDescriptionOnly"":""1"",""creditLessThan"":0.1,""registerDate"":""2024-01-01"",""mobileAppOnly"":""0"",""mustJoinTelegramChannel"":""epicpokiesofficial"",""walletId"":1,""changeGameId"":1}",FREE,0,,DAILY,,,,0.2422401038,1,
https://safeau.net,SafeAu,826325,<b>Telegram Free Premium</b>,,66,66,3000,66,0,,"{""walletId"":1,""changeGameId"":1,""displayAngpaoText"":""0"",""displayDescriptionOnly"":""1"",""creditLessThan"":0.1,""registerDate"":""2022-01-01"",""mustJoinTelegramChannel"":""SafeAuChannel""}",FREE,0,,,,,,0.701678519,1,
https://crown69.co,CROWN69,846346,BONUS VAULT,,250,250,1.2,50,0,,"{""displayDescriptionOnly"":""1"",""creditLessThan"":0.01,""walletId"":1,""changeGameId"":1,""displayAngpaoText"":""1""}",FREE,0,,HOURLY,,,,83.94819348,1,
https://pp99au.com,PP99,16504,PP99 REBATE BALANCE REDEMPTION,,5,5,288.88,50,0,,"{""customBonus"":""manual"",""maxWithdrawTimeAmount"":1,""fixRT"":1,""displayDescriptionOnly"":""1"",""showIfAmount"":1}",CUSTOM,0,,,,,,0.411531754,1,
https://betus10.co,BETUS10,218243,<b>Referred Free</b>,,6,6,300,50,0,,"{""customBonus"":""sharebonus"",""creditLessThan"":1,""startDate"":""2023-10-25"",""displayDescriptionOnly"":""1"",""displayAngpaoText"":""1"",""changeGameId"":1,""walletId"":1}",CUSTOM,0,,,,,,0.4987444534,1,
https://tab9au.com,TAB9AU,7843,<b>New Register Free #C</b>,,399,399,400,50,0,,"{""startDate"":""2023-05-04"",""creditLessThan"":0.1,""displayDescriptionOnly"":""1"",""walletId"":1,""changeGameId"":1,""withdrawLessThan"":1}",FREE,0,,DAILY,,,,85.97480653,1,
https://jw8au.com,JW8AU,720042,<b>App Bonus</b>,,88,88,3888,38,0,,"{""creditLessThan"":0.1,""displayDescriptionOnly"":""1"",""registerDate"":""2023-01-01"",""walletId"":1,""changeGameId"":1,""displayAngpaoText"":""1"",""mobileAppOnly"":""1""}",FREE,0,,,,,,0.6449116816,1,
https://9pokies.com,9POKIES,845285,<b>BONZA SCRATCHIE FREE</b>,,31,31,310,31,0,,"{""displayDescriptionOnly"":""1"",""displayAngpaoText"":""1"",""creditLessThan"":""1""}",FREE,0,,,,,,3.658114659,1,
https://auwin9.com,AUWIN9,846684,<b>BONZA SCRATCHIE FREE</b>,,31,31,310,31,0,,"{""displayDescriptionOnly"":""1"",""displayAngpaoText"":""1"",""creditLessThan"":""1""}",FREE,0,,,,,,3.658114659,0,
https://dns33.com,DNS33,126431,DOWNLINE GAIN & WITHDRAW AUD 30,,8,8,240,30,0,,"{""customBonus"":""sharebonus"",""creditLessThan"":0.5,""startDate"":""2023-11-21"",""displayDescriptionOnly"":""1"",""displayAngpaoText"":""1"",""walletId"":1,""changeGameId"":1}",CUSTOM,0,,DAILY,,,,0.8402879928,1,
https://aus2u.com,Aus2u,845018,NEW MEMBER FREE $88,,88,88,880,30,0,,"{""creditLessThan"":1,""displayDescriptionOnly"":""1"",""displayAngpaoText"":""0"",""changeGameId"":1,""walletId"":1}",FREE,0,,,,,,3.872129671,1,
https://aus2u.com,Aus2u,845019,DAILY FREE $3,,3,3,30,30,0,,"{""creditLessThan"":1,""displayDescriptionOnly"":""1"",""displayAngpaoText"":""0""}",FREE,0,,DAILY,,,,3.121411043,1,
https://aus2u.com,Aus2u,845021,DAILY APP FREE $5,,5,5,50,30,0,,"{""displayDescriptionOnly"":""1"",""mobileAppOnly"":""1"",""creditLessThan"":0.1,""displayAngpaoText"":""0""}",FREE,0,,DAILY,,,,3.219527308,1,
https://ipay9aud.com,iPAY9,846275,BNG FREE 30,,30,30,450,30,0,,"{""registerDate"":""2023-10-02"",""creditLessThan"":0.1,""displayDescriptionOnly"":""1"",""displayAngpaoText"":""1"",""walletId"":1,""changeGameId"":1}",FREE,0,,,,,,2.178838004,1,
https://jk123au.com,Gday123 Australia,797058,"GDAY, FREE’S YOURS!",,7,7,350,30,0,,"{""creditLessThan"":0.5,""displayDescriptionOnly"":""1"",""displayAngpaoText"":""1"",""mobileAppOnly"":""0"",""walletId"":1,""changeGameId"":1,""offUsernames"":[""392576581"",""396299827"",""A016A2116""]}",FREE,0,,,,,,0.4399163522,1,
https://redspin88.com,RedSpin,261145,<b>New Register Free Spin 88 !!<b>,,0.1,0.1,300,30,0,,"{""freeRoundAPI"":{""site"":""BNG2"",""params"":{""campaign"":""BNG free spin"",""total_rounds"":88,""game_id"":""496"",""bonus_type"":""FIXED_FREEBET"",""total_bet"":0.2,""round_bet"":0.2}},""displayDescriptionOnly"":""1"",""creditLessThan"":""0.01"",""displayAngpaoText"":""0"",""startDate"":""2026-03-23"",""walletId"":1,""changeGameId"":1}",FREE,0,,,,,,0.002249842755,1,
https://redspin88.com,RedSpin,261147,<b>Hours Free Spin<b>,,0.1,0.1,50,30,0,,"{""freeRoundAPI"":{""site"":""BNG2"",""params"":{""campaign"":""BNG free spin"",""total_rounds"":5,""game_id"":""496"",""bonus_type"":""FIXED_FREEBET"",""total_bet"":0.2,""round_bet"":0.2}},""displayDescriptionOnly"":""1"",""creditLessThan"":""0.01"",""displayAngpaoText"":""0"",""walletId"":1,""changeGameId"":1}",FREE,0,,HOURLY,,,,0.02112716522,1,
https://redspin88.com,RedSpin,261148,<b>App Daily Free Spin<b>,,0.1,0.1,100,30,0,,"{""freeRoundAPI"":{""site"":""BNG2"",""params"":{""campaign"":""BNG free spin"",""total_rounds"":20,""game_id"":""496"",""bonus_type"":""FIXED_FREEBET"",""total_bet"":0.2,""round_bet"":0.2}},""displayDescriptionOnly"":""1"",""creditLessThan"":""0.01"",""displayAngpaoText"":""0"",""walletId"":1,""changeGameId"":1,""mobileAppOnly"":""1""}",FREE,0,,DAILY,,,,0.00888287875,1,
https://redspin88.com,RedSpin,10474,[App] Daily Free,,5,5,100,30,0,,"{""mobileAppOnly"":""1"",""creditLessThan"":""0.01"",""displayDescriptionOnly"":""1"",""changeGameId"":1,""walletId"":1}",FREE,0,,DAILY,,,,1.353644486,1,
https://intensityaus.com,Intensity,55022,Free Chips 365 Days,,1,1,100,30,0,,"{""startDate"":""2023-04-11"",""creditLessThan"":1}",FREE,0,,DAILY,,,,0.1660976427,1,
https://starspin996.com,StarSpin996,830994,<b>Starspin996 Download APP Free</b>,,10,10,800,30,0,,"{""creditLessThan"":0.1,""displayDescriptionOnly"":""1"",""registerDate"":""2021-04-05"",""displayAngpaoText"":""1"",""mobileAppOnly"":""1""}",FREE,0,,,,,,0.2501945175,1,
https://audgaming8.com,AUDGAMING,773779,<b>Subscribe Bonus II</b>,,30,30,600,30,0,,"{""displayAngpaoText"":""0"",""displayDescriptionOnly"":""1"",""creditLessThan"":0.1,""mustJoinTelegramChannel"":""igaxspeedau33"",""walletId"":1,""changeGameId"":1}",FREE,0,,,,,,1.520727925,1,
https://bondi333.com,BONDI333,839857,<b>Telegram Free </b>,,17.77,17.77,1777,30,0,,"{""displayAngpaoText"":""1"",""displayDescriptionOnly"":""1"",""creditLessThan"":0.1,""mustJoinTelegramChannel"":""allpokiehuboffcial"",""changeGameId"":1,""walletId"":1}",FREE,0,,DAILY,,,,0.1965670121,1,
https://speedaud.com,SpeedAUD,845647,NEW MEMBER FREE $88,,88,88,880,30,0,,"{""creditLessThan"":1,""displayDescriptionOnly"":""1"",""displayAngpaoText"":""0"",""changeGameId"":1,""walletId"":1}",FREE,0,,,,,,3.872129671,0,
https://speedaud.com,SpeedAUD,845649,DAILY FREE $3,,3,3,30,30,0,,"{""creditLessThan"":1,""displayDescriptionOnly"":""1"",""displayAngpaoText"":""0""}",FREE,0,,DAILY,,,,3.121411043,0,
https://speedaud.com,SpeedAUD,845650,DAILY APP FREE $5,,5,5,50,30,0,,"{""displayDescriptionOnly"":""1"",""mobileAppOnly"":""1"",""creditLessThan"":0.1,""displayAngpaoText"":""0""}",FREE,0,,DAILY,,,,3.219527308,0,
https://spincrown33.com,SpinCrown33,839858,<b>Telegram Free </b>,,17.77,17.77,1777,30,0,,"{""displayAngpaoText"":""1"",""displayDescriptionOnly"":""1"",""creditLessThan"":0.1,""mustJoinTelegramChannel"":""spincrown3officialchannel"",""changeGameId"":1,""walletId"":1}",FREE,0,,DAILY,,,,0.1965670121,0,
https://pokiesking1.com,PokiesKing,845386,NEW MEMBER FREE $88,,88,88,880,30,0,,"{""creditLessThan"":1,""displayDescriptionOnly"":""1"",""displayAngpaoText"":""0"",""changeGameId"":1,""walletId"":1}",FREE,0,,,,,,3.872129671,0,
https://pokiesking1.com,PokiesKing,845387,DAILY FREE $3,,3,3,30,30,0,,"{""creditLessThan"":1,""displayDescriptionOnly"":""1"",""displayAngpaoText"":""0""}",FREE,0,,DAILY,,,,3.121411043,0,
https://reef33.vip,Reef33,839855,<b>Telegram Free</b>,,17.77,17.77,1777,30,0,,"{""displayAngpaoText"":""1"",""displayDescriptionOnly"":""1"",""creditLessThan"":0.1,""mustJoinTelegramChannel"":""Reef33audplayergroup"",""changeGameId"":1,""walletId"":1}",FREE,0,,DAILY,,,,0.1965670121,1,
https://on88aud.io,On88aud,845644,NEW MEMBER FREE $88,,88,88,880,30,0,,"{""creditLessThan"":1,""displayDescriptionOnly"":""1"",""displayAngpaoText"":""0"",""changeGameId"":1,""walletId"":1}",FREE,0,,,,,,3.872129671,0,
https://on88aud.io,On88aud,845645,DAILY FREE $3,,3,3,30,30,0,,"{""creditLessThan"":1,""displayDescriptionOnly"":""1"",""displayAngpaoText"":""0""}",FREE,0,,DAILY,,,,3.121411043,0,
https://on88aud.io,On88aud,845646,DAILY APP FREE $5,,5,5,50,30,0,,"{""displayDescriptionOnly"":""1"",""mobileAppOnly"":""1"",""creditLessThan"":0.1,""displayAngpaoText"":""0""}",FREE,0,,DAILY,,,,3.219527308,0,
https://speedau.live,SpeedAU,741762,<b>Subscribe Bonus</b>,,30,30,200,30,0,,"{""displayAngpaoText"":""0"",""displayDescriptionOnly"":""1"",""creditLessThan"":0.1,""mustJoinTelegramChannel"":""companyspeedau"",""walletId"":1,""changeGameId"":1}",FREE,0,,,,,,6.004171509,1,
https://gday123.com,Gday123 Australia,797058,"GDAY, FREE’S YOURS!",,7,7,350,30,0,,"{""creditLessThan"":0.5,""displayDescriptionOnly"":""1"",""displayAngpaoText"":""1"",""mobileAppOnly"":""0"",""walletId"":1,""changeGameId"":1,""offUsernames"":[""392576581"",""396299827"",""A016A2116""]}",FREE,0,,,,,,0.4399163522,0,
https://sp77aud.co,SP77AUD,773328,<b>Social Free IIII⭐,,30,30,2000,30,0,,"{""displayAngpaoText"":""0"",""displayDescriptionOnly"":""1"",""creditLessThan"":0.1,""mustJoinTelegramChannel"":""igaxspeedau33"",""walletId"":1,""changeGameId"":1}",FREE,0,,,,,,0.3376393763,1,
https://hb88au.com,HB88 PayID Casino Australia,845356,<b>NEW IOS & ANDROID APPS BONUS</b>,,28,28,488,28,0,,"{""creditLessThan"":1,""displayDescriptionOnly"":""1"",""mobileAppOnly"":""1"",""walletId"":1,""changeGameId"":1,""displayAngpaoText"":""0""}",FREE,0,,,,,,1.763202813,1,
https://pokies7bet.com,Pokies7bet,139882,<b>365ᴅᴀʏꜱ ꜰʀᴇᴇ ᴄʀᴇᴅɪᴛ</b>,,6.88,6.88,280,27,0,,"{""creditLessThan"":1,""displayAngpaoText"":""1"",""displayDescriptionOnly"":""1"",""walletId"":1,""changeGameId"":1}",FREE,0,,DAILY,,,,0.5515316312,1,
https://mkaus.co,MK Gaming,1751,Free Chips Everyday,,1,1,127,27,0,,"{""creditLessThan"":0.5,""mobileAppOnly"":""0"",""displayDescriptionOnly"":""1"",""walletId"":1,""changeGameId"":1}",FREE,0,,DAILY,,,,0.1195478563,1,
https://ii89au.com,ii89 PayID Pokies Online Casino Aus,845639,<b>NEW IOS & ANDROID APPS BONUS</b>,,26,26,468,26,0,,"{""creditLessThan"":1,""displayDescriptionOnly"":""1"",""mobileAppOnly"":""1"",""walletId"":1,""changeGameId"":1,""displayAngpaoText"":""1""}",FREE,0,,,,,,1.649615334,0,
https://jw8au.com,JW8AU,465923,<b>Welcome Back JW8</b> <b>#C</b>,,108,108,180,25,0,,"{""creditLessThan"":0.01,""displayDescriptionOnly"":""1"",""registerDate"":""2023-01-01"",""walletId"":1,""changeGameId"":1,""displayAngpaoText"":""1""}",FREE,0,,,,,,34.93585834,1,
https://decho34.com,Decho34,198019,"<b style=""colour:white"">Daily Free",,6,6,390,25,0,,"{""creditLessThan"":0.01,""displayDescriptionOnly"":""1"",""mobileAppOnly"":""0"",""changeGameId"":1,""walletId"":1}",FREE,0,,DAILY,,,,0.2977272508,1,
https://penguin88.club,PENGUIN88,129048,<b>Daily Free 365Days</b>,,10,10,555,23,0,,"{""walletId"":1,""changeGameId"":1,""creditLessThan"":0.1,""displayDescriptionOnly"":""1"",""registerDate"":""2023-10-01""}",FREE,0,,DAILY,,,,0.3657098184,1,
https://zebra88.club,ZEBRA88,178979,<b>Daily Free</b>,,10,10,588,21,0,,"{""walletId"":1,""changeGameId"":1,""displayDescriptionOnly"":""1"",""creditLessThan"":0.1}",FREE,0,,DAILY,,,,0.3309214452,1,
https://decho34.com,Decho34,795238,"<b style=""colour:white"">APP Free (Convert Deposit)",,10,10,390,21,0,,"{""creditLessThan"":0.01,""displayDescriptionOnly"":""1"",""mobileAppOnly"":""1"",""changeGameId"":1,""walletId"":1}",FREE,0,,DAILY,,,,0.5528608168,1,
https://unitedau.com,UnitedAu,198839,<b>Day 1 (Monday),,10,10,1000,20.33,0,,"{""claimTime"":""N=1"",""creditLessThan"":0.1,""mobileAppOnly"":""1"",""walletId"":1,""changeGameId"":1}",FREE,0,,WEEKLY,,,,0.1686860937,1,
https://mrpoint.co,MRPOINT,215030,<b> Day 1 (Monday),,10,10,1000,20.33,0,,"{""claimTime"":""N=1"",""creditLessThan"":0.1,""mobileAppOnly"":""0"",""walletId"":1,""changeGameId"":1,""displayDescriptionOnly"":""1""}",FREE,0,,WEEKLY,,,,0.1686860937,1,
https://mrpokies77.com,MR.POKIES77,215809,<b>Monday</b>,,10,10,1000,20.15,0,,"{""claimTime"":""N=1"",""creditLessThan"":0.01,""mobileAppOnly"":""1"",""walletId"":1,""changeGameId"":1,""displayDescriptionOnly"":""1""}",FREE,0,,WEEKLY,,,,0.1682189374,1,
https://onyxaud.com,OnyxAUD,450949,<b>Day 1 (Monday),,10,10,1000,20.15,0,,"{""claimTime"":""N=1"",""creditLessThan"":0.01,""mobileAppOnly"":""0"",""displayDescriptionOnly"":""1"",""changeGameId"":1,""walletId"":1}",FREE,0,,WEEKLY,,,,0.1682189374,1,
https://weplay88.com,WePlay88,450964,<b>Day 1 (Monday),,10,10,1000,20.15,0,,"{""claimTime"":""N=1"",""creditLessThan"":0.01,""mobileAppOnly"":""0"",""displayDescriptionOnly"":""1"",""changeGameId"":1,""walletId"":1}",FREE,0,,WEEKLY,,,,0.1682189374,0,
https://tab968.com,TAB968,247305,<b>Day 1 (Monday),,10,10,1000,20.15,0,,"{""claimTime"":""N=1"",""creditLessThan"":0.01,""mobileAppOnly"":""0"",""walletId"":1,""changeGameId"":1}",FREE,0,,WEEKLY,,,,0.1682189374,0,
https://betworld168.vip,BetWorld168.vip,825238,<b>Mobile App Bonus<b>,,5,5,200,20,0,,"{""customBonus"":""manual"",""mobileAppOnly"":""1"",""displayDescriptionOnly"":""1"",""displayAngpaoText"":""1"",""fixRT"":1,""creditLessThan"":0.1,""changeGameId"":1,""walletId"":1}",FREE,0,,,,,,0.5045888277,1,
https://7pokies.com,7POKIES,184225,Daily Free,,5,5,500,20,0,,"{""creditLessThan"":0.1,""displayDescriptionOnly"":""1"",""mobileAppOnly"":""0""}",FREE,0,,DAILY,,,,0.1605138899,1,
https://weplay9aus.com,WEPLAY9,134924,<b>365DAYS APP BONUS<b>,,3,3,199,20,0,,"{""creditLessThan"":0.1,""displayDescriptionOnly"":""1"",""displayAngpaoText"":""1"",""mobileAppOnly"":""0"",""startDate"":""2022-12-02"",""walletId"":1,""changeGameId"":1}",FREE,0,,DAILY,,,,0.2599600979,1,
https://rolex66.vip,Rolex66 AUD,213618,<b>Daily Checkin</b>,,38,38,1688,20,0,,"{""creditLessThan"":0.1,""displayDescriptionOnly"":""1"",""mobileAppOnly"":""1"",""walletId"":1,""changeGameId"":1}",FREE,0,,DAILY,,,,0.5048858803,1,
https://king88pokies.com,King88,176794,"<b style=""color:#FFD700"">Special Hourly Free</b>",,2.88,2.88,388,20,0,,"{""creditLessThan"":0.1,""mobileAppOnly"":""1"",""displayAngpaoText"":""1"",""walletId"":1,""changeGameId"":1}",FREE,0,,HOURLY,,,,0.1069659863,1,
https://king88pokies.com,King88,828179,"<b style=""color:#FFD700"">Special Daily Free</b>",,8.88,8.88,588,20,0,,"{""creditLessThan"":0.1,""mobileAppOnly"":""1"",""displayAngpaoText"":""1"",""walletId"":1,""changeGameId"":1}",FREE,0,,DAILY,,,,0.2787981212,1,
https://king88pokies.com,King88,106531,"<b style=""color:#FFD700""> Share & Free</b>",,8,8,80,20,0,,"{""customBonus"":""sharebonus"",""creditLessThan"":0.1,""startDate"":""2024-02-01"",""mobileAppOnly"":""1"",""maxCount"":3,""displayAngpaoText"":""1"",""walletId"":1,""changeGameId"":1}",CUSTOM,0,,,,,,2.941373888,1,
https://ubet66aus.com,UBET66AUS,824768,REJOIN FREE CREDIT,,16.66,16.66,366,20,0,,"{""creditLessThan"":0.1,""mobileAppOnly"":""1"",""displayAngpaoText"":""0""}",FREE,0,,MONTHLY,,,,1.153817078,1,
https://ozlotto88.com,OZLOTTO88,239919,Daily Free Chip,,4,4,400,20,0,,"{""creditLessThan"":0.1,""displayDescriptionOnly"":""1"",""mobileAppOnly"":""0""}",FREE,0,,DAILY,,,,0.1583142781,1,
https://ipay9aud.com,iPAY9,817609,iPAY9 APP BONUS,,20,20,300,20,0,,"{""creditLessThan"":1,""displayDescriptionOnly"":""1"",""mobileAppOnly"":""1"",""displayAngpaoText"":""1"",""ignoreTrxAmount"":1,""walletId"":1,""changeGameId"":1}",FREE,0,,MONTHLY,,,,1.881391579,1,
https://ipay9aud.com,iPAY9,103170,FREE CHIPS,,10,10,100,20,0,,"{""mobileAppOnly"":""0"",""registerDate"":""2023-01-15"",""creditLessThan"":1,""displayDescriptionOnly"":""1"",""changeGameId"":1,""walletId"":1}",FREE,0,,MONTHLY,,,,2.984425754,1,
https://penguin88.club,PENGUIN88,129046,<b>SHARE BONUS</b>,,1,1,15,20,0,,"{""customBonus"":""sharebonus"",""creditLessThan"":1,""startDate"":""2024-02-01"",""walletId"":1,""changeGameId"":1}",CUSTOM,0,,,,,,1.577501938,1,
https://penguin88.club,PENGUIN88,140065,<b>Download APP</b>,,8,8,300,20,0,,"{""walletId"":1,""changeGameId"":1,""creditLessThan"":""0.10"",""mobileAppOnly"":""1"",""displayDescriptionOnly"":""1"",""displayAngpaoText"":""1""}",FREE,0,,,,,,0.5636521242,1,
https://cyberpunk369.com,CYBERPUNK369,26827,<b>AEP ALL SLOT </b>,,5,5,100,20,0,,"{""displayAngpaoText"":""1"",""displayDescriptionOnly"":""1"",""creditLessThan"":0.1,""registerDate"":""2024-01-01"",""mobileAppOnly"":""0"",""mustJoinTelegramChannel"":""auspokiesentertaintment""}",FREE,0,,,,,,1.200121248,1,
https://pg9aus.com,PG9 E-Wallet Pokies,268483,<b>PG9 APP BONUS<b>,,3.99,3.99,100,20,0,,"{""displayDescriptionOnly"":""1"",""displayAngpaoText"":""1"",""creditLessThan"":0.1,""changeGameId"":1,""walletId"":1,""mobileAppOnly"":""0""}",FREE,0,,DAILY,,,,0.8926268406,1,
https://goldencrown96.com,IPAY7,200115,"<b style=""color:gold"">FREE CREDIT 365DAY </b>",,2,2,200,20,0,,"{""walletId"":1,""changeGameId"":1,""displayDescriptionOnly"":""1""}",FREE,0,,DAILY,,,,0.1521514408,1,
https://pp99au.com,PP99,28753,APPS DAILY FREE,,30,30,600,20,0,,"{""creditLessThan"":1,""walletId"":1,""changeGameId"":1,""displayDescriptionOnly"":""1"",""displayAngpaoText"":""1"",""mobileAppOnly"":""1""}",FREE,0,,DAILY,,,,1.348254963,1,
https://maxspin7.com,MaxSpin7,825237,<b>Mobile App Bonus<b>,,5,5,200,20,0,,"{""customBonus"":""manual"",""mobileAppOnly"":""1"",""displayDescriptionOnly"":""1"",""displayAngpaoText"":""1"",""fixRT"":1,""changeGameId"":1,""walletId"":1}",FREE,0,,,,,,0.5045888277,0,
https://clubimperioaus.com,Club Imperio Aus,60807,<b>365Days FreeBonus</b>,,1,1,138,20,0,,"{""creditLessThan"":0.5,""mobileAppOnly"":""0"",""displayDescriptionOnly"":""1""}",FREE,0,,DAILY,,,,0.09845439717,1,
https://southern9.com,SOUTHERN9,262040,APP DOWNLOAD BONUS,,15,15,750,20,0,,"{""creditLessThan"":1,""walletId"":1,""changeGameId"":1,""displayDescriptionOnly"":""1"",""displayAngpaoText"":""0"",""mobileAppOnly"":""1""}",FREE,0,,DAILY,,,,0.4099127212,1,
https://gembetaus.com,GEM9BET,163051,Daily Login Free,,1.99,1.99,199,20,0,,"{""creditLessThan"":0.01,""mobileAppOnly"":""0"",""displayAngpaoText"":""1"",""displayDescriptionOnly"":""1"",""startDate"":""2024-05-03"",""walletId"":1,""changeGameId"":1}",FREE,0,,DAILY,,,,0.1521111588,1,
https://zebra88.club,ZEBRA88,178980,<b>Download App Bonus</b>,,5,5,300,20,0,,"{""walletId"":1,""changeGameId"":1,""displayDescriptionOnly"":""1"",""displayAngpaoText"":""1"",""mobileAppOnly"":""1""}",FREE,0,,,,,,0.3039649838,1,
https://jaws68.com,JAWS68™ The Ultimate Sports & Pokies in Australia,799601,1X2 SOCCERS,,10.99,10.99,150,20,0,,"{""creditLessThan"":1,""walletId"":1,""changeGameId"":1,""displayDescriptionOnly"":""1"",""displayAngpaoText"":""1""}",FREE,0,,WEEKLY,,,,2.035522844,1,
https://thestar.asia,TheStar,229154,FREE SPIN 365 DAYS,,377,377,3777,20,0,,"{""creditLessThan"":0.1,""displayDescriptionOnly"":""1"",""displayAngpaoText"":""1"",""walletId"":1,""changeGameId"":1,""mobileAppOnly"":""0""}",FREE,0,,DAILY,,,,3.734583254,1,
https://thestar.asia,TheStar,132292,App Free Bonus,,777,777,7777,20,0,,"{""creditLessThan"":0.1,""displayDescriptionOnly"":""1"",""displayAngpaoText"":""1"",""walletId"":1,""changeGameId"":1,""mobileAppOnly"":""1""}",FREE,0,,DAILY,,,,3.893729558,1,
https://eebet9.com,EEBET9,79616,"<b style=""color:#b3e9ff;"">SHARE & INVITE</b>",,5,5,100,20,0,,"{""customBonus"":""sharebonus"",""creditLessThan"":0.1,""startDate"":""2023-03-22"",""displayDescriptionOnly"":""1"",""maxCount"":1,""mobileAppOnly"":""1"",""walletId"":1,""changeGameId"":1}",CUSTOM,0,,,,,,1.200121248,1,
https://trust88au.com,ITRUST88,849335,<B>Welcome Back Free,,100,100,800,20,0,,"{""creditLessThan"":0.1,""displayDescriptionOnly"":""1"",""registerBeforeDate"":""2026-06-01"",""changeGameId"":1,""walletId"":1}",FREE,0,,,,,,4.573274759,1,
https://onyxaud.com,OnyxAUD,737385,"<b style=""color:yellow;"">Offical Partner Free!</b>",,2,2,300,20,0,,"{""creditLessThan"":1,""displayDescriptionOnly"":""1"",""displayAngpaoText"":""0""}",FREE,0,,DAILY,,,,0.09165623119,1,
https://iw99au.com,IW99,191418,<b>MOBILE APP FREE CREDIT</b>,,50,50,288,20,0,,"{""creditLessThan"":0.1,""displayDescriptionOnly"":""1"",""mobileAppOnly"":""1"",""changeGameId"":1,""walletId"":1}",FREE,0,,DAILY,,,,6.60329705,1,
https://topaz33.com,TOPAZ33,142233,<b>FREE 365</b>,,5,5,200,20,0,,"{""creditLessThan"":0.1,""displayDescriptionOnly"":""1"",""walletId"":1,""changeGameid"":1}",FREE,0,,DAILY,,,,0.5045888277,1,
https://weplay88.com,WePlay88,737287,"<b style=""color:yellow;"">Offical Partner Free!</b>",,2,2,300,20,0,,"{""creditLessThan"":1,""displayDescriptionOnly"":""1"",""displayAngpaoText"":""0""}",FREE,0,,DAILY,,,,0.09165623119,0,
https://speed9.co,SPEED 9,18139,SPEED 9 APP BONUS,,3,3,100,20,0,,"{""creditLessThan"":1,""displayDescriptionOnly"":""1"",""mobileAppOnly"":""1"",""displayAngpaoText"":""1"",""ignoreTrxAmount"":1,""walletId"":1,""changeGameId"":1,""offUsernames"":[""1A297A70"",""10171192"",""22602165"",""10767105"",""25282079""]}",FREE,0,,DAILY,,,,0.6144308844,1,
https://win99aud.com,WIN99AUD,180311,<b>Apps Angpao $5</b>,,5,5,200,20,0,,"{""displayDescriptionOnly"":""1"",""displayAngpaoText"":""1"",""mobileAppOnly"":""1"",""walletId"":1,""changeGameId"":1}",FREE,0,,,,,,0.5045888277,1,
https://hollywoodaus.com,HOLLYWOOD,137505,<b>FREE 365</b>,,2,2,100,20,0,,"{""creditLessThan"":0.1,""displayDescriptionOnly"":""1""}",FREE,0,,DAILY,,,,0.361879152,1,
https://auboss.co,AU BOSS,97014,<b>DAILY LOGIN</b>,,2,2,100,20,0,,"{""creditLessThan"":1,""walletId"":1,""changeGameId"":1,""displayDescriptionOnly"":""1"",""registerDate"":""2024-01-01""}",FREE,0,,DAILY,,,,0.361879152,1,
https://starspin996.com,StarSpin996,786863,<b>Starspin996 APP BONUS</b>,,20,20,400,20,0,,"{""creditLessThan"":1,""displayDescriptionOnly"":""1"",""mobileAppOnly"":""1"",""displayAngpaoText"":""1"",""ignoreTrxAmount"":1,""startDate"":""2026-03-09"",""claimGroup"":""30""}",FREE,0,,DAILY,30,,,1.313124109,1,
https://rolex9.net,Rolex9,124187,Free Chips,,10,10,100,20,0,,"{""mobileAppOnly"":""0"",""registerDate"":""2024-04-01"",""creditLessThan"":1,""displayDescriptionOnly"":""1""}",FREE,0,,MONTHLY,,,,2.984425754,1,
https://acehighwin.com,ACEHIGHWIN,842198,<b>Mobile App Reward</b>,,20,20,600,20,0,,"{""displayDescriptionOnly"":""1"",""displayAngpaoText"":""1"",""mobileAppOnly"":""1"",""changeGameId"":1,""walletId"":1}",FREE,0,,,,,,0.7910277171,1,
https://aucloud9.com,Cloud9,73754,DAILY CHECK IN BONUS,,9,9,700,20,0,,"{""creditLessThan"":0.01,""mobileAppOnly"":""0"",""walletId"":1,""changeGameId"":1}",FREE,0,,DAILY,,,,0.2281946987,1,
https://gofun33.com,GoFun333,468564,<b>Aug Active Member Free<b>,,20,20,220,20,0,,"{""lastMonthTotalDepositTarget"":10,""creditLessThan"":1,""startDate"":""2025-07-01"",""displayDescriptionOnly"":""1"",""displayAngpaoText"":""1"",""changeGameId"":1,""walletId"":1}",CUSTOM,0,,MONTHLY,,,,2.772377804,1,
https://ausbet88.com,AUSBET88,52213,"<b style=""color:#FF00FB;"">SHARE & INVITE</b>",,10,10,200,20,0,,"{""customBonus"":""sharebonus"",""creditLessThan"":1,""walletId"":1,""changeGameId"":1,""startDate"":""2023-03-22"",""displayDescriptionOnly"":""1"",""mobileAppOnly"":""0""}",CUSTOM,0,,,,,,1.254796459,1,
https://candymommy.co,CANDYMOMMY,28246,"<b style=""color:black;"">NEW REGISTER FREE</b>",,200,200,4000,20,0,,"{""creditLessThan"":0.1,""displayDescriptionOnly"":""1"",""registerDate"":""2022-05-06"",""walletId"":1,""changeGameId"":1}",FREE,0,,,,,,1.516872852,1,
https://rtpvictory88.com,RTPVICTORY88,849160,<b>WELCOME BACK FREE<b>,,88,88,300,20,0,,"{""creditLessThan"":0.1,""displayDescriptionOnly"":""1"",""registerBeforeDate"":""2026-09-25"",""changeGameId"":1,""walletId"":1}",FREE,0,,,,,,13.17868783,1,
https://bondi333.com,BONDI333,806527,<b>Daily Free $30</b>,,30,30,1000,20,0,,"{""creditLessThan"":0.1,""displayDescriptionOnly"":""1"",""displayAngpaoText"":""0"",""changeGameId"":1,""walletId"":1}",FREE,0,,DAILY,,,,0.7119690101,1,
https://dolphin88.co,Dolphin88,156000,<b>Download App Bonus</b>,,5,5,300,20,0,,"{""creditLessThan"":""0.10"",""mobileAppOnly"":""1"",""displayDescriptionOnly"":""1"",""walletId"":1,""changeGameId"":1}",FREE,0,,,,,,0.3039649838,0,
https://vvip15au.com,VVIP15 Australia Online Casino,186269,<b>DOWNLOAD APPS BONUS</b>,,15.55,15.55,311,20,0,,"{""creditLessThan"":1,""displayDescriptionOnly"":""1"",""mobileAppOnly"":""1"",""walletId"":1,""changeGameId"":1,""displayAngpaoText"":""0""}",FREE,0,,,,,,1.291643519,1,
https://luck77au.com,LUCK777AU,748035,<b> Download Apps Free </b>,,20,20,500,20,0,,"{""creditLessThan"":0.1,""displayDescriptionOnly"":""1"",""walletId"":1,""changeGameId"":1,""mobileAppOnly"":""1""}",FREE,0,,DAILY,,,,0.993500886,1,
https://topcash7.com,TopCash7,845763,FREE CHIPS (BONZA),,19,19,400,20,0,,"{""displayDescriptionOnly"":""1"",""creditLessThan"":0.5,""displayAngpaoText"":""1"",""mobileAppOnly"":""0"",""walletId"":1,""changeGameId"":1}",FREE,0,,,,,,1.227445655,1,
https://vv88aud.io,VV88 AUS,728560,WELCOME BACK FREEBIES,,100,100,2000,20,0,,"{""displayAngpaoText"":""0"",""walletId"":1,""changeGameId"":1,""displayDescriptionOnly"":""1""}",FREE,0,,MONTHLY,,,,1.45479662,1,
https://u2win.online,U2WIN,9693,<b>365 Daily Free</b>,,5,5,300,20,0,,"{""fixRT"":1,""creditLessThan"":0.5,""displayDescriptionOnly"":""1"",""walletId"":1,""changeGameId"":1}",FREE,0,,DAILY,,,,0.3039649838,1,
https://cyberbet77.com,CYBERBET77,127033,<B>Free 365 Days</B>,,2,2,100,20,0,,"{""creditLessThan"":1,""walletId"":1,""changeGameId"":1,""displayDescriptionOnly"":""1"",""registerDate"":""2023-10-21"",""displayAngpaoText"":""1""}",FREE,0,,DAILY,,,,0.361879152,1,
https://aud2u.com,AUD2U - Your Gaming Portal,113391,Daily Super Free 365,,1.88,1.88,188,20,0,,"{""creditLessThan"":0.1,""displayDescriptionOnly"":""1"",""walletId"":1,""changeGameId"":1}",FREE,0,,DAILY,,,,0.1516589453,1,
https://betworld96au.com,Betworld96 Australia Online Casino,209850,Install Betworld96 To Claim Free AUD 18.96,,18.96,18.96,379.2,20,0,,"{""mobileAppOnly"":""1"",""walletId"":1,""changeGameId"":1,""displayAngpaoText"":""0"",""displayDescriptionOnly"":""1""}",FREE,0,,,,,,1.308542508,1,
https://vip77.club,VIP77,6217,⭐ VIP77 ⭐ DOWNLINE CONTRIBUTION $30 GET,,10,10,200,20,0,,"{""customBonus"":""downlinedeposit"",""creditLessThan"":0.5,""startDate"":""2023-11-21"",""displayDescriptionOnly"":""1"",""walletId"":1,""changeGameId"":1}",CUSTOM,0,,DAILY,30,,,1.254796459,1,
https://jackpotau.com,JACKPOTAU,771378,WELCOME BACK FREE,,100,100,2000,20,0,,"{""displayAngpaoText"":""0"",""displayDescriptionOnly"":""1"",""changeGameId"":1,""walletId"":1}",FREE,0,,MONTHLY,,,,1.45479662,1,
https://crn7.com,CRN7,845695,<b>DOWNLOAD APP</b>,,18,18,188,20,0,,"{""displayDescriptionOnly"":""1"",""creditLessThan"":0.5,""mobileAppOnly"":""1"",""fixRT"":1,""displayAngpaoText"":""0"",""userTag"":{""offFor"":""FreeHunter""},""changeGameId"":1,""walletId"":1}",FREE,0,,,,,,2.937585215,1,
https://crn7.com,CRN7,237457,<b>SHARE & GET</b>,,20,20,200,20,0,,"{""customBonus"":""sharebonus"",""creditLessThan"":0.1,""showIfAmount"":1,""displayDescriptionOnly"":""1"",""displayAngpaoText"":""1"",""mobileAppOnly"":""0"",""startDate"":""2025-04-14"",""walletId"":1,""changeGameId"":1,""maxWithdrawTimeAmount"":1}",CUSTOM,0,,,,,,3.123153066,1,
https://ezaud.com,EzAud (AUD),185876,REFER & EARN,,10,10,200,20,0,,"{""walletId"":1,""changeGameId"":1,""customBonus"":""sharebonus"",""creditLessThan"":0.1,""startDate"":""2024-12-01"",""displayDescriptionOnly"":""1""}",CUSTOM,0,,,,,,1.254796459,1,
https://nightclubaus.com,NC88AU,240890,APP FREE CHECK IN,,18.88,18.88,1000,20,0,,"{""creditLessThan"":1,""mobileAppOnly"":""1"",""walletId"":1,""changeGameId"":1}",FREE,0,,DAILY,,,,0.3872198114,1,
https://glorya77.com,GLORYA77,695301,<b>APP Bonus Free<b>,,18,18,68,20,0,,"{""walletId"":1,""changeGameId"":1,""creditLessThan"":0.01,""fixRT"":1,""displayDescriptionOnly"":""1""}",FREE,0,,,,,,10.47253076,1,
https://glorya77.com,GLORYA77,162600,Sign In Day 1,,21,21,33,20,0,,"{""walletId"":1,""changeGameId"":1,""claimTime"":""N=01"",""creditLessThan"":0.01,""fixRT"":1,""displayDescriptionOnly"":""1""}",FREE,0,,WEEKLY,,,,31.66726737,1,
https://ispeed88au.com,ISPEED88,268586,<b>WELCOME BACK FREE</b>,,100,100,500,20,0,,"{""displayDescriptionOnly"":""1"",""displayAngpaoText"":""1"",""changeGameId"":1,""walletId"":1}",FREE,0,,,,,,8.229572443,1,
https://ispeed88au.com,ISPEED88,269608,<b>DOWNLOAD APP FREE</b>,,50,50,288,20,0,,"{""creditLessThan"":0.1,""displayDescriptionOnly"":""1"",""mobileAppOnly"":""0"",""displayAngpaoText"":""0"",""changeGameId"":1,""walletId"":1}",FREE,0,,DAILY,,,,6.60329705,1,
https://boyabet9.com,BoyaBet9,463774,<B>SPECIAL DAILY FREE<B>,,6.99,6.99,270,20,0,,"{""creditLessThan"":0.1,""displayDescriptionOnly"":""1"",""mobileAppOnly"":""0"",""changeGameId"":1,""walletId"":1}",FREE,0,,DAILY,,,,0.5384618213,1,
https://reef33.vip,Reef33,806508,<b>Daily Free 30 </b>,,30,30,1000,20,0,,"{""creditLessThan"":0.1,""displayDescriptionOnly"":""1"",""displayAngpaoText"":""0"",""changeGameId"":1,""walletId"":1}",FREE,0,,DAILY,,,,0.7119690101,1,
https://pokies33au.com,Pokies33,107538,Daily Free,,13,13,1033,20,0,,"{""creditLessThan"":0.1,""walletId"":1,""changeGameId"":1}",FREE,0,,DAILY,,,,0.2275773864,1,
https://aus789.com,Aus789 PayID Casino Australia,157255,<b> SHARE & GET FREE</b>,,28,12,476,20,0,,"{""customBonus"":""sharebonus"",""creditLessThan"":1,""mobileAppOnly"":""0"",""displayAngpaoText"":""0"",""startDate"":""2023-08-20"",""maxCount"":5,""displayDescriptionOnly"":""1"",""walletId"":1,""changeGameId"":1}",CUSTOM,0,,,,,,0.539526761,1,
https://aus789.com,Aus789 PayID Casino Australia,175114,<b>APP Download Bonus $16</b>,,16,16,500,20,0,,"{""startDate"":""2023-09-17"",""creditLessThan"":0.2,""displayDescriptionOnly"":""0"",""mobileAppOnly"":""1"",""displayAngpaoText"":""0"",""walletId"":1,""changeGameId"":1}",FREE,0,,,,,,0.740765123,1,
https://live77bet.com,LiveBet,451639,Hourly Check In Free,,3,3,300,20,0,,"{""creditLessThan"":0.1,""mobileAppOnly"":""1"",""walletId"":1,""changeGameId"":1}",FREE,0,,HOURLY,,,,0.1556221708,1,
https://ijoker88au.com,IJOKER88,847132,<b>Download App Free</b>,,50,50,288,20,0,,"{""creditLessThan"":0.1,""displayDescriptionOnly"":""1"",""mobileAppOnly"":""1"",""displayAngpaoText"":""0"",""changeGameId"":1,""walletId"":1}",FREE,0,,DAILY,,,,6.60329705,1,
https://enjoy2aus.com,Enjoy2AUS,49995,<b>Daily Free Chip</b>,,0,1,150,20,0,,"{""displayAngpaoText"":""1"",""displayDescriptionOnly"":""1"",""creditLessThan"":0.1,""mobileAppOnly"":""0""}",FREE,0,1,DAILY,,,,0.08870945305,1,
https://ubet96.com,Ubet AUS,103789,1 Share Free $6,,6,6,108,20,0,,"{""customBonus"":""sharebonus"",""creditLessThan"":0.1,""startDate"":""2024-01-10"",""displayAngpaoText"":""0"",""mobileAppOnly"":""1"",""maxCount"":3,""changeGameId"":1,""walletId"":1}",CUSTOM,0,,,,,,1.384920623,1,
https://mcdollar9.com,McDollar9 (AUD),808704,NEW GAME $10 FREEPLAY + MINIGAME FREEPLAY,,10,10,199,20,0,,"{""creditLessThan"":1,""displayAngpaoText"":""0"",""walletId"":1,""changeGameId"":1,""displayDescriptionOnly"":""1"",""mobileAppOnly"":""1""}",FREE,0,,,,,,1.262683291,1,
https://aud33.com,AUD33,456145,DAILY FREE,,5,5,500,20,0,,"{""displayDescriptionOnly"":""1"",""mobileAppOnly"":""0""}",FREE,0,,DAILY,,,,0.1605138899,1,
https://in8.one,IN8,795594,TELEGRAM LIMITED BONUS,,10,10,288,20,0,,"{""displayDescriptionOnly"":""1"",""creditLessThan"":0.01,""walletId"":1,""changeGameId"":1}",FREE,0,,DAILY,,,,0.79546334,1,
https://iau9.com,BONZAWIN Australia,817240,2026 Sign Up & Get FREE I,,9,9,299,20,0,,"{""displayDescriptionOnly"":""1"",""mobileAppOnly"":""0"",""displayAngpaoText"":""0"",""walletId"":1,""changeGameId"":1,""creditLessThan"":0.1}",FREE,0,,,,,,0.6608290336,1,
https://galaxyau.com,Galaxy AU,160283,Attend Reward,,3,3,138,20,0,,"{""creditLessThan"":0.5,""mobileAppOnly"":""0"",""displayDescriptionOnly"":""1"",""walletId"":1,""changeGameId"":1}",FREE,0,,DAILY,,,,0.4107940829,1,
https://i8au.online,I8AU,153333,Daily Login Free,,3.8,3.8,400,20,0,,"{""creditLessThan"":0.1,""displayDescriptionOnly"":""1""}",FREE,0,,DAILY,,,,0.1480203583,1,
https://ubet96.com,Ubet AUS,704577,APP BONUS,,10,10,289,19,0,,"{""creditLessThan"":0.1,""mobileAppOnly"":""1"",""displayAngpaoText"":""0"",""changeGameId"":1,""walletId"":1}",FREE,0,,,,,,0.7793316154,1,
https://top1cas.com,AUSBET96 GAMING & Pokies Hub,483401,<b>NEW FREEBIE WARM-UP</b>,,89.98,89.98,1088,18,0,,"{""creditLessThan"":""1"",""displayDescriptionOnly"":""1"",""mobileAppOnly"":""1"",""displayAngpaoText"":""1"",""walletId"":1,""changeGameId"":1}",FREE,0,,,,,,2.622085942,1,
https://mrwin77au.com,MrWin77,176399,<b>IOS & ANDROID APPS BONUS</b>,,18,18,388,18,0,,"{""creditLessThan"":1,""displayDescriptionOnly"":""1"",""mobileAppOnly"":""1"",""walletId"":1,""changeGameId"":1,""displayAngpaoText"":""0""}",FREE,0,,,,,,1.148501344,0,
https://in8.one,IN8,463893,New Register Free,,18,18,90,18,0,,"{""displayDescriptionOnly"":""1"",""creditLessThan"":0.01,""walletId"":1,""changeGameId"":1}",FREE,0,,,,,,7.134573688,1,
https://auwin7.com,AUWIN7,241488,App Download Free AUD3,,3,3,100,17,0,,"{""creditLessThan"":0.1,""displayDescriptionOnly"":""0"",""displayAngpaoText"":""0"",""mobileAppOnly"":""1"",""walletId"":1,""changeGameId"":1}",FREE,0,,,,,,0.5833209351,1,
https://auwin7.com,AUWIN7,64301,Daily Check In Bonus,,16.88,16.88,377,17,0,,"{""creditLessThan"":0.1,""mobileAppOnly"":""0"",""displayAngpaoText"":""0"",""displayDescriptionOnly"":""1"",""walletId"":1,""changeGameId"":1}",FREE,0,,DAILY,,,,1.073968646,1,
https://aus2u.com,Aus2u,160324,ANDROID FREE 25$,,25,25,600,15,0,,"{""displayDescriptionOnly"":""1"",""mobileAppOnly"":""1"",""walletId"":1,""changeGameId"":1,""creditLessThan"":0.1}",FREE,0,,DAILY,,,,0.9660971284,1,
https://mrpokies77.com,MR.POKIES77,835455,<b>▶️REFRESHING FREE</b>,,88,88,600,15,0,,"{""creditLessThan"":0.1,""displayDescriptionOnly"":""1"",""walletId"":1,""changeGameId"":1,""displayAngpaoText"":""1""}",FREE,0,,WEEKLY,,,,5.04604303,1,
https://keno99.com,Keno99,690698,<b>Daily Free Point</b>,,3200,3200,0,15,64000,,"{""creditLessThan"":1,""mobileAppOnly"":""0"",""walletId"":1,""changeGameId"":1,""displayAngpaoText"":""1"",""displayDescriptionOnly"":""1""}",FREE,0,,DAILY,,,,2.09E-08,1,
https://cyberpunk369.com,CYBERPUNK369,267657,<b> CyberMass Free </b>,,88,88,600,15,0,,"{""creditLessThan"":0.1,""displayDescriptionOnly"":""1"",""walletId"":1,""changeGameId"":1,""displayAngpaoText"":""1""}",FREE,0,,WEEKLY,,,,5.04604303,1,
https://trust88au.com,ITRUST88,165605,<B>Daily Free Credit,,20,20,300,15,0,,"{""creditLessThan"":0.1,""displayDescriptionOnly"":""1"",""changeGameId"":1,""walletId"":1}",FREE,0,,DAILY,,,,1.713347554,1,
https://iw99au.com,IW99,143029,<b>FREE 365 DAYS ALL EVENT GAME<b>,,88,88,288,15,0,,"{""displayDescriptionOnly"":""1"",""displayAngpaoText"":""1"",""mobileAppOnly"":""0"",""changeGameId"":1,""walletId"":1}",FREE,0,,DAILY,,,,12.6298852,1,
https://win99aud.com,WIN99AUD,796904,<b>Maintenance bonus</b>,,20,20,400,15,0,,"{""creditLessThan"":0.1,""displayDescriptionOnly"":""1"",""displayAngpaoText"":""1"",""changeGameId"":1,""walletId"":1}",FREE,0,,,,,,1.19583717,1,
https://win99aud.com,WIN99AUD,122337,<b>FREE 365 DAY</b>,,20,20,600,15,0,,"{""creditLessThan"":0.1,""displayDescriptionOnly"":""1"",""displayAngpaoText"":""1"",""changeGameId"":1,""walletId"":1}",FREE,0,,DAILY,,,,0.7203739083,1,
https://win99aud.com,WIN99AUD,714578,<b>Telegram Free $100<b>,,100,100,1000,15,0,,"{""displayAngpaoText"":""0"",""displayDescriptionOnly"":""1"",""creditLessThan"":0.1,""registerDate"":""2024-01-01"",""mobileAppOnly"":""0"",""mustJoinTelegramChannel"":""Aus55Channel"",""changeGameId"":1,""walletId"":1}",FREE,0,,,,,,3.151055491,1,
https://hollywoodaus.com,HOLLYWOOD,749961,<b>VIP Free 38</b>,,38,38,1080,15,0,,"{""creditLessThan"":0.1,""changeGameid"":1,""displayDescriptionOnly"":""0"",""changeGameId"":1,""walletId"":1}",FREE,0,,DAILY,,,,0.803517532,1,
https://skyspin96.co,SKYSPIN96,20061,CHECK-IN MONDAY,,10,10,600,15,0,,"{""walletId"":1,""changeGameId"":1,""maxWithdrawTimeDeposit"":1,""creditLessThan"":1,""displayDescriptionOnly"":""1"",""claimTime"":""N=1""}",FREE,0,,DAILY,,,,0.2894262978,1,
https://rtpvictory88.com,RTPVICTORY88,212060,<b>DAILY FREE CREDIT<b>,,10,10,100,15,0,,"{""creditLessThan"":0.1,""walletId"":1,""changeGameId"":1,""displayDescriptionOnly"":""1""}",FREE,0,,DAILY,,,,2.717859815,1,
https://rtpvictory88.com,RTPVICTORY88,245109,<B>Download Apps Free,,50,50,500,15,0,,"{""creditLessThan"":0.1,""displayDescriptionOnly"":""1"",""walletId"":1,""changeGameId"":1,""displayAngpaoText"":""1"",""mobileAppOnly"":""1""}",FREE,0,,,,,,3.017555121,1,
https://cr33au.com,CR33,691058,"<b style=""color:#;"">Daily Free Points</b>",,3200,3200,64000,15,0,,"{""creditLessThan"":1,""mobileAppOnly"":""0"",""walletId"":1,""changeGameId"":1}",FREE,0,,DAILY,,,,1.608760512,1,
https://unitedau.com,UnitedAu,835465,<b>REFRESHING FREE</b>,,88,88,600,15,0,,"{""creditLessThan"":0.1,""displayDescriptionOnly"":""1"",""walletId"":1,""changeGameId"":1,""displayAngpaoText"":""1""}",FREE,0,,WEEKLY,,,,5.04604303,1,
https://lego66.co,Lego77,835598,"<b style=""color:RED;"">MONDAY</b>",,10,10,366,15,0,,"{""claimTime"":""N=1"",""creditLessThan"":0.01,""displayDescriptionOnly"":""1"",""changeGameId"":1,""walletId"":1}",FREE,0,,WEEKLY,,,,0.5368781084,1,
https://neiro55.com,NEIRO55,838056,"<b style=""color:RED;"">MONDAY</b>",,10,10,777,15,0,,"{""claimTime"":""N=1"",""creditLessThan"":0.01,""displayDescriptionOnly"":""1"",""changeGameId"":1,""walletId"":1}",FREE,0,,WEEKLY,,,,0.209508081,1,
https://jackpotau.com,JACKPOTAU,487171,Everyday Free Chip,,10,10,100,15,0,,"{""displayDescriptionOnly"":""1"",""displayAngpaoText"":""1"",""changeGameId"":1,""walletId"":1}",FREE,0,,DAILY,,,,2.717859815,1,
https://richspinau.com,RICHSPINAU,836835,<b>▶️REFREH BONUS</b>,,88,88,600,15,0,,"{""creditLessThan"":0.1,""displayDescriptionOnly"":""1"",""walletId"":1,""changeGameId"":1,""displayAngpaoText"":""1""}",FREE,0,,WEEKLY,,,,5.04604303,1,
https://spinup77.com,SPINUP77,837137,"<b style=""color:RED;"">MONDAY</b>",,10,10,777,15,0,,"{""claimTime"":""N=1"",""creditLessThan"":0.01,""displayDescriptionOnly"":""1"",""changeGameId"":1,""walletId"":1}",FREE,0,,WEEKLY,,,,0.209508081,0,
https://ezaud.com,EzAud (AUD),738530,FREE CREDIT 365 DAYS,,15,15,250,15,0,,"{""walletId"":1,""changeGameId"":1,""displayDescriptionOnly"":""1"",""creditLessThan"":1}",FREE,0,,DAILY,,,,1.4738702,1,
https://ispeed88au.com,ISPEED88,15444,<b>FREE 365 Days<b>,,88,88,288,15,0,,"{""creditLessThan"":0.1,""displayDescriptionOnly"":""1"",""mobileAppOnly"":""0"",""displayAngpaoText"":""0"",""changeGameId"":1,""walletId"":1}",FREE,0,,DAILY,,,,12.6298852,1,
https://wildspin24.com,Wildspin24,182099,Daily Free Credit,,10,10,150,15,0,,"{""creditLessThan"":0.1,""displayDescriptionOnly"":""1"",""changeGameId"":1,""walletId"":1}",FREE,0,,DAILY,,,,1.637242383,1,
https://ijoker88au.com,IJOKER88,212136,<b>DAILY FREE CREDIT<b>,,88,88,288,15,0,,"{""creditLessThan"":0.1,""displayDescriptionOnly"":""1"",""mobileAppOnly"":""0"",""displayAngpaoText"":""0"",""changeGameId"":1,""walletId"":1}",FREE,0,,DAILY,,,,12.6298852,1,
https://play369.co,PLAY369,784768,<b>Daily Free $5,,5,5,150,15,0,,"{""creditLessThan"":0.1,""displayDescriptionOnly"":""1""}",FREE,0,,DAILY,,,,0.6583810534,1,
https://safeau.net,SafeAu,219016,<b>Daily Delights</b>,,6.66,6.66,450,15,0,,"{""walletId"":1,""changeGameId"":1,""creditLessThan"":0.01,""displayDescriptionOnly"":""1""}",FREE,0,,DAILY,,,,0.2430002276,1,
https://safeau.net,SafeAu,461642,<B>DOWNLOAD APP FREE</B>,,10,10,399,15,0,,"{""creditLessThan"":0.01,""displayDescriptionOnly"":""1"",""displayAngpaoText"":""1"",""mobileAppOnly"":""1"",""walletId"":1,""changeGameId"":1}",FREE,0,,DAILY,,,,0.4819599302,1,
https://fuckmate.co,FuckMate,173384,New Share Bonus,,2,2,20,15,0,,"{""customBonus"":""sharebonus"",""creditLessThan"":0.1,""startDate"":""2023-07-29"",""walletId"":1,""changeGameId"":1,""displayAngpaoText"":""0"",""displayDescriptionOnly"":""1"",""initial_free_limit"":""0"",""deposit_free_limit"":""0"",""min_withdraw"":""10"",""max_withdraw"":""15""}",CUSTOM,0,,,,,,2.4640093,1,
https://world99aud.com,WORLD99,835605,"<b style=""color:RED;"">MONDAY</b>",,10,10,777,15,0,,"{""claimTime"":""N=1"",""creditLessThan"":0.01,""displayDescriptionOnly"":""1"",""changeGameId"":1,""walletId"":1}",FREE,0,,WEEKLY,,,,0.209508081,0,
https://select777.net,SELECT777,171279,<b>MONDAY</b>,,10,10,1000,14.88,0,,"{""creditLessThan"":0.1,""walletId"":1,""claimTime"":""N=1"",""displayDescriptionOnly"":""1""}",FREE,0,,DAILY,,,,0.1524215,1,
https://neolux.vip,NEOLUX,721980,"<b style=""color:#686A6C;"">DAY 1 MONDAY</b>",,10,10,1000,14.88,0,,"{""creditLessThan"":0.1,""walletId"":1,""claimTime"":""N=1"",""displayDescriptionOnly"":""1""}",FREE,0,,DAILY,,,,0.1524215,1,
https://harbour33.com,HARBOUR33,815675,<B>Apps Daily Free</B>,,15,15,500,10.01,0,,"{""creditLessThan"":0.1,""walletId"":1,""changeGameId"":1,""displayDescriptionOnly"":""1"",""mobileAppOnly"":""1""}",FREE,0,,,,,,0.5361435018,1,
https://riches88.live,RICHES88,197659,<b>365 Day Free </b>,,10,10,450,10.01,0,,"{""creditLessThan"":0.1,""changeGameld"":1,""displayDescriptionOnly"":""1"",""changeGameId"":1,""walletId"":1}",FREE,0,,DAILY,,,,0.358773794,1,
https://ezspin68.vip,Ezspin68,470005,<b>EZ Free Credit</b>,,199,199,1990,10,0,,"{""creditLessThan"":1,""displayDescriptionOnly"":""1"",""mobileAppOnly"":""1"",""walletId"":1,""changeGameId"":1,""displayAngpaoText"":""0""}",FREE,0,,DAILY,,,,2.840657534,1,
https://ezspin68.vip,Ezspin68,238932,<b>Free Chips</b>,,9.99,9.99,999,10,0,,"{""creditLessThan"":1,""displayDescriptionOnly"":""1"",""mobileAppOnly"":""1"",""walletId"":1,""changeGameId"":1}",FREE,0,,DAILY,,,,0.1321732034,1,
https://keno99.com,Keno99,690699,<b>Earn Point Bonus</b>,,198,198,238,10,0,,"{""creditLessThan"":1,""mobileAppOnly"":""0"",""walletId"":1,""changeGameId"":1,""displayAngpaoText"":""1"",""displayDescriptionOnly"":""1""}",FREE,0,,DAILY,,,,40.12357847,1,
https://jw8au.com,JW8AU,231817,<b>Ultra Daily FREE</b> <b>#R</b>,,888,888,8888,10,0,,"{""creditLessThan"":0.01,""startDate"":""2024-04-03"",""displayDescriptionOnly"":""1"",""walletId"":1,""changeGameId"":1,""mobileAppOnly"":""1""}",FREE,0,,DAILY,,,,3.089249788,1,
https://kingtech88.com,KINGTECH88,1647,Daily Free Chips,,2.88,2.88,100,10,0,,"{""creditLessThan"":0.2,""displayDescriptionOnly"":""1"",""walletId"":1,""changeGameId"":1}",FREE,0,,DAILY,,,,0.4587714565,1,
https://luxeau777.com,LUXEAU777,230235,<b>Free Slot 365Days,,3,3,150,10,0,,"{""creditLessThan"":0.1,""displayDescriptionOnly"":""1"",""displayAngpaoText"":""1""}",FREE,0,,DAILY,,,,0.2915211013,1,
https://luxeau777.com,LUXEAU777,447384,<b>Luxury Event Giveaway</b>,,18,18,250,10,0,,"{""displayDescriptionOnly"":""1"",""walletId"":1,""changeGameId"":1}",FREE,0,,WEEKLY,,,,1.620219321,1,
https://luxeau777.com,LUXEAU777,775516,<b>Download Luxeau777 APK</b>,,20,20,450,10,0,,"{""creditLessThan"":0.1,""displayDescriptionOnly"":""1"",""registerDate"":""2024-06-17"",""walletId"":1,""changeGameId"":1,""mobileAppOnly"":""1"",""displayAngpaoText"":""1""}",FREE,0,,DAILY,,,,0.8926396101,1,
https://cyberpunk369.com,CYBERPUNK369,269919,<b>New 30 Free Spin⭐<b>,,0.1,0.1,100,10,0,,"{""freeRoundAPI"":{""site"":""UUS2"",""params"":{""GameCode"":""10054"",""RoundType"":1,""TotalRound"":30,""BetValue"":1,""LineBet"":0.02,""MaxWinAmount"":100}},""startDate"":""2025-01-25"",""creditLessThan"":0.01,""displayAngpaoText"":""0"",""walletId"":1,""changeGameId"":1,""displayDescriptionOnly"":""1""}",CUSTOM,0,,,,,,0.00620276422,1,
https://cyberpunk369.com,CYBERPUNK369,266828,<b>Download Apps Free</b>,,20,20,300,10,0,,"{""creditLessThan"":0.1,""displayDescriptionOnly"":""1"",""walletId"":1,""changeGameId"":1,""mobileAppOnly"":""1""}",FREE,0,,DAILY,,,,1.481802176,1,
https://cyberpunk369.com,CYBERPUNK369,23780,<b>Hourly Bonus</b>,,3,3,50,10,0,,"{""displayDescriptionOnly"":""1"",""displayAngpaoText"":""1"",""walletId"":1,""changeGameId"":1,""creditLessThan"":0.1,""resetHour"":2}",FREE,0,,HOURLY,,,,1.150990037,1,
https://fc8au.com,FC8AU,243987,LUCKY DAILY WIN FREE,,500,500,10000,10,0,,"{""displayDescriptionOnly"":""1"",""creditLessThan"":0.1,""walletId"":1,""changeGameId"":1}",FREE,0,,DAILY,,,,1.259588898,1,
https://we1winau.com,We1winAU,16665,<b>We1winAU Download APP Free<b>,,20,20,200,10,0,,"{""mobileAppOnly"":""1"",""displayAngpaoText"":""1"",""displayDescriptionOnly"":""1"",""creditLessThan"":0.1,""walletId"":1,""changeGameId"":1}",FREE,0,,,,,,2.459825515,1,
https://southern9.com,SOUTHERN9,21644,DOWNLINE REGISTER GET,,2,2,40,10,0,,"{""customBonus"":""sharebonus"",""creditLessThan"":0.01,""startDate"":""2025-01-20"",""displayAngpaoText"":""1"",""displayDescriptionOnly"":""1"",""fixRT"":1}",CUSTOM,0,,,,,,0.8959826649,1,
https://jaws68.com,JAWS68™ The Ultimate Sports & Pokies in Australia,799599,SOCCER MANIAC BONUS,,5.99,5.99,100,10,0,,"{""creditLessThan"":1,""walletId"":1,""changeGameId"":1,""displayDescriptionOnly"":""1"",""displayAngpaoText"":""1""}",FREE,0,,WEEKLY,,,,1.198295535,1,
https://dd8au.com,DD8AU,469162,DAILY FREE,,500,500,10000,10,0,,"{""creditLessThan"":0.1, ""displayDescriptionOnly"":""1"",""walletId"":1,""changeGameId"":1}",FREE,0,,DAILY,,,,1.259588898,1,
https://mrbet9au.info,MrBet9au,231927,<b>Ultra Daily FREE</b> <b>#R</b>,,888,888,8888,10,0,,"{""creditLessThan"":0.1,""startDate"":""2025-04-03"",""displayDescriptionOnly"":""1"",""walletId"":1,""changeGameId"":1,""mobileAppOnly"":""1""}",FREE,0,,DAILY,,,,3.089249788,0,
https://trust88au.com,ITRUST88,833316,<b>Hourly Free Credit,,5,5,50,10,0,,"{""creditLessThan"":0.1,""displayDescriptionOnly"":""1"",""changeGameId"":1,""walletId"":1}",FREE,0,,HOURLY,,,,2.248141549,1,
https://rubyaud.com,RUBY,483645,<b> Ruby Giveaway</b>,,18,18,300,10,0,,"{""creditLessThan"":0.1,""displayDescriptionOnly"":""1"",""walletId"":1,""changeGameId"":1}",FREE,0,,WEEKLY,,,,1.290022394,1,
https://rubyaud.com,RUBY,748034,<b> Download Apps Free </b>,,20,20,500,10,0,,"{""creditLessThan"":0.1,""displayDescriptionOnly"":""1"",""walletId"":1,""changeGameId"":1,""mobileAppOnly"":""1""}",FREE,0,,DAILY,,,,0.782490892,1,
https://rubyaud.com,RUBY,140758,<b>Free 365</b>,,2,2,100,10,0,,"{""creditLessThan"":0.1,""displayDescriptionOnly"":""1""}",FREE,0,,DAILY,,,,0.2850195147,1,
https://iw99au.com,IW99,215998,<b>JOIN TELEGRAM<b>,,100,100,888,10,0,,"{""displayAngpaoText"":""0"",""displayDescriptionOnly"":""1"",""mobileAppOnly"":""0"",""creditLessThan"":0.1,""registerDate"":""2023-01-01"",""mustJoinTelegramChannel"":""iW99audchannel"",""changeGameId"":1,""walletId"":1}",FREE,0,,,,,,3.16143752,1,
https://redspin88.com,RedSpin,261152,<b>DOWNLOAD APP GIFT FREESPIN<b>,,0.1,0.1,100,10,0,,"{""freeRoundAPI"":{""site"":""BNG2"",""params"":{""campaign"":""BNG free spin"",""total_rounds"":30,""game_id"":""496"",""bonus_type"":""FIXED_FREEBET"",""total_bet"":0.2,""round_bet"":0.2}},""displayDescriptionOnly"":""1"",""creditLessThan"":""0.01"",""displayAngpaoText"":""0"",""startDate"":""2026-03-23"",""walletId"":1,""changeGameId"":1,""mobileAppOnly"":""1""}",FREE,0,,,,,,0.00620276422,1,
https://topaz33.com,TOPAZ33,836390,<b>⭐DAILY HOUR FREE,,3,3,50,10,0,,"{""creditLessThan"":0.1,""walletId"":1,""changeGameId"":1,""displayAngpaoText"":""1"",""displayDescriptionOnly"":""1""}",FREE,0,,HOURLY,,,,1.150990037,1,
https://hollywoodaus.com,HOLLYWOOD,464725,"<b style=""color:gold;"">Download APK</b>",,20,20,400,10,0,,"{""creditLessThan"":0.1,""displayDescriptionOnly"":""1"",""registerDate"":""2024-04-22"",""changeGameid"":1,""mobileAppOnly"":""1"",""displayAngpaoText"":""1"",""changeGameId"":1,""walletId"":1}",FREE,0,,DAILY,,,,1.034229229,1,
https://harbour33.com,HARBOUR33,135990,<b>⭐DAILY HOUR FREE,,4,4,50,10,0,,"{""creditLessThan"":0.1,""walletId"":1,""changeGameId"":1,""displayAngpaoText"":""1"",""displayDescriptionOnly"":""1""}",FREE,0,,HOURLY,,,,1.677620023,1,
https://auboss.co,AU BOSS,826605,<b>DOWNLOAD APP FREE<b>,,10,10,500,10,0,,"{""creditLessThan"":0.5,""displayDescriptionOnly"":""1"",""walletId"":1,""changeGameId"":1,""mobileAppOnly"":""1"",""displayAngpaoText"":""1""}",FREE,0,,DAILY,,,,0.3143831826,1,
https://audgaming8.com,AUDGAMING,166795,<b>Daily Free Credit</b>,,10,10,600,10,0,,"{""creditLessThan"":0.1,""walletId"":1,""changeGameId"":1,""displayDescriptionOnly"":""1""}",FREE,0,,DAILY,,,,0.2503126215,1,
https://rolex9.net,Rolex9,751797,Apps Daily Free,,20,20,300,10,0,,"{""creditLessThan"":1,""displayDescriptionOnly"":""1"",""mobileAppOnly"":""1"",""displayAngpaoText"":""1"",""changeGameId"":1,""walletId"":1}",FREE,0,,DAILY,,,,1.481802176,1,
https://solidluck33.com,SOLIDLUCK33,849259,<b>Welcome Back 31/8/2026</b>,,30,30,800,10,0,,"{""creditLessThan"":0.1,""walletId"":1,""changeGameId"":1,""displayDescriptionOnly"":""1"",""registerBeforeDate"":""2026-08-31"",""displayAngpaoText"":""0""}",FREE,0,,,,,,0.7411560177,1,
https://acehighwin.com,ACEHIGHWIN,199753,<B>Daily Free(Event),,15,15,600,10,0,,"{""creditLessThan"":0.1,""walletId"":1,""changeGameId"":1,""displayDescriptionOnly"":""1""}",FREE,0,,DAILY,,,,0.426717,1,
https://candymommy.co,CANDYMOMMY,239408,<b>Return Back Bonus,,10,10,500,10,0,,"{""displayDescriptionOnly"":""1""}",FREE,0,,MONTHLY,,,,0.3143831826,1,
https://rtpvictory88.com,RTPVICTORY88,221847,<b>HOURLY FREE CREDIT,,3,3,50,10,0,,"{""creditLessThan"":0.1,""walletId"":1,""changeGameId"":1,""displayDescriptionOnly"":""1""}",FREE,0,,HOURLY,,,,1.150990037,1,
https://bondi333.com,BONDI333,839265,<b>Hourly Free</b>,,7.77,7.77,1010,10,0,,"{""displayDescriptionOnly"":""1"",""displayAngpaoText"":""1"",""changeGameld"":1,""creditLessThan"":0.1,""resetHour"":1,""changeGameId"":1,""walletId"":1}",FREE,0,,HOURLY,,,,0.09368390887,1,
https://inskingdom8.com,INSKINGDOM8,461126,<b>Daily Free Credit,,10,10,150,10,0,,"{""creditLessThan"":0.1,""displayDescriptionOnly"":""1"",""changeGameId"":1,""walletId"":1}",FREE,0,,DAILY,,,,1.415982017,1,
https://inskingdom8.com,INSKINGDOM8,237229,<B>Download Apps Free,,50,50,500,10,0,,"{""creditLessThan"":0.1,""displayDescriptionOnly"":""1"",""walletId"":1,""changeGameId"":1,""displayAngpaoText"":""1"",""mobileAppOnly"":""1""}",FREE,0,,,,,,2.609756399,1,
https://dolphin88.co,Dolphin88,829749,<B>EXCLUSIVE BONUS</B>,,50,50,300,10,0,,"{""fixRT"":1,""creditLessThan"":0.1,""displayDescriptionOnly"":""0"",""changeGameId"":1,""walletId"":1,""registerBeforeDate"":""2026-06-15""}",FREE,0,,DAILY,,,,4.942092938,1,
https://spincrown33.com,SpinCrown33,452354,<b>Day 1 (Monday)</b>,,10,10,1000,10,0,,"{""claimTime"":""N=1"",""creditLessThan"":0.01,""showIfAmount"":1,""displayDescriptionOnly"":""1"",""changeGameId"":1,""walletId"":1}",FREE,0,,WEEKLY,,,,0.1321818456,1,
https://spincrown33.com,SpinCrown33,839516,<b>Hourly Free</b>,,7.77,7.77,388.5,10,0,,"{""displayDescriptionOnly"":""1"",""displayAngpaoText"":""1"",""walletId"":1,""changeGameld"":1,""creditLessThan"":0.1,""resetHour"":1,""changeGameId"":1}",FREE,0,,HOURLY,,,,0.3092629835,1,
https://cr33au.com,CR33,691170,"<b style=""color:#;"">Daily Points Reward</b>",,198,198,238,10,0,,"{""creditLessThan"":1,""mobileAppOnly"":""1"",""walletId"":1,""changeGameId"":1}",FREE,0,,DAILY,,,,40.12357847,1,
https://luck77au.com,LUCK777AU,745211,<b>Luck777au Giveaway</b>,,18,18,600,10,0,,"{""displayDescriptionOnly"":""1"",""walletId"":1,""changeGameId"":1}",FREE,0,,WEEKLY,,,,0.5423876032,1,
https://1winbet369.com,1WINBET369,478916,<b> 1Winbet Giveaway $20,,20,20,500,10,0,,"{""displayDescriptionOnly"":""1"",""walletId"":1,""changeGameId"":1}",FREE,0,,WEEKLY,,,,0.782490892,1,
https://unitedau.com,UnitedAu,785322,<b>✅ DAILY HOURLY FREE,,3,3,50,10,0,,"{""creditLessThan"":0.1,""displayDescriptionOnly"":""1"",""walletId"":1,""changeGameId"":1,""displayAngpaoText"":""1""}",FREE,0,,HOURLY,,,,1.150990037,1,
https://lego66.co,Lego77,150368,<b>Download App Bonus</b>,,26,26,466,10,0,,"{""creditLessThan"":0.1,""displayDescriptionOnly"":""1"",""displayAngpaoText"":""1"",""mobileAppOnly"":""1"",""ignoreTrxAmount"":1,""changeGameId"":1,""walletId"":1}",FREE,0,,DAILY,,,,1.206624418,1,
https://neiro55.com,NEIRO55,179616,<b>Daily Free</b>,,25,25,500,10,0,,"{""displayDescriptionOnly"":""1"",""creditLessThan"":0.1,""displayAngpaoText"":""1"",""ignoreTrxAmount"":1,""changeGameId"":1,""walletId"":1}",FREE,0,,DAILY,,,,1.049402532,1,
https://neiro55.com,NEIRO55,179540,<b>For Android Member</b>,,35,35,700,10,0,,"{""displayDescriptionOnly"":""1"",""displayAngpaoText"":""1"",""mobileAppOnly"":""1"",""ignoreTrxAmount"":1,""changeGameId"":1,""walletId"":1}",FREE,0,,DAILY,,,,1.072522063,1,
https://cyberbet77.com,CYBERBET77,822804,<b>⭐️WELCOME BACK AUD88<b>,,88,88,2000,10,0,,"{""creditLessThan"":0.1,""walletId"":1,""changeGameId"":1,""displayDescriptionOnly"":""1"",""registerBeforeDate"":""2026-05-25"",""displayAngpaoText"":""0""}",FREE,0,,,,,,0.9689408751,1,
https://cyberbet77.com,CYBERBET77,823021,<b>DOWNLOAD APP FREE<b>,,10,10,500,10,0,,"{""creditLessThan"":0.5,""displayDescriptionOnly"":""1"",""walletId"":1,""changeGameId"":1,""mobileAppOnly"":""1"",""displayAngpaoText"":""0""}",FREE,0,,DAILY,,,,0.3143831826,0,
https://riches88.live,RICHES88,836782,<b>⭐DAILY HOUR FREE,,3,3,50,10,0,,"{""creditLessThan"":0.1,""walletId"":1,""changeGameId"":1,""displayAngpaoText"":""1"",""displayDescriptionOnly"":""1""}",FREE,0,,HOURLY,,,,1.150990037,0,
https://riches88.live,RICHES88,838648,<b>UUSLOT 30 FREE SPIN<b>,,0.1,0.1,100,10,0,,"{""freeRoundAPI"":{""site"":""UUS2"",""params"":{""GameCode"":""10054"",""RoundType"":1,""TotalRound"":30,""BetValue"":1,""LineBet"":0.02,""MaxWinAmount"":100}},""startDate"":""2025-11-25"",""creditLessThan"":0.01,""displayAngpaoText"":""0"",""walletId"":1,""changeGameId"":1,""displayDescriptionOnly"":""1""}",CUSTOM,0,,,,,,0.00620276422,1,
https://riches88.live,RICHES88,712165,<b>TELEGRAM FREE</b>,,100,100,800,10,0,,"{""mustJoinTelegramChannel"":""riches88au"",""changeGameld"":1,""displayDescriptionOnly"":""1"",""changeGameId"":1,""walletId"":1}",FREE,0,,,,,,3.601955364,1,
https://richspinau.com,RICHSPINAU,210265,<b>FREE 365</b>,,5,5,100,10,0,,"{""creditLessThan"":""0.01"",""displayDescriptionOnly"":""1"",""walletId"":1,""changeGameId"":1}",FREE,0,,DAILY,,,,0.9452270846,1,
https://richspinau.com,RICHSPINAU,710814,<b>Download App Bonus</b>,,20,20,500,10,0,,"{""displayDescriptionOnly"":""1"",""displayAngpaoText"":""1"",""mobileAppOnly"":""1"",""walletId"":1,""changeGameId"":1}",FREE,0,,DAILY,,,,0.782490892,1,
https://crn7.com,CRN7,846269,<b>DAILY LUCKY BOX FREE</b>,,18,18,188,10,0,,"{""displayDescriptionOnly"":""1"",""creditLessThan"":0.1,""registerDate"":""2023-12-1"",""fixRT"":1,""mobileAppOnly"":""0"",""displayAngpaoText"":""0"",""walletId"":1,""changeGameId"":1}",FREE,0,,DAILY,,,,2.313670484,1,
https://mrbean9.com,MrBean9,751475,MrBean9 APP BONUS,,13,13,630,10,0,,"{""creditLessThan"":1,""displayDescriptionOnly"":""1"",""mobileAppOnly"":""1"",""displayAngpaoText"":""1"",""fixRT"":1,""changeGameId"":1,""walletId"":1}",FREE,0,,WEEKLY,,,,0.3325751939,1,
https://betus10.co,BETUS10,218233,<b>Daily Free Credit</b>,,30,30,700,10,0,,"{""creditLessThan"":0.1,""displayDescriptionOnly"":""1"",""ignoreTrxAmount"":1,""changeGameId"":1,""walletId"":1}",FREE,0,,DAILY,,,,0.875789175,1,
https://betus10.co,BETUS10,218234,<b>Download App Bonus</b>,,20,20,500,10,0,,"{""displayDescriptionOnly"":""1"",""displayAngpaoText"":""1"",""mobileAppOnly"":""1"",""ignoreTrxAmount"":1,""changeGameId"":1,""walletId"":1}",FREE,0,,DAILY,,,,0.782490892,0,
https://spinup77.com,SPINUP77,151143,<b>Daily Free</b>,,27,27,577,10,0,,"{""creditLessThan"":0.1,""displayDescriptionOnly"":""1"",""ignoreTrxAmount"":1,""changeGameId"":1,""walletId"":1}",FREE,0,,DAILY,,,,0.9708184036,1,
https://spinup77.com,SPINUP77,151127,<b>Download App Bonus</b>,,27,27,577,10,0,,"{""creditLessThan"":0.1,""displayDescriptionOnly"":""1"",""displayAngpaoText"":""1"",""mobileAppOnly"":""1"",""ignoreTrxAmount"":1,""changeGameId"":1,""walletId"":1}",FREE,0,,DAILY,,,,0.9708184036,1,
https://ozreel88.com,OZ REEL88 l,159340,365 FREE,,10,10,200,10,100,,"{""creditLessThan"":0.1,""displayDescriptionOnly"":""1"",""walletId"":1,""changeGameId"":1,""displayAngpaoText"":""0""}",FREE,0,,DAILY,,,,0.0220303076,1,
https://ozreel88.com,OZ REEL88 l,172692,DOWNLOAD APP,,18.88,18.88,888,10,188,,"{""creditLessThan"":0.1,""displayDescriptionOnly"":""1"",""walletId"":1,""changeGameId"":1,""mobileAppOnly"":""1""}",FREE,0,,,,,,0.006019154115,1,
https://ispeed88au.com,ISPEED88,23517,<b>JOIN TELEGRAM<b>,,100,100,888,10,0,,"{""displayAngpaoText"":""0"",""displayDescriptionOnly"":""1"",""mobileAppOnly"":""0"",""creditLessThan"":0.1,""registerDate"":""2023-01-01"",""mustJoinTelegramChannel"":""ispeedchannel88"",""changeGameId"":1,""walletId"":1}",FREE,0,,,,,,3.16143752,0,
https://vip777au.com,VIP777AU,484053,<b>Vip777au Giveaway </b>,,18,18,300,10,0,,"{""creditLessThan"":0.1,""walletId"":1,""changeGameId"":1,""displayDescriptionOnly"":""1""}",FREE,0,,WEEKLY,,,,1.290022394,1,
https://play77au.com,PLAY77,16061,DAILY CHECK IN : DAY 1,,2,2,100,10,0,,"{""claimTime"":""N=1"",""creditLessThan"":0.1,""maxRoundTargetAll"":500,""displayAngpaoText"":""0"",""walletId"":1,""changeGameId"":1,""displayDescriptionOnly"":""1""}",FREE,0,,DAILY,,,,0.2850195147,1,
https://reef33.vip,Reef33,773817,<b>Hourly Free</b>,,7.77,7.77,1010,10,0,,"{""displayDescriptionOnly"":""1"",""displayAngpaoText"":""1"",""walletId"":1,""changeGameld"":1,""creditLessThan"":0.1,""resetHour"":1}",FREE,0,,HOURLY,,,,0.09368390887,0,
https://wildspin24.com,Wildspin24,836890,Hourly Free Credit,,5,5,50,10,0,,"{""creditLessThan"":0.1,""displayDescriptionOnly"":""1"",""changeGameId"":1,""walletId"":1}",FREE,0,,HOURLY,,,,2.248141549,1,
https://me99aud.com,Me99au,99833,me99 APP BONUS,,15,15,500,10,0,,"{""creditLessThan"":1,""displayDescriptionOnly"":""1"",""mobileAppOnly"":""1"",""displayAngpaoText"":""1"",""fixRT"":1,""changeGameId"":1,""walletId"":1}",FREE,0,,DAILY,,,,0.5359404082,1,
https://ijoker88au.com,IJOKER88,212732,<b>JOIN TELEGRAM<b>,,100,100,1000,10,0,,"{""displayAngpaoText"":""0"",""displayDescriptionOnly"":""1"",""mobileAppOnly"":""0"",""creditLessThan"":0.1,""registerDate"":""2023-01-01"",""mustJoinTelegramChannel"":""iJokerchannel88"",""changeGameId"":1,""walletId"":1}",FREE,0,,,,,,2.725215249,1,
https://aud365.co,AUDBET365,230762,<b>Ultra Daily FREE</b> #R,,888,888,8888,10,0,,"{""creditLessThan"":0.1,""startDate"":""2024-12-21"",""displayDescriptionOnly"":""1"",""walletId"":1,""changeGameId"":1,""mobileAppOnly"":""1""}",FREE,0,,DAILY,,,,3.089249788,1,
https://bigpay77.net,BigPay77,750465,Apps Daily Free,,17,17,500,10,0,,"{""creditLessThan"":1,""displayDescriptionOnly"":""1"",""mobileAppOnly"":""1"",""displayAngpaoText"":""1"",""fixRT"":1,""walletId"":1,""changeGameId"":1}",FREE,0,,DAILY,,,,0.6318727501,1,
https://mee88aus.com,MEE88 AUS,80698,HOURLY FREE CREDIT $23,,23,23,800,10,0,,"{""displayAngpaoText"":""0"",""walletId"":1,""changeGameId"":1,""mobileAppOnly"":""0"",""displayDescriptionOnly"":""1""}",FREE,0,,HOURLY,,,,0.5225972444,1,
https://tab9au.com,TAB9AU,240579,<b>TAB9AU LUCKY #R</b>,,188,188,13888,10,0,,"{""creditLessThan"":0.1,""displayAngpaoText"":""1"",""displayDescriptionOnly"":""1"",""walletId"":1,""changeGameId"":1}",FREE,0,,DAILY,,,,0.2324623784,1,
https://ubet96.com,Ubet AUS,847129,Daily Check In,,12,12,360,10,0,,"{""walletId"":1,""changeGameId"":1,""creditLessThan"":0.1,""displayAngpaoText"":""1"",""displayDescriptionOnly"":""0""}",FREE,0,,DAILY,,,,0.6024965831,1,
https://gold77au.com,GOLD77,162187,"<b style=""color:#;"">Daily Free Chip</b>",,777,777,9324,10,0,,"{""startDate"":""2023-11-15"",""creditLessThan"":0.05,""displayDescriptionOnly"":""1"",""walletId"":1,""changeGameId"":1}",FREE,0,,DAILY,,,,2.444494751,1,
https://in8.one,IN8,796828,FACEBOOK LIMITED BONUS,,8,8,80,10,0,,"{""displayDescriptionOnly"":""1"",""creditLessThan"":0.01,""walletId"":1,""changeGameId"":1}",FREE,0,,DAILY,,,,2.316654479,1,
https://sp77aud.co,SP77AUD,154184,<B>DAILY FREE CHIPS,,10,10,600,10,0,,"{""creditLessThan"":0.1,""walletId"":1,""changeGameId"":1,""displayDescriptionOnly"":""1""}",FREE,0,,DAILY,,,,0.2503126215,1,
https://u88aud.com,U88AUD,25897,<b>U88AUD Download APP Free<b>,,20,20,200,10,0,,"{""mobileAppOnly"":""1"",""displayAngpaoText"":""1"",""displayDescriptionOnly"":""0"",""creditLessThan"":0.1,""walletId"":1,""changeGameId"":1}",FREE,0,,,,,,2.459825515,1,
https://pokiesbillion.com,POKIESBILLION,241382,<b>Download PokiesBillion APK</b>,,20,20,450,10,0,,"{""creditLessThan"":0.1,""displayDescriptionOnly"":""1"",""registerDate"":""2024-06-17"",""walletId"":1,""changeGameId"":1,""mobileAppOnly"":""1"",""displayAngpaoText"":""1""}",FREE,0,,DAILY,,,,0.8926396101,1,
https://pokiesbillion.com,POKIESBILLION,802814,<b>Restore Maintenance Bonus</b>,,8,8,450,10,0,,"{""displayDescriptionOnly"":""1"",""walletId"":1,""changeGameId"":1}",FREE,0,,,,,,0.2674287576,1,
https://pokiesbillion.com,POKIESBILLION,236699,<b>Free All Slot 365Days,,3,3,150,10,0,,"{""creditLessThan"":0.1,""displayDescriptionOnly"":""1"",""displayAngpaoText"":""1""}",FREE,0,,DAILY,,,,0.2915211013,1,
https://pokiesbillion.com,POKIESBILLION,838022,<b>▶️Billion Appreciate 1</b>,,38,38,500,10,0,,"{""creditLessThan"":0.1,""displayDescriptionOnly"":""1"",""walletId"":1,""changeGameId"":1,""displayAngpaoText"":""1""}",FREE,0,,WEEKLY,,,,1.819731468,1,
https://world99aud.com,WORLD99,146386,<b>Download App Bonus</b>,,20,20,499,10,0,,"{""creditLessThan"":0.1,""displayDescriptionOnly"":""1"",""displayAngpaoText"":""1"",""mobileAppOnly"":""1"",""ignoreTrxAmount"":1,""changeGameId"":1,""walletId"":1}",FREE,0,,DAILY,,,,0.7844515303,1,
https://luckymate88.com,Luckymate88,846597,Daily Free $7 MW 9.99,,7,7,100,9.99,0,,"{""creditLessThan"":0.1,""displayDescriptionOnly"":""1"",""claimGroup"":""dailyfree1"",""changeGameId"":1,""walletId"":1}",FREE,0,,DAILY,,,,1.470015601,1,
https://bondibeachbet.com,BONDIBEACHBET,845650,Daily Free $7 MW 9.99,,7,7,100,9.99,0,,"{""creditLessThan"":0.1,""displayDescriptionOnly"":""1"",""claimGroup"":""dailyfree1"",""changeGameId"":1,""walletId"":1}",FREE,0,,DAILY,,,,1.470015601,0,
https://hello88au.com,Hello88AU,846837,Daily Free $7 MW 9.99,,7,7,100,9.99,0,,"{""creditLessThan"":0.1,""displayDescriptionOnly"":""1"",""claimGroup"":""dailyfree1"",""changeGameId"":1,""walletId"":1}",FREE,0,,DAILY,,,,1.470015601,0,
https://audwin9.com,AUDWIN9,134746,VIP Daily Free Credit $19.99,,19.99,19.99,139,9,0,,"{""creditLessThan"":0.5,""displayDescriptionOnly"":""1"",""offUsernames"":[""195295275"",""185529750""],""displayAngpaoText"":""0"",""changeGameId"":1,""walletId"":1}",FREE,0,,DAILY,,,,3.719829734,1,
https://cyberpunk369.com,CYBERPUNK369,16437,<b>Check-in Bonus MONDAY</b>,,10,10,100,9,0,,"{""claimTime"":""N=1"",""displayDescriptionOnly"":""1"",""displayAngpaoText"":""0"",""creditLessThan"":0.1,""walletId"":1,""changeGameId"":1}",FREE,0,,WEEKLY,,,,2.257133719,1,
https://betworld96au.com,Betworld96 Australia Online Casino,846014,<b>Welcome Back Bonus<b>,,26.96,26.96,800,8.96,0,,"{""creditLessThan"":1,""displayDescriptionOnly"":""1"",""walletId"":1,""changeGameId"":1,""displayAngpaoText"":""1""}",FREE,0,,,,,,0.6173443416,1,
https://dolphin88.co,Dolphin88,767719,<b>365 Daily App Bonus</b>,,40.88,40.88,1588,8.8,0,,"{""creditLessThan"":""0.10"",""mobileAppOnly"":""1"",""displayDescriptionOnly"":""1"",""walletId"":1,""changeGameId"":1}",FREE,0,,DAILY,,,,0.449684628,1,
https://dolphin88.co,Dolphin88,145970,<b>Daily Free $38.88 </b>,,38.88,38.88,1088,8.8,0,,"{""walletId"":1,""changeGameId"":1,""creditLessThan"":0.1,""displayDescriptionOnly"":""1""}",FREE,0,,DAILY,,,,0.6753956605,1,
https://mrpokies77.com,MR.POKIES77,802837,<b>Restore Maintenance Bonus</b>,,8,8,500,8,0,,"{""displayDescriptionOnly"":""1"",""walletId"":1,""changeGameId"":1}",FREE,0,,,,,,0.2148104872,1,
https://mrpokies77.com,MR.POKIES77,213611,<b>Download Apps Daily</b>,,20,20,500,5,0,,"{""creditLessThan"":0.1,""displayDescriptionOnly"":""1"",""registerDate"":""2024-06-17"",""walletId"":1,""changeGameld"":1,""mobileAppOnly"":""1"",""displayAngpaoText"":""1""}",FREE,0,,DAILY,,,,0.584694203,1,
https://1spinnwin.com,1SPIN&WIN,27547,<b>Hourly Bonus</b>,,15,15,200,5,0,,"{""displayDescriptionOnly"":""1"",""displayAngpaoText"":""1"",""walletId"":1,""changeGameId"":1,""creditLessThan"":0.1,""resetHour"":2}",FREE,0,,HOURLY,,,,1.258899353,1,
https://topaz33.com,TOPAZ33,763678,<b>Download Apps Free</b>,,20,20,600,5,0,,"{""creditLessThan"":0.5,""displayDescriptionOnly"":""1"",""walletId"":1,""changeGameId"":1,""mobileAppOnly"":""1""}",FREE,0,,DAILY,,,,0.4655348849,1,
https://candymommy.co,CANDYMOMMY,28247,"<b style=""color:black;"">HOURLY BONUS</b>",,15,15,200,5,0,,"{""displayDescriptionOnly"":""1"",""displayAngpaoText"":""1"",""walletId"":1,""changeGameId"":1,""creditLessThan"":0.1,""resetHour"":2}",FREE,0,,HOURLY,,,,1.258899353,1,
https://tab968.com,TAB968,247301,<b>Tab968 Giveaway</b>,,28,28,600,5,0,,"{""displayDescriptionOnly"":""1"",""walletId"":1,""changeGameId"":1}",FREE,0,,WEEKLY,,,,0.7246635554,1,
https://tab968.com,TAB968,258366,<b>Download Apps Tab968</b>,,20,20,500,5,0,,"{""creditLessThan"":0.5,""displayDescriptionOnly"":""1"",""walletId"":1,""changeGameId"":1,""mobileAppOnly"":""1""}",FREE,0,,DAILY,,,,0.584694203,1,
https://unitedau.com,UnitedAu,186216,<b>Download App Bonus</b>,,20,20,500,5,0,,"{""creditLessThan"":0.5,""displayDescriptionOnly"":""1"",""walletId"":1,""changeGameId"":1,""mobileAppOnly"":""1""}",FREE,0,,DAILY,,,,0.584694203,1,
https://riches88.live,RICHES88,763676,<b>Download Apps Free</b>,,20,20,600,5,0,,"{""creditLessThan"":0.5,""displayDescriptionOnly"":""1"",""mobileAppOnly"":""1"",""changeGameId"":1,""walletId"":1}",FREE,0,,DAILY,,,,0.4655348849,0,
https://mrpoint.co,MRPOINT,218874,<b>Hourly Bonus</b>,,15,15,200,5,0,,"{""displayDescriptionOnly"":""1"",""displayAngpaoText"":""1"",""walletId"":1,""changeGameld"":1,""creditLessThan"":0.1,""resetHour"":2}",FREE,0,,HOURLY,,,,1.258899353,0,
https://vip777au.com,VIP777AU,448901,<b>▶️Download Apps Free,,20,20,600,5,0,,"{""creditLessThan"":0.5,""displayDescriptionOnly"":""1"",""walletId"":1,""changeGameId"":1,""mobileAppOnly"":""1""}",FREE,0,,DAILY,,,,0.4655348849,1,
https://neolux.vip,NEOLUX,814615,"<b style=""color:#686A6C;"">365 DAY X2 FREE</b>",,10,10,150,5,0,,"{""creditLessThan"":0.1,""walletId"":1,""changeGameid"":1,""displayDescriptionOnly"":""1"",""changeGameId"":1}",FREE,0,,DAILY,,,,1.058052541,1,
https://luckymate88.com,Luckymate88,846592,Daily Free $5 MW 3.99,,5,5,100,3.99,0,,"{""creditLessThan"":0.1,""displayDescriptionOnly"":""1"",""claimGroup"":""dailyfree1"",""changeGameId"":1,""walletId"":1}",FREE,0,,DAILY,,,,0.633635662,1,
https://luckymate88.com,Luckymate88,720142,(Download APP) Free $10,,10,10,150,3.99,0,,"{""creditLessThan"":0.1,""mobileAppOnly"":""1"",""displayDescriptionOnly"":""1"",""displayAngpaoText"":""1"",""changeGameId"":1,""walletId"":1}",FREE,0,,WEEKLY,,,,0.9492075684,1,
https://bondibeachbet.com,BONDIBEACHBET,845649,Daily Free $5 MW 3.99,,5,5,100,3.99,0,,"{""creditLessThan"":0.1,""displayDescriptionOnly"":""1"",""claimGroup"":""dailyfree1"",""changeGameId"":1,""walletId"":1}",FREE,0,,DAILY,,,,0.633635662,0,
https://bondibeachbet.com,BONDIBEACHBET,720147,(Download APP) Free $10,,10,10,150,3.99,0,,"{""creditLessThan"":0.1,""mobileAppOnly"":""1"",""displayDescriptionOnly"":""1"",""displayAngpaoText"":""1"",""changeGameId"":1,""walletId"":1}",FREE,0,,WEEKLY,,,,0.9492075684,0,
https://hello88au.com,Hello88AU,720131,(Download APP) Free $10,,10,10,150,3.99,0,,"{""creditLessThan"":0.1,""mobileAppOnly"":""1"",""displayDescriptionOnly"":""1"",""displayAngpaoText"":""1"",""changeGameId"":1,""walletId"":1}",FREE,0,,WEEKLY,,,,0.9492075684,0,
https://hello88au.com,Hello88AU,846836,Daily Free $5 MW 3.99,,5,5,100,3.99,0,,"{""creditLessThan"":0.1,""displayDescriptionOnly"":""1"",""claimGroup"":""dailyfree3"",""changeGameId"":1,""walletId"":1}",FREE,0,,DAILY,,,,0.633635662,0,
https://pokiesbillion.com,POKIESBILLION,786911,<b>✅Hourly Free,,3,3,100,3,0,,"{""creditLessThan"":0.1,""walletId"":1,""changeGameld"":1,""displayAngpaoText"":""1"",""displayDescriptionOnly"":""1""}",FREE,0,,HOURLY,,,,0.2797752645,1,
https://luckymate88.com,Luckymate88,847257,WELCOME BACK,,0.2,0.2,200,0.05,0,,"{""freeRoundAPI"":{""site"":""UUS2"",""params"":{""GameCode"":""10075"",""RoundType"":2,""TotalRound"":1,""BetValue"":1,""LineBet"":0.01,""MaxWinAmount"":100}},""creditLessThan"":0.1,""displayAngpaoText"":""1"",""walletId"":1,""changeGameId"":1,""displayDescriptionOnly"":""1""}",FREE,0,,,,,,0.0001271541458,1,
https://mrpokies77.com,MR.POKIES77,180941,<b>FREE 365</b>,,5,5,100,0.05,0,,"{""creditLessThan"":0.1,""displayDescriptionOnly"":""1"",""displayAngpaoText"":""1""}",FREE,0,,DAILY,,,,0.01923261001,1,
https://we1winau.com,We1winAU,16642,<b>Daily Free Credit<b>,,5,5,50,0.05,0,,"{""displayDescriptionOnly"":""1"",""displayAngpaoText"":""1"",""creditLessThan"":0.1,""walletId"":1,""changeGameId"":1}",FREE,0,,DAILY,,,,0.04574311333,1,
https://onyxaud.com,OnyxAUD,133250,<B>Daily Free</b>,,4,4,100,0.05,0,,"{""changeGameId"":1,""walletId"":1}",FREE,0,,DAILY,,,,0.01435185951,1,
https://bondibeachbet.com,BONDIBEACHBET,847673,WELCOME BACK,,0.2,0.2,200,0.05,0,,"{""freeRoundAPI"":{""site"":""UUS2"",""params"":{""GameCode"":""10054"",""RoundType"":2,""TotalRound"":1,""BetValue"":1,""LineBet"":0.01,""MaxWinAmount"":100}},""creditLessThan"":0.1,""displayAngpaoText"":""1"",""walletId"":1,""changeGameId"":1,""displayDescriptionOnly"":""1""}",FREE,0,,,,,,0.0001271541458,0,
https://weplay88.com,WePlay88,164897,<b> FREE 365 DAY </b>,,4,4,100,0.05,0,,"{""displayDescriptionOnly"":""1"",""changeGameId"":1,""walletId"":1}",FREE,0,,DAILY,,,,0.01435185951,1https://play99au.com,"['Play99 Aus Online Pokies', '176401', '<b>IOS & ANDROID APPS BONUS</b>', '', '18.00', '18', '388', '18', '0.00', '', '{""creditLessThan"":1,""displayDescriptionOnly"":""1"",""mobileAppOnly"":""1"",""walletId"":1,""changeGameId"":1,""displayAngpaoText"":""0""}', 'FREE', '0.00', '', '', '', '', '', '1.1485013436929892', '1']"
https://tab968.com,TAB968,13559,<b>FREE 365</b>,,5,5,100,0.05,0,,"{""creditLessThan"":0.1,""displayDescriptionOnly"":""1"",""displayAngpaoText"":""1""}",FREE,0,,DAILY,,,,0.01923261001,0,
https://unitedau.com,UnitedAu,170972,<B>FREE 365</b>,,5,5,100,0.05,0,,"{""creditLessThan"":0.1,""displayDescriptionOnly"":""1"",""displayAngpaoText"":""1""}",FREE,0,,DAILY,,,,0.01923261001,1,
https://vip777au.com,VIP777AU,175472,<b>Free All Slot 365Days</b>,,5,5,100,0.05,0,,"{""creditLessThan"":0.1,""displayDescriptionOnly"":""1""}",FREE,0,,DAILY,,,,0.01923261001,1,
https://speedau.live,SpeedAU,222157,<B>Free 365Days</B>,,4,4,100,0.05,0,,"{""creditLessThan"":0.1,""displayDescriptionOnly"":""1"",""walletId"":1,""changeGameId"":1,""displayAngpaoText"":""1""}",FREE,0,,DAILY,,,,0.01435185951,1,
https://u88aud.com,U88AUD,25859,<b>Daily Free Credit<b>,,5,5,50,0.05,0,,"{""displayDescriptionOnly"":""1"",""displayAngpaoText"":""1"",""creditLessThan"":0.1,""walletId"":1,""changeGameId"":1}",FREE,0,,DAILY,,,,0.04574311333,0,
https://rolex9.net,Rolex9,0,COMMISSION,COMMISSION,,2.5,,,,,,,,,,,,,131.7605991,1,
https://candymommy.co,CANDYMOMMY,0,COMMISSION,COMMISSION,,8.9,,,,,,,,,,,,,142.4925666,1,
https://aud99.com,Aud99,0,Rollover Rebate,REBATE,,0.13,,,,,,,,,,,,,9.374373211,1,
https://wildspin24.com,Wildspin24,0,COMMISSION,COMMISSION,,3.2,,,,,,,,,,,,,133.6424246,1,
https://wildspin24.com,Wildspin24,0,COMMISSION,COMMISSION,,1.6,,,,,,,,,,,,,128.6925281,0,