url,mname,source,status,failures,last_checked,first_seen,last_seen,tracked_days,bonus_count,window_count,last_24h_count,prev_24h_count,distinct_days,total_amount,avg_amount,max_amount,total_perceived,avg_perceived,commission_count,commission_total,avg_minwithdraw,avg_maxwithdraw,avg_rollover,bonuses_per_day,recent_share,growth_24h,hours_since_seen,avg_withdraw_headroom,avg_ratio,avg_rollover_burden,value_per_bonus,value_per_rollover,commission_share,avg_bonus_lifetime_days,stability,avg_daily_value,active_today,referral_url,short_url
https://100payau.com,,urls,Error,0,2026-08-18 03:43:40,,,,0,0,0,0,0,0.0,,,0.00,,0,0.0,,,,,,0,,,,,,,0.0,,,,0,,
https://100pokies.com,KINGPOKIES8,urls,Error,0,2026-08-18 02:33:24,,,,0,0,0,0,0,0.0,,,0.00,,0,0.0,,,,,,0,,,,,,,0.0,,,,0,,
https://11win.com,,urls,Redirect,0,2026-08-18 02:32:53,,,,0,0,0,0,0,0.0,,,0.00,,0,0.0,,,,,,0,,,,,,,0.0,,,,0,,
https://12playau.com,,urls,Redirect,0,2026-06-22 22:48:48,,,,0,0,0,0,0,0.0,,,0.00,,0,0.0,,,,,,0,,,,,,,0.0,,,,0,,
https://19rich.com,19RICH,urls,OK,0,2026-08-23 16:41:26,2026-06-12 10:22:10,2026-08-17 10:59:06,66.0,2,1,0,0,2,4.0,4.0,4.0,4.06,2.03,0,0.0,70.0,70.0,2.0,0.030,0.0,0,149.7,80.0,10.000,10.0,2.03,0.64,0.0,0.00,0.030,0.06,0,,
https://1aupokies.com,,urls,Error,0,2026-08-18 03:43:49,,,,0,0,0,0,0,0.0,,,0.00,,0,0.0,,,,,,0,,,,,,,0.0,,,,0,,
https://1bigwin.com,1BIGWIN,urls,OK,0,2026-08-18 03:40:25,2026-06-12 10:22:02,2026-06-12 10:22:02,0.0,1,1,0,0,1,10.0,10.0,10.0,2.35,2.35,0,0.0,100.0,10.0,0.0,,0.0,0,1734.3,90.0,10.000,10.0,2.35,2.35,0.0,0.00,,,0,,
https://1pokies.com,,urls,Error,0,2026-08-18 03:43:54,,,,0,0,0,0,0,0.0,,,0.00,,0,0.0,,,,,,0,,,,,,,0.0,,,,0,,
https://1spinnwin.com,1SPIN&WIN,urls,Error,0,2026-08-18 03:40:52,2026-06-12 10:21:10,2026-06-17 08:48:29,4.9,2,2,0,0,2,25.0,12.5,15.0,1.28,0.64,0,0.0,150.0,7.5,50.0,0.405,0.0,0,1615.9,142.5,11.667,56.7,0.64,0.63,0.0,0.04,0.405,0.26,0,,
https://1winbet369.com,1WINBET369,urls,Error,0,2026-08-18 03:41:36,2026-06-12 10:21:02,2026-06-12 10:21:02,0.0,2,2,0,0,1,20.0,20.0,20.0,1.00,0.50,0,0.0,300.0,7.5,0.0,,0.0,0,1734.3,292.5,25.000,25.0,0.50,0.50,0.0,0.00,,,0,,
https://spinking.co,SpinKing,urls,Error,0,2026-08-18 03:41:21,2026-06-12 11:11:10,2026-06-17 09:11:09,4.9,2,1,0,0,2,10.0,10.0,10.0,0.90,0.45,0,0.0,250.0,16.0,0.0,0.407,0.0,0,1615.5,234.0,30.000,30.0,0.45,0.45,0.0,2.48,0.407,0.18,0,,
https://pt77au.club,,urls,Error,0,2026-06-20 17:39:35,,,,0,0,0,0,0,0.0,,,0.00,,0,0.0,,,,,,0,,,,,,,0.0,,,,0,,
https://winmore8.com,,urls,Code 530,0,2026-06-20 17:40:07,,,,0,0,0,0,0,0.0,,,0.00,,0,0.0,,,,,,0,,,,,,,0.0,,,,0,,
https://auraaud.com,,urls,Blocked,0,2026-06-20 17:37:06,,,,0,0,0,0,0,0.0,,,0.00,,0,0.0,,,,,,0,,,,,,,0.0,,,,0,,
https://ff96au.com,FF96,urls,Error,0,2026-08-18 02:33:01,2026-06-12 11:11:34,2026-06-12 11:11:34,0.0,1,1,0,0,1,0.0,,,0.01,0.01,0,0.0,100.0,20.0,0.0,,0.0,0,1733.5,80.0,,,0.01,0.01,0.0,0.00,,,0,,
https://drift668.co,,urls,Error,0,2026-06-20 17:37:53,,,,0,0,0,0,0,0.0,,,0.00,,0,0.0,,,,,,0,,,,,,,0.0,,,,0,,
https://spaceman369.com,SPACEMAN369,urls,OK,0,2026-08-23 16:41:04,2026-06-12 11:11:47,2026-06-19 16:54:15,7.2,4,2,0,0,2,118.0,29.5,60.0,4.13,1.03,0,0.0,725.0,22.5,0.0,0.553,0.0,0,1559.8,702.5,31.607,31.6,1.03,1.03,0.0,0.00,0.276,0.57,0,,
https://aussiebt.net,,urls,Error,0,2026-06-20 17:37:06,,,,0,0,0,0,0,0.0,,,0.00,,0,0.0,,,,,,0,,,,,,,0.0,,,,0,,
https://enjoy33.vip,Enjoy33,urls,Error,0,2026-08-18 02:32:55,2026-06-12 11:12:01,2026-06-12 11:12:01,0.0,1,1,0,0,1,0.0,,,0.06,0.06,0,0.0,1888.0,10.0,0.0,,0.0,0,1733.5,1878.0,,,0.06,0.06,0.0,0.00,,,0,,
https://pg9aus.com,,urls,Error,0,2026-06-20 17:38:52,,,,0,0,0,0,0,0.0,,,0.00,,0,0.0,,,,,,0,,,,,,,0.0,,,,0,,
https://efa777.com,EFA777,urls,OK,0,2026-06-20 17:36:12,2026-06-12 11:12:12,2026-06-12 11:12:12,0.0,1,1,0,0,1,0.0,,,0.15,0.15,0,0.0,137.0,20.0,0.0,,0.0,0,1733.5,117.0,,,0.15,0.15,0.0,0.00,,,0,,
https://avg88.com,AVG88 (AUD),urls,Error,0,2026-08-18 02:31:06,2026-06-12 11:12:20,2026-06-12 11:12:20,0.0,3,2,0,0,1,41.0,20.5,36.0,1.59,0.53,0,0.0,498.7,13.3,0.0,,0.0,0,1733.5,485.3,48.800,48.8,0.53,0.53,0.0,0.00,,,0,,
https://astar77au.com,ASIASTAR777AU,urls,Error,0,2026-08-18 02:31:20,2026-06-12 11:12:29,2026-06-12 11:21:58,0.0,1,1,0,0,1,0.0,,,0.26,0.26,0,0.0,200.0,20.0,0.0,151.845,0.0,0,1733.3,180.0,,,0.26,0.26,0.0,0.01,151.845,39.23,0,,
https://scr66.net,,urls,Error,0,2026-06-20 17:40:20,,,,0,0,0,0,0,0.0,,,0.00,,0,0.0,,,,,,0,,,,,,,0.0,,,,0,,
https://a99au.com,A99AU,urls,Method Not Allowed,0,2026-06-20 17:36:57,,,,0,0,0,0,0,0.0,,,0.00,,0,0.0,,,,,,0,,,,,,,0.0,,,,0,,
https://v8au.com,V8,urls,Error,0,2026-08-18 03:42:24,2026-06-12 11:13:05,2026-06-12 11:13:05,0.0,1,1,0,0,1,0.0,,,0.15,0.15,0,0.0,88.0,20.0,0.0,,0.0,0,1733.5,68.0,,,0.15,0.15,0.0,0.00,,,0,,
https://mrpoint.co,MRPOINT,urls,OK,0,2026-06-20 17:38:38,,,,0,0,0,0,0,0.0,,,0.00,,0,0.0,,,,,,0,,,,,,,0.0,,,,0,,
https://luxe66.com,LUXE 66: Where Every Bet is a Taste of Luxury,urls,OK,0,2026-06-20 17:38:19,,,,0,0,0,0,0,0.0,,,0.00,,0,0.0,,,,,,0,,,,,,,0.0,,,,0,,
https://methwin.com,,urls,Error,0,2026-06-20 11:56:48,,,,0,0,0,0,0,0.0,,,0.00,,0,0.0,,,,,,0,,,,,,,0.0,,,,0,,
https://spade69.co,SPADE69,urls,Error,0,2026-08-23 16:40:37,2026-06-12 11:13:40,2026-06-12 11:13:40,0.0,6,2,0,0,1,2020.0,404.0,700.0,305.01,50.84,0,0.0,925.0,69.5,5.0,,0.0,0,1733.5,855.5,60.955,61.0,50.84,50.83,0.0,0.00,,,0,,
https://audgo.net,AUDGO,urls,OK,0,2026-08-18 03:40:23,2026-06-12 11:13:48,2026-06-12 11:13:48,0.0,2,1,0,0,1,20.0,20.0,20.0,1.15,0.57,0,0.0,294.0,20.0,0.0,,0.0,0,1733.5,274.0,25.000,25.0,0.57,0.57,0.0,0.00,,,0,,
https://vicbet777.com,YEAH96,urls,OK,0,2026-06-22 22:49:13,,,,0,0,0,0,0,0.0,,,0.00,,0,0.0,,,,,,0,,,,,,,0.0,,,,0,,
https://mee88aus.com,MEE88 AUS,urls,OK,0,2026-08-18 03:39:49,2026-06-12 11:14:03,2026-06-17 05:25:48,4.8,2,1,0,0,2,23.1,11.6,23.0,5.40,2.70,0,0.0,800.0,199.0,0.0,0.420,0.0,0,1619.3,790.0,34.783,34.8,2.70,2.70,0.0,0.00,0.420,1.14,0,,
https://winmate88.com,,urls,Error,0,2026-06-20 17:41:06,,,,0,0,0,0,0,0.0,,,0.00,,0,0.0,,,,,,0,,,,,,,0.0,,,,0,,
https://imillion88.com,,urls,Redirect,0,2026-06-20 17:38:31,,,,0,0,0,0,0,0.0,,,0.00,,0,0.0,,,,,,0,,,,,,,0.0,,,,0,,
https://betus10.co,BETUS10,urls,OK,0,2026-08-23 16:41:14,2026-06-12 11:15:21,2026-08-17 10:58:43,66.0,4,1,0,0,2,81.0,20.2,30.0,3.01,0.75,0,0.0,522.0,20.0,0.0,0.061,0.0,0,149.7,502.0,30.463,30.5,0.75,0.75,0.0,16.50,0.030,0.05,0,,
https://raabet9.com,Raabet9,urls,OK,0,2026-06-19 16:59:15,,,,0,0,0,0,0,0.0,,,0.00,,0,0.0,,,,,,0,,,,,,,0.0,,,,0,,
https://galaxy96au.com,Galaxy Pokies Casino Australia,urls,OK,0,2026-06-20 17:37:51,,,,0,0,0,0,0,0.0,,,0.00,,0,0.0,,,,,,0,,,,,,,0.0,,,,0,,
https://mrwin77au.com,MrWin77,urls,OK,0,2026-06-19 16:58:48,,,,0,0,0,0,0,0.0,,,0.00,,0,0.0,,,,,,0,,,,,,,0.0,,,,0,,
https://bmb99.com,,urls,Error,0,2026-06-20 17:37:24,,,,0,0,0,0,0,0.0,,,0.00,,0,0.0,,,,,,0,,,,,,,0.0,,,,0,,
https://speedwin99.com,,urls,Redirect,0,2026-06-20 12:02:10,,,,0,0,0,0,0,0.0,,,0.00,,0,0.0,,,,,,0,,,,,,,0.0,,,,0,,
https://dolphin88.co,Dolphin88,urls,OK,0,2026-08-23 16:41:01,2026-06-12 11:16:02,2026-06-17 08:54:53,4.9,4,1,0,0,2,134.8,33.7,50.0,6.37,1.59,0,0.0,819.0,11.9,0.0,0.816,0.0,0,1615.8,807.1,33.207,33.2,1.59,1.59,0.0,0.02,0.408,1.30,0,,
https://msn33.com,,urls,Redirect,0,2026-06-20 17:38:53,,,,0,0,0,0,0,0.0,,,0.00,,0,0.0,,,,,,0,,,,,,,0.0,,,,0,,
https://m88oz.com,,urls,Redirect,0,2026-06-20 11:55:41,,,,0,0,0,0,0,0.0,,,0.00,,0,0.0,,,,,,0,,,,,,,0.0,,,,0,,
https://rubyaud.com,RUBY,urls,OK,0,2026-08-23 16:41:16,2026-06-12 11:16:23,2026-06-12 11:51:24,0.0,3,2,0,0,1,40.0,13.3,20.0,2.57,0.86,0,0.0,300.0,13.3,0.0,123.370,0.0,0,1732.8,286.7,30.556,30.6,0.86,0.86,0.0,0.01,41.123,105.63,0,,
https://auspay96.com,AUSPAY96,urls,OK,0,2026-06-20 17:37:03,,,,0,0,0,0,0,0.0,,,0.00,,0,0.0,,,,,,0,,,,,,,0.0,,,,0,,
https://aussie55.com,,urls,Redirect,0,2026-06-20 17:37:12,,,,0,0,0,0,0,0.0,,,0.00,,0,0.0,,,,,,0,,,,,,,0.0,,,,0,,
https://richpokies.com,RICHPOKIES,urls,Method Not Allowed,0,2026-06-22 22:48:30,,,,0,0,0,0,0,0.0,,,0.00,,0,0.0,,,,,,0,,,,,,,0.0,,,,0,,
https://crown69.co,CROWN69,urls,OK,0,2026-08-18 03:39:22,2026-06-12 11:16:53,2026-08-17 06:20:49,65.8,7,2,0,0,2,2400.0,400.0,740.0,372.64,53.23,0,0.0,602.7,56.0,0.0,0.106,0.0,0,154.3,560.7,25.801,25.8,53.23,53.23,0.0,0.00,0.030,5.66,0,,
https://penguinwin.com,,urls,Error,0,2026-06-20 17:39:06,,,,0,0,0,0,0,0.0,,,0.00,,0,0.0,,,,,,0,,,,,,,0.0,,,,0,,
https://au55.co,Au55,urls,OK,0,2026-06-20 17:37:01,,,,0,0,0,0,0,0.0,,,0.00,,0,0.0,,,,,,0,,,,,,,0.0,,,,0,,
https://jaws68.com,JAWS68™ The Ultimate Sports & Pokies in Australia,urls,OK,0,2026-08-23 16:40:47,2026-06-12 11:17:13,2026-06-12 11:17:13,0.0,5,2,0,0,1,17.2,5.7,11.0,104.86,20.97,0,0.0,134.5,210.6,0.0,,0.0,0,1733.4,121.3,15.172,15.2,20.97,20.97,0.0,0.00,,,0,,
https://ezaud.com,EzAud (AUD),urls,OK,0,2026-08-23 16:41:15,2026-06-12 11:17:20,2026-06-12 11:17:20,0.0,3,2,0,0,1,25.0,12.5,15.0,2.84,0.95,0,0.0,186.0,17.7,0.0,,0.0,0,1733.4,168.3,18.333,18.3,0.95,0.95,0.0,0.00,,,0,,
https://33spins.com,33SPINS / THE BEST ONLINE POKIES IN AUSTRALIA,urls,Error,0,2026-08-18 03:43:39,,,,0,0,0,0,0,0.0,,,0.00,,0,0.0,,,,,,0,,,,,,,0.0,,,,0,,
https://aawin68.com,,urls,Redirect,0,2026-06-20 17:36:52,,,,0,0,0,0,0,0.0,,,0.00,,0,0.0,,,,,,0,,,,,,,0.0,,,,0,,
https://luckyozzie1.com,,urls,Error,0,2026-06-20 11:55:27,,,,0,0,0,0,0,0.0,,,0.00,,0,0.0,,,,,,0,,,,,,,0.0,,,,0,,
https://starspin996.com,StarSpin996,urls,OK,0,2026-08-18 03:40:12,2026-06-12 11:17:46,2026-08-17 10:58:41,66.0,5,1,0,0,2,30.0,15.0,20.0,2.98,0.60,0,0.0,330.0,18.0,0.0,0.076,0.0,0,149.7,312.0,50.000,50.0,0.60,0.60,0.0,0.00,0.030,0.05,0,,
https://sega99aud.com,,urls,Error,0,2026-06-20 17:39:34,,,,0,0,0,0,0,0.0,,,0.00,,0,0.0,,,,,,0,,,,,,,0.0,,,,0,,
https://mrpay9.com,MrPay9 (AUD),urls,OK,0,2026-06-20 17:38:43,,,,0,0,0,0,0,0.0,,,0.00,,0,0.0,,,,,,0,,,,,,,0.0,,,,0,,
https://deep668.co,KINGPOKIES8,urls,OK,0,2026-06-20 17:37:43,,,,0,0,0,0,0,0.0,,,0.00,,0,0.0,,,,,,0,,,,,,,0.0,,,,0,,
https://ispeed88au.com,ISPEED88,urls,Redirect,0,2026-08-23 16:40:57,2026-06-12 11:18:31,2026-06-12 12:06:57,0.0,3,1,0,0,1,288.0,96.0,100.0,24.02,8.01,0,0.0,558.7,15.0,0.0,89.195,0.0,0,1732.6,543.7,5.718,5.7,8.01,8.01,0.0,0.01,29.732,714.18,0,,
https://play99au.com,Play99 Aus Online Pokies,urls,OK,0,2026-08-23 16:41:04,2026-06-12 11:18:40,2026-06-17 08:49:25,4.9,2,1,0,0,2,36.9,18.4,18.9,4.04,2.02,0,0.0,294.0,19.0,0.0,0.408,0.0,0,1615.9,275.0,16.074,16.1,2.02,2.02,0.0,0.00,0.408,0.83,0,,
https://aus2u.com,Aus2u,urls,OK,0,2026-08-23 16:41:17,2026-06-12 11:18:48,2026-06-19 16:52:33,7.2,9,3,0,0,4,744.0,106.3,579.0,5.90,0.66,0,0.0,2189.8,16.6,0.0,1.245,0.0,0,1559.8,2173.2,32.629,32.6,0.66,0.66,0.0,0.01,0.553,0.82,0,,
https://ezspin68.vip,Ezspin68,urls,OK,0,2026-08-23 16:41:22,2026-06-12 11:18:57,2026-06-12 11:18:57,0.0,2,1,0,0,1,209.0,104.5,199.0,2.97,1.49,0,0.0,1494.5,10.0,0.0,,0.0,0,1733.4,1484.5,55.000,55.0,1.49,1.49,0.0,0.00,,,0,,
https://7pokies.com,7POKIES,urls,Error,0,2026-08-18 03:41:58,2026-06-12 11:19:05,2026-06-12 11:19:05,0.0,1,1,0,0,1,5.0,5.0,5.0,0.16,0.16,0,0.0,500.0,20.0,0.0,,0.0,0,1733.4,480.0,100.000,100.0,0.16,0.16,0.0,0.00,,,0,,
https://ilovejili.net,,urls,Error,0,2026-06-20 17:38:11,,,,0,0,0,0,0,0.0,,,0.00,,0,0.0,,,,,,0,,,,,,,0.0,,,,0,,
https://kingdom9aus.com,Kingdom9,urls,Redirect,0,2026-08-18 03:40:42,2026-06-12 11:19:17,2026-06-12 11:19:17,0.0,1,1,0,0,1,0.0,,,0.61,0.61,0,0.0,100.0,20.0,0.0,,0.0,0,1733.4,80.0,,,0.61,0.61,0.0,0.00,,,0,,
https://fatchoy66.club,Fatchoy66 Online Pokies | AtmosGroup Partnership,urls,Error,0,2026-08-18 03:43:04,2026-06-12 11:19:25,2026-06-12 11:19:25,0.0,1,1,0,0,1,0.0,,,0.07,0.07,0,0.0,1066.0,16.0,0.0,,0.0,0,1733.4,1050.0,,,0.07,0.07,0.0,0.00,,,0,,
https://ijoker88au.com,IJOKER88,urls,OK,0,2026-08-23 16:40:40,2026-06-12 11:19:33,2026-08-23 16:40:40,72.2,5,1,1,0,3,339.0,67.8,100.0,116.12,23.22,0,0.0,415.2,69.6,0.0,0.069,0.2,1,0.0,460.8,6.008,4.8,23.22,23.22,0.0,0.00,0.042,1.61,1,,
https://topspin.one,,urls,Error,0,2026-06-20 17:39:54,,,,0,0,0,0,0,0.0,,,0.00,,0,0.0,,,,,,0,,,,,,,0.0,,,,0,,
https://candymommy.co,CANDYMOMMY,urls,OK,0,2026-08-23 16:41:21,2026-06-12 11:20:16,2026-06-12 11:20:16,0.0,3,2,0,0,1,225.0,75.0,200.0,3.09,1.03,0,0.0,1566.7,11.7,0.0,,0.0,0,1733.4,1555.0,27.778,27.8,1.03,1.03,0.0,0.00,,,0,,
https://mb9au.net,MB9AU Online Slots,urls,Error,0,2026-08-18 03:42:59,2026-06-12 11:20:24,2026-06-16 02:13:37,3.6,1,1,0,0,1,0.0,,,0.15,0.15,0,0.0,188.0,18.0,0.0,0.276,0.0,0,1646.5,170.0,,,0.15,0.15,0.0,3.62,0.276,0.04,0,,
https://toystory9au.com,ToyStory9,urls,OK,0,2026-06-19 16:59:27,,,,0,0,0,0,0,0.0,,,0.00,,0,0.0,,,,,,0,,,,,,,0.0,,,,0,,
https://auboss.co,AU BOSS,urls,Error,0,2026-08-18 03:41:03,2026-06-12 11:20:40,2026-06-12 11:31:06,0.0,2,1,0,0,1,12.0,6.0,10.0,0.68,0.34,0,0.0,300.0,15.0,0.0,276.038,0.0,0,1733.2,285.0,50.000,50.0,0.34,0.34,0.0,0.00,138.019,93.34,0,,
https://bigboss88.vip,BIGBOSS,urls,Error,0,2026-08-18 03:42:17,2026-06-12 11:20:47,2026-06-12 11:20:47,0.0,1,1,0,0,1,0.0,,,0.04,0.04,0,0.0,108.0,10.0,0.0,,0.0,0,1733.3,98.0,,,0.04,0.04,0.0,0.00,,,0,,
https://pokies2u.com,,urls,Blocked,0,2026-06-20 17:39:07,,,,0,0,0,0,0,0.0,,,0.00,,0,0.0,,,,,,0,,,,,,,0.0,,,,0,,
https://kangaroo88.com,Kangaroo88,urls,Redirect,0,2026-08-18 03:40:49,2026-06-12 11:21:01,2026-06-12 12:10:01,0.0,3,1,0,0,1,13.9,6.9,10.9,0.98,0.33,0,0.0,200.0,26.0,10.0,88.163,0.0,0,1732.5,207.3,36.765,33.4,0.33,0.21,0.0,0.01,29.388,28.83,0,,
https://spinsage33.com,,urls,Error,0,2026-06-20 17:39:24,,,,0,0,0,0,0,0.0,,,0.00,,0,0.0,,,,,,0,,,,,,,0.0,,,,0,,
https://onewin9.com,ONEWIN9,urls,Error,0,2026-08-18 02:32:33,2026-06-12 11:21:14,2026-06-12 11:21:14,0.0,1,1,0,0,1,0.0,,,0.43,0.43,0,0.0,80.0,10.0,0.0,,0.0,0,1733.3,70.0,,,0.43,0.43,0.0,0.00,,,0,,
https://ninjaturtle.vip,,urls,Redirect,0,2026-06-20 17:38:54,,,,0,0,0,0,0,0.0,,,0.00,,0,0.0,,,,,,0,,,,,,,0.0,,,,0,,
https://jackpotmate88.com,JackpotMate88,urls,OK,0,2026-06-19 16:58:11,,,,0,0,0,0,0,0.0,,,0.00,,0,0.0,,,,,,0,,,,,,,0.0,,,,0,,
https://cocspin.com,,urls,Redirect,0,2026-06-20 17:37:31,,,,0,0,0,0,0,0.0,,,0.00,,0,0.0,,,,,,0,,,,,,,0.0,,,,0,,
https://sapphireaud.com,SAPPHIRE,urls,Error,0,2026-08-18 02:30:36,2026-06-12 11:21:40,2026-08-17 10:59:10,66.0,5,2,0,0,3,17.8,4.4,7.8,1.44,0.29,0,0.0,345.4,8.0,0.0,0.076,0.0,0,149.7,337.4,53.333,53.3,0.29,0.29,0.0,0.00,0.045,0.02,0,,
https://jk123au.com,Gday123 Australia,urls,Error,0,2026-08-18 03:41:51,2026-06-12 11:21:47,2026-06-16 02:06:24,3.6,2,1,0,0,2,7.0,7.0,7.0,0.47,0.23,0,0.0,225.0,22.5,0.0,0.553,0.0,0,1646.6,202.5,50.000,50.0,0.23,0.23,0.0,0.02,0.553,0.13,0,,
https://aussie8.net,,urls,Error,0,2026-06-20 17:37:10,,,,0,0,0,0,0,0.0,,,0.00,,0,0.0,,,,,,0,,,,,,,0.0,,,,0,,
https://betzilla88.com,Betzilla,urls,OK,0,2026-06-22 22:48:53,,,,0,0,0,0,0,0.0,,,0.00,,0,0.0,,,,,,0,,,,,,,0.0,,,,0,,
https://win29.club,WIN29,urls,Error,0,2026-08-18 03:42:11,2026-06-12 11:22:07,2026-06-12 11:22:07,0.0,1,1,0,0,1,0.0,,,0.14,0.14,0,0.0,88.0,10.0,0.0,,0.0,0,1733.3,78.0,,,0.14,0.14,0.0,0.00,,,0,,
https://eq9au.com,EQ9,urls,Error,0,2026-08-18 03:41:13,2026-06-12 11:22:13,2026-06-12 11:22:13,0.0,2,1,0,0,1,0.0,,,0.49,0.24,0,0.0,394.0,20.0,0.0,,0.0,0,1733.3,374.0,,,0.24,0.24,0.0,0.00,,,0,,
https://auspin8.com,,urls,Error,0,2026-06-22 22:48:33,,,,0,0,0,0,0,0.0,,,0.00,,0,0.0,,,,,,0,,,,,,,0.0,,,,0,,
https://mrbet9au.info,MrBet9au,urls,Error,0,2026-08-18 02:30:21,2026-06-12 11:22:23,2026-06-12 12:06:08,0.0,2,1,0,0,1,888.0,888.0,888.0,3.24,1.62,0,0.0,4484.0,10.0,0.0,65.829,0.0,0,1732.6,4474.0,10.009,10.0,1.62,1.62,0.0,0.02,32.914,106.73,0,,
https://crackspin.com,,urls,Redirect,0,2026-06-20 17:37:34,,,,0,0,0,0,0,0.0,,,0.00,,0,0.0,,,,,,0,,,,,,,0.0,,,,0,,
https://aucloud9.com,Cloud9,urls,Error,0,2026-08-18 03:41:29,2026-06-12 11:22:36,2026-06-12 11:22:36,0.0,1,1,0,0,1,9.0,9.0,9.0,0.23,0.23,0,0.0,700.0,20.0,0.0,,0.0,0,1733.3,680.0,77.778,77.8,0.23,0.23,0.0,0.00,,,0,,
https://sure66.com,sureWin66 (AUD),urls,OK,0,2026-06-19 16:59:21,,,,0,0,0,0,0,0.0,,,0.00,,0,0.0,,,,,,0,,,,,,,0.0,,,,0,,
https://unitedau.com,UnitedAu,urls,OK,0,2026-08-23 16:40:33,2026-06-12 11:22:51,2026-08-17 06:21:11,65.8,8,3,0,0,2,184.5,23.1,88.0,122.28,15.28,0,0.0,492.9,247.9,0.0,0.122,0.0,0,154.3,465.4,29.988,30.0,15.28,15.28,0.0,0.00,0.030,1.86,0,,
https://iau9.com,BonzaWin (AUD),urls,OK,0,2026-08-18 02:29:33,2026-06-12 11:23:00,2026-06-12 11:23:00,0.0,2,1,0,0,1,19.0,9.5,10.0,1.66,0.83,0,0.0,249.0,15.0,0.0,,0.0,0,1733.3,234.0,26.561,26.6,0.83,0.83,0.0,0.00,,,0,,
https://luna8.co,Luna8,urls,OK,0,2026-06-20 17:38:30,,,,0,0,0,0,0,0.0,,,0.00,,0,0.0,,,,,,0,,,,,,,0.0,,,,0,,
https://efa99aus.com,EFA99AUS,urls,Redirect,0,2026-08-18 03:39:42,2026-06-12 11:23:17,2026-06-12 11:23:17,0.0,3,1,0,0,1,888.5,444.2,888.0,106.41,35.47,0,0.0,4488.0,340.0,0.0,,0.0,0,1733.3,4478.0,10.009,10.0,35.47,35.47,0.0,0.00,,,0,,
https://payday247.net,,urls,Redirect,0,2026-06-20 11:58:39,,,,0,0,0,0,0,0.0,,,0.00,,0,0.0,,,,,,0,,,,,,,0.0,,,,0,,
https://emu668.co,,urls,Redirect,0,2026-06-22 22:48:56,,,,0,0,0,0,0,0.0,,,0.00,,0,0.0,,,,,,0,,,,,,,0.0,,,,0,,
https://eway7.com,,urls,Error,0,2026-06-20 11:50:58,,,,0,0,0,0,0,0.0,,,0.00,,0,0.0,,,,,,0,,,,,,,0.0,,,,0,,
https://kingpay77au.com,,urls,Error,0,2026-06-20 11:54:39,,,,0,0,0,0,0,0.0,,,0.00,,0,0.0,,,,,,0,,,,,,,0.0,,,,0,,
https://diceau.online,SOLIDLUCK33,urls,Redirect,0,2026-06-20 17:37:33,,,,0,0,0,0,0,0.0,,,0.00,,0,0.0,,,,,,0,,,,,,,0.0,,,,0,,
https://mansion7.fun,AX99 AUS,urls,Redirect,0,2026-06-20 11:56:00,,,,0,0,0,0,0,0.0,,,0.00,,0,0.0,,,,,,0,,,,,,,0.0,,,,0,,
https://strawberry96.com,,urls,Error,0,2026-06-20 17:39:38,,,,0,0,0,0,0,0.0,,,0.00,,0,0.0,,,,,,0,,,,,,,0.0,,,,0,,
https://ex77au.com,,urls,Redirect,0,2026-06-20 11:51:02,,,,0,0,0,0,0,0.0,,,0.00,,0,0.0,,,,,,0,,,,,,,0.0,,,,0,,
https://irich88.co,,urls,Redirect,0,2026-06-20 17:38:32,,,,0,0,0,0,0,0.0,,,0.00,,0,0.0,,,,,,0,,,,,,,0.0,,,,0,,
https://imperium9.com,,urls,Error,0,2026-06-20 11:53:36,,,,0,0,0,0,0,0.0,,,0.00,,0,0.0,,,,,,0,,,,,,,0.0,,,,0,,
https://opera777.co,TAXIS33 - VIP Platform,urls,Redirect,0,2026-06-20 17:39:27,,,,0,0,0,0,0,0.0,,,0.00,,0,0.0,,,,,,0,,,,,,,0.0,,,,0,,
https://thestar.asia,TheStar,urls,OK,0,2026-08-23 16:41:04,2026-06-12 11:24:46,2026-08-17 06:21:16,65.8,2,1,0,0,2,1165.0,582.5,777.0,7.63,3.82,0,0.0,5832.5,20.0,0.0,0.030,0.0,0,154.3,5812.5,10.015,10.0,3.82,3.82,0.0,0.00,0.030,0.12,0,,
https://queenau.com,,urls,Error,0,2026-06-20 17:39:11,,,,0,0,0,0,0,0.0,,,0.00,,0,0.0,,,,,,0,,,,,,,0.0,,,,0,,
https://decho34.com,Decho34,urls,Error,0,2026-08-18 02:30:39,2026-06-12 11:24:57,2026-06-12 11:24:57,0.0,2,1,0,0,1,16.0,8.0,10.0,0.85,0.43,0,0.0,390.0,23.0,0.0,,0.0,0,1733.3,367.0,52.000,52.0,0.43,0.43,0.0,0.00,,,0,,
https://mnp88.pro,,urls,Error,0,2026-06-20 11:57:11,,,,0,0,0,0,0,0.0,,,0.00,,0,0.0,,,,,,0,,,,,,,0.0,,,,0,,
https://ozplay.net,,urls,Error,0,2026-06-22 22:48:26,,,,0,0,0,0,0,0.0,,,0.00,,0,0.0,,,,,,0,,,,,,,0.0,,,,0,,
https://ssv96.com,SSV96,urls,Error,0,2026-08-18 03:42:40,2026-06-12 11:25:14,2026-06-12 11:25:14,0.0,1,1,0,0,1,0.0,,,0.09,0.09,0,0.0,200.0,30.0,0.0,,0.0,0,1733.3,170.0,,,0.09,0.09,0.0,0.00,,,0,,
https://zircon33.com,,urls,Error,0,2026-06-20 12:07:11,,,,0,0,0,0,0,0.0,,,0.00,,0,0.0,,,,,,0,,,,,,,0.0,,,,0,,
https://mkaus.co,MK Gaming,urls,Error,0,2026-08-18 03:42:52,2026-06-12 11:25:27,2026-06-12 11:25:27,0.0,1,1,0,0,1,1.0,1.0,1.0,0.12,0.12,0,0.0,127.0,27.0,0.0,,0.0,0,1733.3,100.0,127.000,127.0,0.12,0.12,0.0,0.00,,,0,,
https://kuromiau.com,,urls,Error,0,2026-06-20 17:38:13,,,,0,0,0,0,0,0.0,,,0.00,,0,0.0,,,,,,0,,,,,,,0.0,,,,0,,
https://mrau7.com,MR.AU7,urls,OK,0,2026-06-20 17:38:46,,,,0,0,0,0,0,0.0,,,0.00,,0,0.0,,,,,,0,,,,,,,0.0,,,,0,,
https://aus26.com,,urls,Redirect,0,2026-06-20 17:37:04,,,,0,0,0,0,0,0.0,,,0.00,,0,0.0,,,,,,0,,,,,,,0.0,,,,0,,
https://tlcwin.com,,urls,Error,0,2026-06-20 12:03:00,,,,0,0,0,0,0,0.0,,,0.00,,0,0.0,,,,,,0,,,,,,,0.0,,,,0,,
https://inskingdom8.com,INSKINGDOM8,urls,OK,0,2026-08-23 16:40:48,2026-06-12 11:25:59,2026-06-12 12:03:36,0.0,3,1,0,0,1,160.0,53.3,100.0,19.83,6.61,0,0.0,316.7,15.0,0.0,114.843,0.0,0,1732.6,301.7,9.333,9.3,6.61,6.61,0.0,0.01,38.281,759.16,0,,
https://qbet21au.com,Qbet21,urls,OK,0,2026-06-19 16:59:05,,,,0,0,0,0,0,0.0,,,0.00,,0,0.0,,,,,,0,,,,,,,0.0,,,,0,,
https://jokers11.com,,urls,Blocked,0,2026-06-20 17:38:37,,,,0,0,0,0,0,0.0,,,0.00,,0,0.0,,,,,,0,,,,,,,0.0,,,,0,,
https://ubibet.co,,urls,Error,0,2026-06-22 22:48:39,,,,0,0,0,0,0,0.0,,,0.00,,0,0.0,,,,,,0,,,,,,,0.0,,,,0,,
https://fastau.co,,urls,Redirect,0,2026-06-20 17:37:44,,,,0,0,0,0,0,0.0,,,0.00,,0,0.0,,,,,,0,,,,,,,0.0,,,,0,,
https://a1club88.com,,urls,Redirect,0,2026-06-22 22:48:28,,,,0,0,0,0,0,0.0,,,0.00,,0,0.0,,,,,,0,,,,,,,0.0,,,,0,,
https://gtbet9au.com,GTBET9,urls,OK,0,2026-06-19 16:58:01,,,,0,0,0,0,0,0.0,,,0.00,,0,0.0,,,,,,0,,,,,,,0.0,,,,0,,
https://tab9au.com,TAB9AU,urls,OK,0,2026-08-23 16:40:45,2026-06-12 11:26:42,2026-06-12 11:26:42,0.0,3,1,0,0,1,1176.0,588.0,777.0,89.10,29.70,0,0.0,2792.3,23.3,0.0,,0.0,0,1733.2,2769.0,5.506,5.5,29.70,29.70,0.0,0.00,,,0,,
https://s888aus.com,S888,urls,OK,0,2026-06-20 17:39:09,,,,0,0,0,0,0,0.0,,,0.00,,0,0.0,,,,,,0,,,,,,,0.0,,,,0,,
https://methking.com,MethKing,urls,OK,0,2026-06-20 17:38:58,,,,0,0,0,0,0,0.0,,,0.00,,0,0.0,,,,,,0,,,,,,,0.0,,,,0,,
https://harbour33.com,HARBOUR33,urls,OK,0,2026-08-23 16:41:07,2026-06-12 11:27:08,2026-06-12 11:27:08,0.0,3,1,0,0,1,107.0,35.7,88.0,4.88,1.63,0,0.0,516.7,11.7,0.0,,0.0,0,1733.2,505.0,19.066,19.1,1.63,1.63,0.0,0.00,,,0,,
https://waboom77.com,,urls,Error,0,2026-06-20 12:05:08,,,,0,0,0,0,0,0.0,,,0.00,,0,0.0,,,,,,0,,,,,,,0.0,,,,0,,
https://au99.co,AU99,urls,OK,0,2026-06-20 17:36:58,,,,0,0,0,0,0,0.0,,,0.00,,0,0.0,,,,,,0,,,,,,,0.0,,,,0,,
https://fight22.com,FIGHT22,urls,OK,0,2026-06-20 17:38:03,,,,0,0,0,0,0,0.0,,,0.00,,0,0.0,,,,,,0,,,,,,,0.0,,,,0,,
https://cola88au.co,,urls,Error,0,2026-06-22 22:49:06,,,,0,0,0,0,0,0.0,,,0.00,,0,0.0,,,,,,0,,,,,,,0.0,,,,0,,
https://v12betau.net,V12BET,urls,OK,0,2026-06-20 17:39:54,,,,0,0,0,0,0,0.0,,,0.00,,0,0.0,,,,,,0,,,,,,,0.0,,,,0,,
https://mate96.com,,urls,Redirect,0,2026-06-20 11:56:14,,,,0,0,0,0,0,0.0,,,0.00,,0,0.0,,,,,,0,,,,,,,0.0,,,,0,,
https://luckymate88.com,Luckymate88,urls,Redirect,0,2026-08-18 02:29:59,2026-06-12 11:28:10,2026-06-16 02:08:22,3.6,2,2,0,0,1,15.0,7.5,10.0,1.58,0.79,0,0.0,125.0,4.0,0.0,0.554,0.0,0,1646.6,121.0,17.500,17.5,0.79,0.79,0.0,3.61,0.277,0.44,0,,
https://spinfortune777.com,SpinFortune777,urls,OK,0,2026-08-18 03:40:36,2026-06-12 11:28:17,2026-08-17 10:58:32,66.0,4,1,0,0,2,49.8,12.4,25.0,1.44,0.36,0,0.0,881.8,17.5,0.0,0.061,0.0,0,149.7,864.2,57.708,57.7,0.36,0.36,0.0,0.00,0.030,0.02,0,,
https://hb88au.com,HB88 PayID Casino Australia,urls,OK,0,2026-06-20 17:38:10,,,,0,0,0,0,0,0.0,,,0.00,,0,0.0,,,,,,0,,,,,,,0.0,,,,0,,
https://sixty9.co,Sixty9,urls,OK,0,2026-06-19 16:59:21,,,,0,0,0,0,0,0.0,,,0.00,,0,0.0,,,,,,0,,,,,,,0.0,,,,0,,
https://tiger88.games,TIGER88,urls,Error,0,2026-08-18 02:31:15,2026-06-12 11:28:44,2026-06-12 11:28:44,0.0,3,1,0,0,1,20.0,20.0,20.0,0.86,0.29,0,0.0,473.3,20.0,0.0,,0.0,0,1733.2,453.3,50.000,50.0,0.29,0.29,0.0,0.00,,,0,,
https://ufc66.com,UFC66,urls,OK,0,2026-06-22 22:48:54,,,,0,0,0,0,0,0.0,,,0.00,,0,0.0,,,,,,0,,,,,,,0.0,,,,0,,
https://neolux.vip,NEOLUX,urls,OK,0,2026-08-18 03:40:24,2026-06-12 11:29:09,2026-06-20 17:35:03,8.3,6,1,0,0,5,198.0,33.0,68.0,2.01,0.34,0,0.0,2740.0,13.3,0.0,0.727,0.0,0,1535.1,2726.7,77.279,77.3,0.34,0.34,0.0,0.00,0.606,0.24,0,,
https://rec99au.com,REC99AU,urls,Error,0,2026-08-18 03:42:45,2026-06-12 11:29:16,2026-06-12 11:29:16,0.0,1,1,0,0,1,0.0,,,0.05,0.05,0,0.0,100.0,10.0,0.0,,0.0,0,1733.2,90.0,,,0.05,0.05,0.0,0.00,,,0,,
https://rockgold33.com,,urls,Redirect,0,2026-06-20 17:39:16,,,,0,0,0,0,0,0.0,,,0.00,,0,0.0,,,,,,0,,,,,,,0.0,,,,0,,
https://king88pokies.com,King88,urls,OK,0,2026-08-23 16:41:10,2026-06-12 11:29:31,2026-06-16 01:27:36,3.6,3,2,0,0,2,19.8,6.6,8.9,3.33,1.11,0,0.0,352.0,20.0,0.0,0.838,0.0,0,1647.2,332.0,70.313,70.3,1.11,1.11,0.0,0.00,0.558,0.93,0,,
https://fightspin.net,,urls,Redirect,0,2026-06-20 11:51:58,,,,0,0,0,0,0,0.0,,,0.00,,0,0.0,,,,,,0,,,,,,,0.0,,,,0,,
https://gembetaus.com,GEM9BET,urls,OK,0,2026-08-23 16:41:25,2026-06-12 11:29:46,2026-06-12 11:29:46,0.0,2,2,0,0,1,10.9,5.4,8.9,1.69,0.84,0,0.0,174.5,20.0,0.0,,0.0,0,1733.2,154.5,58.446,58.4,0.84,0.84,0.0,0.00,,,0,,
https://mmd9.net,MMD9WIN,urls,Error,0,2026-08-18 02:32:34,2026-06-12 11:29:52,2026-06-12 11:29:52,0.0,1,1,0,0,1,0.0,,,0.02,0.02,0,0.0,100.0,20.0,0.0,,0.0,0,1733.2,80.0,,,0.02,0.02,0.0,0.00,,,0,,
https://u99au.com,,urls,Redirect,0,2026-06-20 17:40:35,,,,0,0,0,0,0,0.0,,,0.00,,0,0.0,,,,,,0,,,,,,,0.0,,,,0,,
https://ubet66aus.com,UBET66AUS,urls,Error,0,2026-08-18 02:31:59,2026-06-12 11:30:07,2026-06-12 11:30:07,0.0,1,1,0,0,1,0.0,,,0.30,0.30,0,0.0,366.0,20.0,0.0,,0.0,0,1733.2,346.0,,,0.30,0.30,0.0,0.00,,,0,,
https://mrlucky9.com,MrLucky9,urls,OK,0,2026-06-19 16:58:51,,,,0,0,0,0,0,0.0,,,0.00,,0,0.0,,,,,,0,,,,,,,0.0,,,,0,,
https://uap66.com,UAP66,urls,OK,0,2026-06-20 17:39:51,,,,0,0,0,0,0,0.0,,,0.00,,0,0.0,,,,,,0,,,,,,,0.0,,,,0,,
https://aus789.com,Aus789 PayID Casino Australia,urls,Redirect,0,2026-08-18 03:40:52,2026-06-12 11:30:32,2026-06-12 11:30:32,0.0,2,0,0,0,1,28.0,14.0,16.0,1.28,0.64,0,0.0,488.0,20.0,0.0,,0.0,0,1733.2,468.0,35.458,35.5,0.64,0.64,0.0,0.00,,,0,,
https://kaboom77.com,Kaboom77,urls,Error,0,2026-08-18 03:41:59,2026-06-12 11:30:41,2026-06-12 11:30:41,0.0,1,1,0,0,1,0.0,,,0.25,0.25,0,0.0,200.0,17.0,0.0,,0.0,0,1733.2,183.0,,,0.25,0.25,0.0,0.00,,,0,,
https://nextpokies.com,NextPokies,urls,Error,0,2026-08-18 02:32:46,2026-06-12 11:30:50,2026-06-12 11:30:50,0.0,1,1,0,0,1,0.0,,,0.26,0.26,0,0.0,200.0,20.0,0.0,,0.0,0,1733.2,180.0,,,0.26,0.26,0.0,0.00,,,0,,
https://space9au.com,SPACE9,urls,Error,0,2026-08-18 02:30:43,2026-06-12 11:30:56,2026-06-16 01:38:27,3.6,3,1,0,0,2,20.0,20.0,20.0,1.01,0.34,0,0.0,566.7,23.3,0.0,0.836,0.0,0,1647.1,543.3,50.000,50.0,0.34,0.34,0.0,0.00,0.557,0.28,0,,
https://cyberbet77.com,CYBERBET77,urls,OK,0,2026-08-18 03:40:18,2026-06-12 11:31:05,2026-06-12 11:31:06,0.0,3,2,0,0,1,93.0,31.0,88.0,2.48,0.83,0,0.0,716.7,13.3,0.0,259200.000,0.0,0,1733.2,703.3,29.798,29.8,0.83,0.83,0.0,0.00,86400.000,214428.39,0,,
https://cuntsick.com,CUNTSICK,urls,OK,0,2026-06-22 22:49:01,,,,0,0,0,0,0,0.0,,,0.00,,0,0.0,,,,,,0,,,,,,,0.0,,,,0,,
https://glbet9.com,GLBET9,urls,Error,0,2026-08-18 03:42:29,2026-06-12 11:31:19,2026-06-12 11:31:19,0.0,2,2,0,0,1,8.9,8.9,8.9,0.25,0.13,0,0.0,500.0,20.0,0.0,,0.0,0,1733.2,480.0,90.090,90.1,0.13,0.13,0.0,0.00,,,0,,
https://paynow77.com,,urls,Error,0,2026-06-20 17:38:57,,,,0,0,0,0,0,0.0,,,0.00,,0,0.0,,,,,,0,,,,,,,0.0,,,,0,,
https://kingsman369.co,,urls,Error,0,2026-06-20 17:38:23,,,,0,0,0,0,0,0.0,,,0.00,,0,0.0,,,,,,0,,,,,,,0.0,,,,0,,
https://we1winau.com,We1winAU,urls,OK,0,2026-08-23 16:41:01,2026-06-12 11:31:36,2026-06-12 12:19:10,0.0,3,2,0,0,1,63.0,21.0,38.0,5.07,1.69,0,0.0,210.0,6.7,0.0,90.820,0.0,0,1732.4,203.3,10.000,10.0,1.69,1.69,0.0,0.02,30.273,153.49,0,,
https://tony99aus.com,,urls,Redirect,0,2026-06-20 12:03:13,,,,0,0,0,0,0,0.0,,,0.00,,0,0.0,,,,,,0,,,,,,,0.0,,,,0,,
https://candy96.com,CANDY96,urls,OK,0,2026-06-20 17:37:27,,,,0,0,0,0,0,0.0,,,0.00,,0,0.0,,,,,,0,,,,,,,0.0,,,,0,,
https://f88spins.com,F88Spins,urls,OK,0,2026-06-20 17:37:47,,,,0,0,0,0,0,0.0,,,0.00,,0,0.0,,,,,,0,,,,,,,0.0,,,,0,,
https://audmachine.com,,urls,Redirect,0,2026-06-20 11:46:05,,,,0,0,0,0,0,0.0,,,0.00,,0,0.0,,,,,,0,,,,,,,0.0,,,,0,,
https://afl88.com,AFL88,urls,OK,0,2026-06-20 17:36:51,,,,0,0,0,0,0,0.0,,,0.00,,0,0.0,,,,,,0,,,,,,,0.0,,,,0,,
https://bonza96.com,Bonza96,urls,OK,0,2026-06-20 17:37:24,,,,0,0,0,0,0,0.0,,,0.00,,0,0.0,,,,,,0,,,,,,,0.0,,,,0,,
https://xbox98.com,XMETH98,urls,OK,0,2026-06-20 17:41:15,,,,0,0,0,0,0,0.0,,,0.00,,0,0.0,,,,,,0,,,,,,,0.0,,,,0,,
https://vegas99.co,,urls,Redirect,0,2026-06-20 12:04:33,,,,0,0,0,0,0,0.0,,,0.00,,0,0.0,,,,,,0,,,,,,,0.0,,,,0,,
https://southern9.com,SOUTHERN9,urls,Error,0,2026-08-18 03:41:06,2026-06-12 11:32:47,2026-06-12 11:32:47,0.0,3,1,0,0,1,17.0,8.5,15.0,1.34,0.45,0,0.0,326.0,20.0,0.0,,0.0,0,1733.1,306.0,35.000,35.0,0.45,0.45,0.0,0.00,,,0,,
https://fuckspin.com,,urls,Error,0,2026-06-22 22:48:50,,,,0,0,0,0,0,0.0,,,0.00,,0,0.0,,,,,,0,,,,,,,0.0,,,,0,,
https://bondibeachbet.com,,urls,Redirect,0,2026-06-20 17:37:24,,,,0,0,0,0,0,0.0,,,0.00,,0,0.0,,,,,,0,,,,,,,0.0,,,,0,,
https://super996.com,SUPER996,urls,Error,0,2026-08-18 02:31:31,2026-06-12 11:33:07,2026-06-12 11:33:07,0.0,1,0,0,0,1,10.0,10.0,10.0,1.25,1.25,0,0.0,200.0,20.0,0.0,,0.0,0,1733.1,180.0,20.000,20.0,1.25,1.25,0.0,0.00,,,0,,
https://weslot88.org,,urls,Error,0,2026-06-20 17:40:02,,,,0,0,0,0,0,0.0,,,0.00,,0,0.0,,,,,,0,,,,,,,0.0,,,,0,,
https://spincrown33.com,SpinCrown33,urls,Redirect,0,2026-08-18 02:29:50,2026-06-17 09:37:24,2026-08-17 10:59:10,61.1,4,2,0,0,2,22.0,5.5,10.0,1.44,0.36,0,0.0,362.5,10.0,0.0,0.066,0.0,0,149.7,352.5,52.708,52.7,0.36,0.36,0.0,0.00,0.033,0.02,0,,
https://mrbk8.co,,urls,Redirect,0,2026-06-20 11:57:27,,,,0,0,0,0,0,0.0,,,0.00,,0,0.0,,,,,,0,,,,,,,0.0,,,,0,,
https://www.myth88.com,,urls,Code 530,0,2026-06-20 17:39:59,,,,0,0,0,0,0,0.0,,,0.00,,0,0.0,,,,,,0,,,,,,,0.0,,,,0,,
https://audwin9.com,AUDWIN9,urls,OK,0,2026-08-23 16:40:39,2026-06-12 11:33:35,2026-06-12 11:33:35,0.0,4,1,0,0,1,38.5,9.6,20.0,116.76,29.19,0,0.0,64.3,131.8,0.0,,0.0,0,1733.1,55.3,4.318,4.3,29.19,29.19,0.0,0.00,,,0,,
https://play88aud.com,,urls,Error,0,2026-06-20 17:39:30,,,,0,0,0,0,0,0.0,,,0.00,,0,0.0,,,,,,0,,,,,,,0.0,,,,0,,
https://umi999.com,UMI999,urls,OK,0,2026-08-23 16:40:34,2026-06-12 11:33:47,2026-06-22 22:48:36,10.5,9,2,0,0,5,184.0,23.0,28.0,254.16,28.24,0,0.0,38.0,20.0,0.0,0.860,0.0,0,1481.9,18.0,1.763,1.8,28.24,28.24,0.0,0.00,0.478,24.28,0,,
https://venus55.com,Venus55,urls,OK,0,2026-08-18 03:39:47,2026-08-18 03:39:47,2026-08-18 03:39:47,0.0,1,0,0,0,1,1.4,1.4,1.4,17.09,17.09,0,0.0,6.9,,,,0.0,0,133.0,,5.000,5.0,17.09,17.09,0.0,0.00,,,0,,
https://5starclub.vip,,urls,Error,0,2026-06-22 22:48:57,,,,0,0,0,0,0,0.0,,,0.00,,0,0.0,,,,,,0,,,,,,,0.0,,,,0,,
https://bankau.live,TAXIS33 - VIP Platform,urls,Redirect,0,2026-06-22 22:48:55,,,,0,0,0,0,0,0.0,,,0.00,,0,0.0,,,,,,0,,,,,,,0.0,,,,0,,
https://retro33.com,Retro33,urls,OK,0,2026-06-20 17:39:42,,,,0,0,0,0,0,0.0,,,0.00,,0,0.0,,,,,,0,,,,,,,0.0,,,,0,,
https://blackpokies.com,BlackPokies,urls,OK,0,2026-06-19 16:57:10,,,,0,0,0,0,0,0.0,,,0.00,,0,0.0,,,,,,0,,,,,,,0.0,,,,0,,
https://pokies007.com,,urls,Redirect,0,2026-06-22 22:48:38,,,,0,0,0,0,0,0.0,,,0.00,,0,0.0,,,,,,0,,,,,,,0.0,,,,0,,
https://bk8aus.com,,urls,Redirect,0,2026-06-20 11:47:58,,,,0,0,0,0,0,0.0,,,0.00,,0,0.0,,,,,,0,,,,,,,0.0,,,,0,,
https://vip777au.com,VIP777AU,urls,OK,0,2026-08-23 16:41:23,2026-06-12 11:35:00,2026-06-12 11:35:00,0.0,5,2,0,0,1,45.0,11.2,20.0,2.05,0.41,0,0.0,260.0,43.0,0.0,,0.0,0,1733.1,217.0,41.667,41.7,0.41,0.41,0.0,0.00,,,0,,
https://magicspin77aus.com,MagicSpin77,urls,Error,0,2026-08-18 03:42:11,2026-06-12 11:35:07,2026-06-12 11:35:07,0.0,1,1,0,0,1,0.0,,,0.17,0.17,0,0.0,100.0,30.0,0.0,,0.0,0,1733.1,70.0,,,0.17,0.17,0.0,0.00,,,0,,
https://gm9.co,,urls,Redirect,0,2026-06-22 22:48:46,,,,0,0,0,0,0,0.0,,,0.00,,0,0.0,,,,,,0,,,,,,,0.0,,,,0,,
https://thepokies33.com,ThePokies33,urls,OK,0,2026-08-23 16:40:46,2026-06-12 11:35:24,2026-06-12 11:35:24,0.0,1,0,0,0,1,0.1,0.1,0.1,116.56,116.56,0,0.0,,3000.0,,,0.0,0,1733.1,,,,116.56,116.56,0.0,0.00,,,0,,
https://topcash7.com,TopCash7,urls,OK,0,2026-06-22 22:49:02,,,,0,0,0,0,0,0.0,,,0.00,,0,0.0,,,,,,0,,,,,,,0.0,,,,0,,
https://prime96.com,Prime96 (AUD),urls,OK,0,2026-06-20 17:38:59,,,,0,0,0,0,0,0.0,,,0.00,,0,0.0,,,,,,0,,,,,,,0.0,,,,0,,
https://mrwin68.com,MRWIN68,urls,OK,0,2026-06-20 17:38:52,,,,0,0,0,0,0,0.0,,,0.00,,0,0.0,,,,,,0,,,,,,,0.0,,,,0,,
https://richman96.com,Richman96 Official Site - Online Gaming Australia,urls,Error,0,2026-08-18 02:32:13,2026-06-12 11:35:56,2026-06-12 11:35:56,0.0,1,1,0,0,1,6.0,6.0,6.0,0.20,0.20,0,0.0,500.0,20.0,0.0,,0.0,0,1733.1,480.0,83.333,83.3,0.20,0.20,0.0,0.00,,,0,,
https://koalabear33.com,KOALABEAR33 | Australia Top & Trusted Branding,urls,OK,0,2026-06-20 17:38:22,,,,0,0,0,0,0,0.0,,,0.00,,0,0.0,,,,,,0,,,,,,,0.0,,,,0,,
https://sp77aud.co,SP77AUD,urls,Error,0,2026-08-18 03:41:05,2026-06-12 11:36:12,2026-06-12 11:36:12,0.0,3,1,0,0,1,50.0,16.7,30.0,1.10,0.37,0,0.0,1033.3,30.0,0.0,,0.0,0,1733.1,1003.3,58.889,58.9,0.37,0.37,0.0,0.00,,,0,,
https://cuntcunt.com,,urls,Error,0,2026-06-20 17:37:49,,,,0,0,0,0,0,0.0,,,0.00,,0,0.0,,,,,,0,,,,,,,0.0,,,,0,,
https://22aud.com,22AUD,urls,Error,0,2026-08-18 02:33:41,,,,0,0,0,0,0,0.0,,,0.00,,0,0.0,,,,,,0,,,,,,,0.0,,,,0,,
https://diamondaud.com,DIAMONDAUD,urls,OK,0,2026-08-23 16:40:39,2026-06-12 11:36:48,2026-06-17 08:35:44,4.9,3,1,0,0,3,41.3,13.8,30.0,117.30,39.10,0,0.0,1300.0,642.7,0.0,0.615,0.0,0,1616.1,351.0,63.333,63.3,39.10,39.10,0.0,0.00,0.615,24.06,0,,
https://sm8aud.com,,urls,Redirect,0,2026-06-20 17:39:33,,,,0,0,0,0,0,0.0,,,0.00,,0,0.0,,,,,,0,,,,,,,0.0,,,,0,,
https://gday9.com,G'DAY9,urls,OK,0,2026-06-20 17:37:59,,,,0,0,0,0,0,0.0,,,0.00,,0,0.0,,,,,,0,,,,,,,0.0,,,,0,,
https://hero-99.com,,urls,Error,0,2026-06-22 22:49:12,,,,0,0,0,0,0,0.0,,,0.00,,0,0.0,,,,,,0,,,,,,,0.0,,,,0,,
https://rolex9.net,Rolex9,urls,OK,0,2026-08-23 16:40:33,2026-06-12 11:37:14,2026-08-17 10:58:34,66.0,3,1,0,0,2,22.5,11.2,20.0,133.41,44.47,0,0.0,200.0,20.0,0.0,0.045,0.0,0,149.7,180.0,15.000,15.0,44.47,44.47,0.0,0.00,0.030,2.02,0,,
https://spinsx.net,SPINSX THE BEST ONLINE POKIES IN AUSTRALIA,urls,OK,0,2026-06-19 16:59:28,,,,0,0,0,0,0,0.0,,,0.00,,0,0.0,,,,,,0,,,,,,,0.0,,,,0,,
https://won96.com,WON96,urls,OK,0,2026-06-20 17:36:36,2026-06-12 11:37:32,2026-06-12 11:37:32,0.0,1,1,0,0,1,0.0,,,0.01,0.01,0,0.0,669.6,20.0,37.0,,0.0,0,1733.1,649.6,,,0.01,0.00,0.0,0.00,,,0,,
https://aristocratau.com,OCEAN96,urls,OK,0,2026-06-19 16:57:05,,,,0,0,0,0,0,0.0,,,0.00,,0,0.0,,,,,,0,,,,,,,0.0,,,,0,,
https://keno99.com,Keno99,urls,OK,0,2026-08-23 16:40:46,2026-06-12 11:37:51,2026-06-12 11:37:51,0.0,3,1,0,0,1,3398.0,1699.0,3200.0,40.17,13.39,0,0.0,146.0,11.7,21333.3,,0.0,0,1733.1,144.3,1.202,32000.6,13.39,13.39,0.0,0.00,,,0,,
https://nugget77.com,,urls,Error,0,2026-06-20 11:58:06,,,,0,0,0,0,0,0.0,,,0.00,,0,0.0,,,,,,0,,,,,,,0.0,,,,0,,
https://goldencrown96.com,IPAY7,urls,Error,0,2026-08-18 02:32:28,2026-06-12 11:38:05,2026-06-12 11:38:05,0.0,1,1,0,0,1,2.0,2.0,2.0,0.15,0.15,0,0.0,200.0,20.0,0.0,,0.0,0,1733.1,180.0,100.000,100.0,0.15,0.15,0.0,0.00,,,0,,
https://v96au.com,,urls,Redirect,0,2026-06-20 17:39:57,,,,0,0,0,0,0,0.0,,,0.00,,0,0.0,,,,,,0,,,,,,,0.0,,,,0,,
https://glorybet88au.com,,urls,Redirect,0,2026-06-20 11:52:29,,,,0,0,0,0,0,0.0,,,0.00,,0,0.0,,,,,,0,,,,,,,0.0,,,,0,,
https://vegasau.net,,urls,Redirect,0,2026-06-20 17:40:39,,,,0,0,0,0,0,0.0,,,0.00,,0,0.0,,,,,,0,,,,,,,0.0,,,,0,,
https://aud77.net,,urls,Error,0,2026-06-20 17:36:55,,,,0,0,0,0,0,0.0,,,0.00,,0,0.0,,,,,,0,,,,,,,0.0,,,,0,,
https://supreme777.com,Supreme777 (AUD),urls,OK,0,2026-06-20 17:40:00,,,,0,0,0,0,0,0.0,,,0.00,,0,0.0,,,,,,0,,,,,,,0.0,,,,0,,
https://slotmate88.com,SlotMate88,urls,Error,0,2026-08-18 02:31:42,2026-06-12 11:38:40,2026-06-12 12:10:58,0.0,1,1,0,0,1,0.0,,,0.26,0.26,0,0.0,200.0,20.0,0.0,44.582,0.0,0,1732.5,180.0,,,0.26,0.26,0.0,0.02,44.582,11.52,0,,
https://jombet77.com,,urls,Redirect,0,2026-06-20 17:38:20,,,,0,0,0,0,0,0.0,,,0.00,,0,0.0,,,,,,0,,,,,,,0.0,,,,0,,
https://au21.net,AU21 Pokies,urls,Redirect,0,2026-06-22 22:49:13,,,,0,0,0,0,0,0.0,,,0.00,,0,0.0,,,,,,0,,,,,,,0.0,,,,0,,
https://fuckfuck.app,,urls,Error,0,2026-06-20 17:37:52,,,,0,0,0,0,0,0.0,,,0.00,,0,0.0,,,,,,0,,,,,,,0.0,,,,0,,
https://wincity.online,,urls,Error,0,2026-06-20 17:39:55,,,,0,0,0,0,0,0.0,,,0.00,,0,0.0,,,,,,0,,,,,,,0.0,,,,0,,
https://dns33.com,DNS33,urls,OK,0,2026-08-18 03:40:29,2026-06-12 11:39:11,2026-06-12 11:39:11,0.0,2,1,0,0,1,8.0,8.0,8.0,0.96,0.48,0,0.0,170.0,20.0,0.0,,0.0,0,1733.0,150.0,30.000,30.0,0.48,0.48,0.0,0.00,,,0,,
https://9xbetau.com,,urls,Error,0,2026-08-18 03:43:23,,,,0,0,0,0,0,0.0,,,0.00,,0,0.0,,,,,,0,,,,,,,0.0,,,,0,,
https://ss9au.net,SS9AU,urls,Redirect,0,2026-08-18 03:41:01,2026-06-12 11:39:29,2026-06-12 12:02:36,0.0,1,1,0,0,1,10.0,10.0,10.0,0.99,0.99,0,0.0,199.0,10.0,0.0,62.293,0.0,0,1732.6,189.0,19.900,19.9,0.99,0.99,0.0,0.02,62.293,61.95,0,,
https://vivid96.com,VIVID96,urls,OK,0,2026-06-20 17:39:50,,,,0,0,0,0,0,0.0,,,0.00,,0,0.0,,,,,,0,,,,,,,0.0,,,,0,,
https://r8aud.com,,urls,Error,0,2026-06-20 17:39:10,,,,0,0,0,0,0,0.0,,,0.00,,0,0.0,,,,,,0,,,,,,,0.0,,,,0,,
https://winshift77.com,WinShift77,urls,OK,0,2026-06-19 17:00:49,,,,0,0,0,0,0,0.0,,,0.00,,0,0.0,,,,,,0,,,,,,,0.0,,,,0,,
https://pp99au.com,PP99,urls,OK,0,2026-08-23 16:41:24,2026-06-12 11:39:57,2026-06-12 11:39:57,0.0,2,1,0,0,1,35.0,17.5,30.0,1.76,0.88,0,0.0,444.4,35.0,0.0,,0.0,0,1733.0,409.4,38.888,38.9,0.88,0.88,0.0,0.00,,,0,,
https://ausclub.net,,urls,Error,0,2026-06-22 22:49:18,,,,0,0,0,0,0,0.0,,,0.00,,0,0.0,,,,,,0,,,,,,,0.0,,,,0,,
https://9au.com,9AU,urls,OK,0,2026-06-20 17:36:42,,,,0,0,0,0,0,0.0,,,0.00,,0,0.0,,,,,,0,,,,,,,0.0,,,,0,,
https://gday77au.com,GDAY77,urls,OK,0,2026-06-20 17:38:23,,,,0,0,0,0,0,0.0,,,0.00,,0,0.0,,,,,,0,,,,,,,0.0,,,,0,,
https://cr33au.com,CR33,urls,OK,0,2026-08-23 16:40:51,2026-06-12 11:40:24,2026-06-12 11:40:24,0.0,2,1,0,0,1,3398.0,1699.0,3200.0,41.73,20.87,0,0.0,32119.0,12.5,0.0,,0.0,0,1733.0,32106.5,10.601,10.6,20.87,20.87,0.0,0.00,,,0,,
https://fc8au.com,FC8AU,urls,OK,0,2026-08-18 03:40:17,2026-06-12 11:40:30,2026-06-12 11:40:30,0.0,2,1,0,0,1,500.0,500.0,500.0,1.31,0.65,0,0.0,5050.0,10.0,0.0,,0.0,0,1733.0,5040.0,20.000,20.0,0.65,0.65,0.0,0.00,,,0,,
https://mix9au.com,,urls,Redirect,0,2026-06-20 17:39:02,,,,0,0,0,0,0,0.0,,,0.00,,0,0.0,,,,,,0,,,,,,,0.0,,,,0,,
https://epicstar6.com,,urls,Error,0,2026-06-20 17:37:38,,,,0,0,0,0,0,0.0,,,0.00,,0,0.0,,,,,,0,,,,,,,0.0,,,,0,,
https://ninjabet88.vip,,urls,Redirect,0,2026-06-22 22:49:19,,,,0,0,0,0,0,0.0,,,0.00,,0,0.0,,,,,,0,,,,,,,0.0,,,,0,,
https://e99au.com,,urls,Code 530,0,2026-06-20 11:50:07,,,,0,0,0,0,0,0.0,,,0.00,,0,0.0,,,,,,0,,,,,,,0.0,,,,0,,
https://auwin9.com,AUWIN9,urls,OK,0,2026-06-20 17:37:09,,,,0,0,0,0,0,0.0,,,0.00,,0,0.0,,,,,,0,,,,,,,0.0,,,,0,,
https://ozwin77.com,,urls,Error,0,2026-06-20 17:39:26,,,,0,0,0,0,0,0.0,,,0.00,,0,0.0,,,,,,0,,,,,,,0.0,,,,0,,
https://w99au.com,W99AU,urls,Method Not Allowed,0,2026-06-20 17:40:04,,,,0,0,0,0,0,0.0,,,0.00,,0,0.0,,,,,,0,,,,,,,0.0,,,,0,,
https://unibet7.com,,urls,Redirect,0,2026-06-20 12:04:16,,,,0,0,0,0,0,0.0,,,0.00,,0,0.0,,,,,,0,,,,,,,0.0,,,,0,,
https://play77au.com,PLAY77,urls,OK,0,2026-08-23 16:41:15,2026-06-12 11:41:29,2026-08-17 06:21:19,65.8,7,2,0,0,6,21.0,3.5,5.0,3.64,0.52,0,0.0,196.7,10.0,0.0,0.106,0.0,0,154.3,186.7,31.759,31.8,0.52,0.52,0.0,0.00,0.091,0.06,0,,
https://tt99au.com,,urls,Error,0,2026-06-20 12:03:58,,,,0,0,0,0,0,0.0,,,0.00,,0,0.0,,,,,,0,,,,,,,0.0,,,,0,,
https://s99au.com,,urls,Redirect,0,2026-06-22 22:49:07,,,,0,0,0,0,0,0.0,,,0.00,,0,0.0,,,,,,0,,,,,,,0.0,,,,0,,
https://fantasy33.com,FANTASY33,urls,OK,0,2026-06-19 16:57:51,,,,0,0,0,0,0,0.0,,,0.00,,0,0.0,,,,,,0,,,,,,,0.0,,,,0,,
https://world99aud.com,WORLD99,urls,Redirect,0,2026-08-18 03:40:49,2026-06-12 11:41:56,2026-06-12 11:41:56,0.0,2,1,0,0,1,40.0,20.0,20.0,1.57,0.78,0,0.0,499.0,10.0,0.0,,0.0,0,1733.0,489.0,24.950,24.9,0.78,0.78,0.0,0.00,,,0,,
https://vip77.club,VIP77,urls,Error,0,2026-08-18 02:31:19,2026-06-12 11:42:03,2026-06-12 11:42:03,0.0,2,1,0,0,1,10.0,10.0,10.0,1.37,0.69,0,0.0,150.0,15.0,0.0,,0.0,0,1733.0,135.0,20.000,20.0,0.69,0.69,0.0,0.00,,,0,,
https://crown777au.com,Crown777,urls,OK,0,2026-06-19 16:57:32,,,,0,0,0,0,0,0.0,,,0.00,,0,0.0,,,,,,0,,,,,,,0.0,,,,0,,
https://hello88au.com,Hello88AU,urls,OK,0,2026-06-19 16:58:07,,,,0,0,0,0,0,0.0,,,0.00,,0,0.0,,,,,,0,,,,,,,0.0,,,,0,,
https://riches88.live,RICHES88,urls,OK,0,2026-08-23 16:41:11,2026-06-12 11:42:27,2026-08-17 10:57:41,66.0,5,2,0,0,2,133.1,26.6,100.0,5.58,1.12,0,0.0,400.0,9.0,0.0,0.076,0.0,0,149.7,391.0,219.933,219.9,1.12,1.12,0.0,0.04,0.030,0.08,0,,
https://emperor9.com,,urls,Redirect,0,2026-06-20 17:37:50,,,,0,0,0,0,0,0.0,,,0.00,,0,0.0,,,,,,0,,,,,,,0.0,,,,0,,
https://skygate9au.com,SkyGate9,urls,OK,0,2026-08-23 16:40:59,2026-08-23 16:40:59,2026-08-23 16:40:59,0.0,1,0,1,0,1,1.1,1.1,1.1,105.87,105.87,0,0.0,,999.0,,,1.0,1,0.0,,,,105.87,105.87,0.0,0.00,,,1,,
https://spin126.com,,urls,Error,0,2026-06-20 17:40:25,,,,0,0,0,0,0,0.0,,,0.00,,0,0.0,,,,,,0,,,,,,,0.0,,,,0,,
https://gcity56.com,GCITY56,urls,OK,0,2026-06-20 17:38:09,,,,0,0,0,0,0,0.0,,,0.00,,0,0.0,,,,,,0,,,,,,,0.0,,,,0,,
https://fafawinau.com,Fafawin,urls,OK,0,2026-06-20 17:37:53,,,,0,0,0,0,0,0.0,,,0.00,,0,0.0,,,,,,0,,,,,,,0.0,,,,0,,
https://winspin33.com,,urls,Redirect,0,2026-06-20 17:40:49,,,,0,0,0,0,0,0.0,,,0.00,,0,0.0,,,,,,0,,,,,,,0.0,,,,0,,
https://pokiesbillion.com,POKIESBILLION,urls,OK,0,2026-08-18 03:39:44,2026-06-12 11:43:21,2026-08-17 06:21:32,65.8,7,3,0,0,2,87.0,14.5,38.0,6.88,0.98,0,0.0,254.3,8.7,0.0,0.106,0.0,0,154.3,245.6,30.582,30.6,0.98,0.98,0.0,0.00,0.030,0.10,0,,
https://redspin88.com,RedSpin,urls,Error,0,2026-08-18 02:30:28,2026-06-12 11:43:28,2026-06-12 11:57:35,0.0,7,2,0,0,1,23.4,3.9,20.0,1.24,0.18,0,0.0,157.1,11.4,7.1,714.050,0.0,0,1732.7,145.7,840.278,845.8,0.18,0.16,0.0,0.00,102.007,125.98,0,,
https://kingpower365.com,EclBetAu,urls,Error,0,2026-08-18 02:31:02,2026-06-12 11:43:38,2026-06-12 11:43:38,0.0,2,2,0,0,1,0.0,,,1.08,0.54,0,0.0,388.0,19.0,0.0,,0.0,0,1733.0,369.0,,,0.54,0.54,0.0,0.00,,,0,,
https://rolex66.vip,Rolex66 AUD,urls,Error,0,2026-08-18 03:42:05,2026-06-12 11:43:47,2026-06-12 11:43:47,0.0,1,1,0,0,1,38.0,38.0,38.0,0.50,0.50,0,0.0,1688.0,20.0,0.0,,0.0,0,1733.0,1668.0,44.421,44.4,0.50,0.50,0.0,0.00,,,0,,
https://joker33.club,,urls,Error,0,2026-06-20 17:38:16,,,,0,0,0,0,0,0.0,,,0.00,,0,0.0,,,,,,0,,,,,,,0.0,,,,0,,
https://mummyaus.com,,urls,Error,0,2026-06-20 17:38:41,,,,0,0,0,0,0,0.0,,,0.00,,0,0.0,,,,,,0,,,,,,,0.0,,,,0,,
https://winnie13.net,,urls,Error,0,2026-06-20 12:06:44,,,,0,0,0,0,0,0.0,,,0.00,,0,0.0,,,,,,0,,,,,,,0.0,,,,0,,
https://spbo11.vip,,urls,Code 530,0,2026-06-20 17:39:52,,,,0,0,0,0,0,0.0,,,0.00,,0,0.0,,,,,,0,,,,,,,0.0,,,,0,,
https://auspin88.vip,,urls,Redirect,0,2026-06-20 11:46:46,,,,0,0,0,0,0,0.0,,,0.00,,0,0.0,,,,,,0,,,,,,,0.0,,,,0,,
https://solidluck33.com,SOLIDLUCK33,urls,Error,0,2026-08-18 03:42:05,2026-06-12 11:44:20,2026-06-12 11:44:20,0.0,1,0,0,0,1,0.0,,,0.07,0.07,0,0.0,450.0,10.0,0.0,,0.0,0,1733.0,440.0,,,0.07,0.07,0.0,0.00,,,0,,
https://bet365aud.com,BET365,urls,OK,0,2026-06-20 17:37:21,,,,0,0,0,0,0,0.0,,,0.00,,0,0.0,,,,,,0,,,,,,,0.0,,,,0,,
https://lucky96aus.com,,urls,Redirect,0,2026-06-20 11:55:13,,,,0,0,0,0,0,0.0,,,0.00,,0,0.0,,,,,,0,,,,,,,0.0,,,,0,,
https://epicpokies.com,EPICPOKIES,urls,Error,0,2026-08-18 02:33:04,2026-06-12 11:44:47,2026-06-12 11:44:47,0.0,3,1,0,0,1,23.0,7.7,10.0,0.18,0.06,0,0.0,1333.3,8.2,0.0,,0.0,0,1732.9,1325.1,195.556,195.6,0.06,0.06,0.0,0.00,,,0,,
https://vvipaud.co,,urls,Redirect,0,2026-06-22 22:48:34,,,,0,0,0,0,0,0.0,,,0.00,,0,0.0,,,,,,0,,,,,,,0.0,,,,0,,
https://onya88.com,ONYA88,urls,Error,0,2026-08-18 03:43:11,2026-06-12 11:45:00,2026-06-12 11:45:00,0.0,2,1,0,0,1,28.9,14.4,18.9,0.01,0.00,0,0.0,544.0,10.0,544.0,,0.0,0,1732.9,534.0,33.517,544.0,0.00,0.00,0.0,0.00,,,0,,
https://fuckmate.co,,urls,Error,0,2026-06-20 17:37:55,,,,0,0,0,0,0,0.0,,,0.00,,0,0.0,,,,,,0,,,,,,,0.0,,,,0,,
https://marvelaus1.com,TAXIS33 - VIP Platform,urls,Redirect,0,2026-06-20 17:38:37,,,,0,0,0,0,0,0.0,,,0.00,,0,0.0,,,,,,0,,,,,,,0.0,,,,0,,
https://pokies4bet.com,POKIES4BET,urls,OK,0,2026-08-23 16:40:33,2026-06-12 11:45:19,2026-06-12 11:45:19,0.0,2,1,0,0,1,0.1,0.1,0.1,119.64,59.82,0,0.0,999.0,10.0,0.0,,0.0,0,1732.9,989.0,,,59.82,59.82,0.0,0.00,,,0,,
https://betworld96au.com,Betworld96 Australia Online Casino,urls,OK,0,2026-08-18 03:40:36,2026-06-12 11:45:27,2026-08-18 03:40:36,66.7,2,0,0,0,2,45.9,23.0,27.0,1.93,0.96,0,0.0,589.6,14.5,0.0,0.030,0.0,0,133.0,575.1,24.837,24.8,0.96,0.96,0.0,0.00,0.030,0.03,0,,
https://iplay77.com,iPlay77,urls,OK,0,2026-06-20 17:38:05,,,,0,0,0,0,0,0.0,,,0.00,,0,0.0,,,,,,0,,,,,,,0.0,,,,0,,
https://jackpotau.com,JACKPOTAU,urls,OK,0,2026-08-18 03:39:23,2026-06-12 11:45:42,2026-06-23 06:14:12,10.8,6,4,0,0,2,114.0,28.5,100.0,120.29,20.05,0,0.0,537.2,257.8,0.0,0.557,0.0,0,1474.5,698.8,11.667,11.7,20.05,20.05,0.0,0.00,0.186,11.17,0,,
https://live77bet.com,LiveBet,urls,Error,0,2026-08-18 03:42:35,2026-06-12 11:45:49,2026-06-12 11:45:49,0.0,1,1,0,0,1,3.0,3.0,3.0,0.16,0.16,0,0.0,300.0,20.0,0.0,,0.0,0,1732.9,280.0,100.000,100.0,0.16,0.16,0.0,0.00,,,0,,
https://aviator98.com,Aviator,urls,OK,0,2026-06-19 16:57:06,,,,0,0,0,0,0,0.0,,,0.00,,0,0.0,,,,,,0,,,,,,,0.0,,,,0,,
https://dd8au.com,DD8AU,urls,OK,0,2026-08-18 03:40:25,2026-06-12 11:46:06,2026-06-12 11:46:06,0.0,2,1,0,0,1,500.0,500.0,500.0,1.31,0.65,0,0.0,5050.0,10.0,0.0,,0.0,0,1732.9,5040.0,20.000,20.0,0.65,0.65,0.0,0.00,,,0,,
https://vgs33aus.com,VGS33 – Australia’s Trusted PayID Casino,urls,OK,0,2026-06-20 17:39:59,,,,0,0,0,0,0,0.0,,,0.00,,0,0.0,,,,,,0,,,,,,,0.0,,,,0,,
https://auplay.club,,urls,Blocked,0,2026-06-22 22:49:04,,,,0,0,0,0,0,0.0,,,0.00,,0,0.0,,,,,,0,,,,,,,0.0,,,,0,,
https://gemvault777.com,,urls,Blocked,0,2026-06-22 22:49:08,,,,0,0,0,0,0,0.0,,,0.00,,0,0.0,,,,,,0,,,,,,,0.0,,,,0,,
https://aus88win.com,Aus88Win,urls,OK,0,2026-08-18 03:40:32,2026-06-12 11:46:31,2026-06-12 11:46:31,0.0,2,1,0,0,1,11.9,11.9,11.9,1.16,0.58,0,0.0,205.0,20.0,0.0,,0.0,0,1732.9,185.0,21.886,21.9,0.58,0.58,0.0,0.00,,,0,,
https://zombies9.com,,urls,Redirect,0,2026-06-20 12:07:20,,,,0,0,0,0,0,0.0,,,0.00,,0,0.0,,,,,,0,,,,,,,0.0,,,,0,,
https://auspokies7.co,,urls,Error,0,2026-06-20 11:46:50,,,,0,0,0,0,0,0.0,,,0.00,,0,0.0,,,,,,0,,,,,,,0.0,,,,0,,
https://richspinau.com,RICHSPINAU,urls,OK,0,2026-08-23 16:40:51,2026-06-12 11:46:56,2026-08-17 10:58:05,66.0,4,2,0,0,2,123.0,30.8,88.0,9.53,2.38,0,0.0,487.5,16.3,0.0,0.061,0.0,0,149.7,471.2,32.955,33.0,2.38,2.38,0.0,0.00,0.030,0.14,0,,
https://pokiesking1.com,PokiesKing,urls,OK,0,2026-08-18 03:40:30,2026-06-12 11:47:05,2026-06-12 11:47:05,0.0,2,1,0,0,1,28.9,28.9,28.9,1.56,0.78,0,0.0,1232.8,23.0,0.0,,0.0,0,1732.9,1209.8,20.000,20.0,0.78,0.78,0.0,0.00,,,0,,
https://clubimperioaus.com,Club Imperio Aus,urls,OK,0,2026-06-20 17:36:21,2026-06-12 11:47:14,2026-06-12 11:47:14,0.0,1,1,0,0,1,1.0,1.0,1.0,0.10,0.10,0,0.0,138.0,20.0,0.0,,0.0,0,1732.9,118.0,138.000,138.0,0.10,0.10,0.0,0.00,,,0,,
https://ebet9au.com,,urls,Redirect,0,2026-06-20 17:37:50,,,,0,0,0,0,0,0.0,,,0.00,,0,0.0,,,,,,0,,,,,,,0.0,,,,0,,
https://luxeau777.com,LUXEAU777,urls,OK,0,2026-08-23 16:41:09,2026-06-12 11:47:30,2026-06-12 11:47:30,0.0,3,2,0,0,1,41.0,13.7,20.0,3.14,1.05,0,0.0,233.3,8.3,0.0,,0.0,0,1732.9,225.0,26.296,26.3,1.05,1.05,0.0,0.00,,,0,,
https://all117.com,ALL117,urls,Error,0,2026-08-18 02:32:04,2026-06-12 11:47:37,2026-06-12 11:47:37,0.0,1,1,0,0,1,0.0,,,0.11,0.11,0,0.0,117.0,17.0,0.0,,0.0,0,1732.9,100.0,,,0.11,0.11,0.0,0.00,,,0,,
https://md9aus.com,,urls,Error,0,2026-06-20 17:38:56,,,,0,0,0,0,0,0.0,,,0.00,,0,0.0,,,,,,0,,,,,,,0.0,,,,0,,
https://speedwinz.com,,urls,Error,0,2026-06-20 12:02:14,,,,0,0,0,0,0,0.0,,,0.00,,0,0.0,,,,,,0,,,,,,,0.0,,,,0,,
https://kingbet9aus.com,,urls,Redirect,0,2026-06-20 17:38:27,,,,0,0,0,0,0,0.0,,,0.00,,0,0.0,,,,,,0,,,,,,,0.0,,,,0,,
https://wombats88.com,Wombat88,urls,Error,0,2026-08-18 03:41:39,2026-06-12 11:48:06,2026-06-12 11:48:06,0.0,3,1,0,0,1,42.0,14.0,32.0,0.60,0.20,0,0.0,459.3,15.0,0.0,,0.0,0,1732.9,444.3,55.867,55.9,0.20,0.20,0.0,0.00,,,0,,
https://on88aud.io,On88aud,urls,OK,0,2026-06-20 17:36:29,2026-06-12 11:48:15,2026-06-12 11:48:15,0.0,1,1,0,0,1,0.0,,,0.06,0.06,0,0.0,20.0,20.0,0.0,,0.0,0,1732.9,0.0,,,0.06,0.06,0.0,0.00,,,0,,
https://mrpokies9.com,MrPokies9,urls,OK,0,2026-06-20 17:39:10,,,,0,0,0,0,0,0.0,,,0.00,,0,0.0,,,,,,0,,,,,,,0.0,,,,0,,
https://cuntwin.com,CuntWin,urls,OK,0,2026-06-20 17:37:45,,,,0,0,0,0,0,0.0,,,0.00,,0,0.0,,,,,,0,,,,,,,0.0,,,,0,,
https://lisboa7.com,,urls,Error,0,2026-06-20 11:54:58,,,,0,0,0,0,0,0.0,,,0.00,,0,0.0,,,,,,0,,,,,,,0.0,,,,0,,
https://theoneau.com,,urls,Error,0,2026-06-20 17:40:31,,,,0,0,0,0,0,0.0,,,0.00,,0,0.0,,,,,,0,,,,,,,0.0,,,,0,,
https://wildngo.net,WILD'N GO,urls,Error,0,2026-08-18 02:31:46,2026-06-12 11:48:50,2026-06-20 17:35:40,8.2,6,1,0,0,5,188.0,37.6,68.0,1.04,0.17,0,0.0,2731.7,13.2,0.0,0.728,0.0,0,1535.1,2718.5,89.735,89.7,0.17,0.17,0.0,0.00,0.607,0.13,0,,
https://speedau.live,SpeedAU,urls,OK,0,2026-08-23 16:40:59,2026-06-17 09:36:54,2026-06-17 09:36:54,0.0,2,1,0,0,1,34.0,17.0,30.0,6.02,3.01,0,0.0,150.0,15.0,0.0,,0.0,0,1615.1,135.0,15.833,15.8,3.01,3.01,0.0,0.00,,,0,,
https://mrpokies77.com,MR.POKIES77,urls,Error,0,2026-08-18 02:30:13,2026-06-12 11:49:13,2026-06-12 12:03:00,0.0,3,2,0,0,1,43.0,14.3,20.0,1.36,0.45,0,0.0,380.0,7.7,0.0,313.422,0.0,0,1732.6,372.3,25.000,25.0,0.45,0.45,0.0,0.00,104.474,142.47,0,,
https://betmeth.com,BETMETH,urls,OK,0,2026-06-20 17:37:19,,,,0,0,0,0,0,0.0,,,0.00,,0,0.0,,,,,,0,,,,,,,0.0,,,,0,,
https://glorya77.com,GLORYA77,urls,OK,0,2026-08-23 16:40:32,2026-06-12 11:49:31,2026-06-23 01:03:29,10.6,8,2,0,0,6,162.0,23.1,27.0,218.58,27.32,0,0.0,39.2,20.0,0.0,0.758,0.0,0,1479.6,19.2,1.829,1.8,27.32,27.32,0.0,0.00,0.569,20.72,0,,
https://lego66.co,Lego77,urls,OK,0,2026-08-18 03:40:37,2026-06-12 11:49:38,2026-06-12 11:49:38,0.0,2,1,0,0,1,50.0,25.0,30.0,1.48,0.74,0,0.0,666.0,10.0,0.0,,0.0,0,1732.9,656.0,27.750,27.8,0.74,0.74,0.0,0.00,,,0,,
https://super96au.com,Super96au $10 Minimum Deposit Casino Australia,urls,OK,0,2026-06-22 22:49:01,,,,0,0,0,0,0,0.0,,,0.00,,0,0.0,,,,,,0,,,,,,,0.0,,,,0,,
https://m88win.vip,,urls,Redirect,0,2026-06-20 17:38:52,,,,0,0,0,0,0,0.0,,,0.00,,0,0.0,,,,,,0,,,,,,,0.0,,,,0,,
https://tokofthetown.com,,urls,Redirect,0,2026-06-20 17:39:35,,,,0,0,0,0,0,0.0,,,0.00,,0,0.0,,,,,,0,,,,,,,0.0,,,,0,,
https://22pokies.com,22pokies,urls,OK,0,2026-08-23 16:41:16,2026-06-12 11:50:06,2026-06-16 01:48:31,3.6,2,1,0,0,2,5.0,5.0,5.0,3.70,1.85,0,0.0,75.0,36.1,0.0,0.558,0.0,0,1646.9,38.9,10.000,10.0,1.85,1.85,0.0,0.00,0.558,1.03,0,,
https://a9aud.com,,urls,Error,0,2026-08-18 02:33:49,,,,0,0,0,0,0,0.0,,,0.00,,0,0.0,,,,,,0,,,,,,,0.0,,,,0,,
https://au68.net,AU68 Online Pokies Casino Australia,urls,OK,0,2026-06-20 17:36:56,,,,0,0,0,0,0,0.0,,,0.00,,0,0.0,,,,,,0,,,,,,,0.0,,,,0,,
https://kimberley333.com,,urls,Error,0,2026-06-20 11:54:22,,,,0,0,0,0,0,0.0,,,0.00,,0,0.0,,,,,,0,,,,,,,0.0,,,,0,,
https://lv52aud.com,,urls,Redirect,0,2026-06-20 17:38:53,,,,0,0,0,0,0,0.0,,,0.00,,0,0.0,,,,,,0,,,,,,,0.0,,,,0,,
https://fuckingmeth.com,FuckingMeth,urls,OK,0,2026-06-22 22:49:04,,,,0,0,0,0,0,0.0,,,0.00,,0,0.0,,,,,,0,,,,,,,0.0,,,,0,,
https://me99aud.com,Me99,urls,Error,0,2026-08-18 03:41:13,2026-06-12 11:50:49,2026-06-12 11:50:49,0.0,2,1,0,0,1,15.0,15.0,15.0,0.70,0.35,0,0.0,300.0,20.0,0.0,,0.0,0,1732.8,280.0,33.333,33.3,0.35,0.35,0.0,0.00,,,0,,
https://penguin88.club,PENGUIN88,urls,OK,0,2026-08-23 16:41:27,2026-06-12 11:50:57,2026-06-12 11:50:57,0.0,3,1,0,0,1,19.0,6.3,10.0,2.51,0.84,0,0.0,290.0,21.0,0.0,,0.0,0,1732.8,272.3,36.000,36.0,0.84,0.84,0.0,0.00,,,0,,
https://pokies4u.co,KOALABEAR33 | Australia Top & Trusted Branding,urls,OK,0,2026-06-19 16:59:07,,,,0,0,0,0,0,0.0,,,0.00,,0,0.0,,,,,,0,,,,,,,0.0,,,,0,,
https://mrspin9au.com,MrSpin9,urls,OK,0,2026-06-19 16:58:40,,,,0,0,0,0,0,0.0,,,0.00,,0,0.0,,,,,,0,,,,,,,0.0,,,,0,,
https://nbapay.com,,urls,Redirect,0,2026-06-20 11:57:53,,,,0,0,0,0,0,0.0,,,0.00,,0,0.0,,,,,,0,,,,,,,0.0,,,,0,,
https://luck77au.com,LUCK777AU,urls,OK,0,2026-08-18 03:40:32,2026-06-12 11:51:24,2026-06-12 11:51:24,0.0,2,2,0,0,1,18.0,18.0,18.0,1.69,0.85,0,0.0,225.0,17.5,0.0,,0.0,0,1732.8,207.5,16.667,16.7,0.85,0.85,0.0,0.00,,,0,,
https://amb88.cc,,urls,Error,0,2026-06-20 17:36:43,,,,0,0,0,0,0,0.0,,,0.00,,0,0.0,,,,,,0,,,,,,,0.0,,,,0,,
https://aud33.com,AUD33,urls,Error,0,2026-08-18 03:41:42,2026-06-12 11:51:37,2026-06-12 11:51:37,0.0,1,1,0,0,1,5.0,5.0,5.0,0.16,0.16,0,0.0,500.0,20.0,0.0,,0.0,0,1732.8,480.0,100.000,100.0,0.16,0.16,0.0,0.00,,,0,,
https://bs22au.com,BS22AU,urls,Error,0,2026-08-18 02:33:09,2026-06-12 11:51:46,2026-06-12 11:51:46,0.0,1,1,0,0,1,0.0,,,0.02,0.02,0,0.0,100.0,20.0,0.0,,0.0,0,1732.8,80.0,,,0.02,0.02,0.0,0.00,,,0,,
https://22luckyspin.com,,urls,Error,0,2026-08-18 02:33:29,,,,0,0,0,0,0,0.0,,,0.00,,0,0.0,,,,,,0,,,,,,,0.0,,,,0,,
https://iwin88au.com,,urls,Redirect,0,2026-06-20 11:53:48,,,,0,0,0,0,0,0.0,,,0.00,,0,0.0,,,,,,0,,,,,,,0.0,,,,0,,
https://cashking99.com,,urls,Redirect,0,2026-06-20 17:37:26,,,,0,0,0,0,0,0.0,,,0.00,,0,0.0,,,,,,0,,,,,,,0.0,,,,0,,
https://gowinau.com,,urls,Error,0,2026-06-20 11:52:48,,,,0,0,0,0,0,0.0,,,0.00,,0,0.0,,,,,,0,,,,,,,0.0,,,,0,,
https://goldbet9.net,,urls,Error,0,2026-06-20 17:38:14,,,,0,0,0,0,0,0.0,,,0.00,,0,0.0,,,,,,0,,,,,,,0.0,,,,0,,
https://justwin9.com,JUSTWIN9,urls,OK,0,2026-06-20 17:38:15,,,,0,0,0,0,0,0.0,,,0.00,,0,0.0,,,,,,0,,,,,,,0.0,,,,0,,
https://66spin.com,,urls,Redirect,0,2026-08-18 02:33:43,,,,0,0,0,0,0,0.0,,,0.00,,0,0.0,,,,,,0,,,,,,,0.0,,,,0,,
https://ipay9aud.com,iPAY9,urls,Error,0,2026-08-18 02:30:52,2026-06-12 11:52:44,2026-06-12 11:52:44,0.0,2,2,0,0,1,10.0,10.0,10.0,0.53,0.26,0,0.0,300.0,22.5,0.0,,0.0,0,1732.8,277.5,50.000,50.0,0.26,0.26,0.0,0.00,,,0,,
https://tab99au.com,TAB99AU,urls,Error,0,2026-08-18 03:42:50,2026-06-12 11:52:54,2026-06-12 11:52:54,0.0,1,1,0,0,1,0.0,,,0.13,0.13,0,0.0,99.0,10.0,0.0,,0.0,0,1732.8,89.0,,,0.13,0.13,0.0,0.00,,,0,,
https://9aus.com,,urls,Redirect,0,2026-06-22 22:48:49,,,,0,0,0,0,0,0.0,,,0.00,,0,0.0,,,,,,0,,,,,,,0.0,,,,0,,
https://gwin77.com,Gwin77,urls,OK,0,2026-06-20 17:38:08,,,,0,0,0,0,0,0.0,,,0.00,,0,0.0,,,,,,0,,,,,,,0.0,,,,0,,
https://aus33.com,AUS33,urls,Error,0,2026-08-18 03:42:56,2026-06-12 11:53:15,2026-06-12 11:53:15,0.0,1,1,0,0,1,0.0,,,0.05,0.05,0,0.0,100.0,10.0,0.0,,0.0,0,1732.8,90.0,,,0.05,0.05,0.0,0.00,,,0,,
https://ioi6.com,iOi6,urls,OK,0,2026-06-20 17:38:07,,,,0,0,0,0,0,0.0,,,0.00,,0,0.0,,,,,,0,,,,,,,0.0,,,,0,,
https://u2win.online,U2WIN,urls,Error,0,2026-08-18 03:42:09,2026-06-12 11:53:28,2026-06-12 11:53:28,0.0,1,1,0,0,1,5.0,5.0,5.0,0.30,0.30,0,0.0,300.0,20.0,0.0,,0.0,0,1732.8,280.0,60.000,60.0,0.30,0.30,0.0,0.00,,,0,,
https://nelspin.com,NELSPIN,urls,Redirect,0,2026-06-20 17:39:21,,,,0,0,0,0,0,0.0,,,0.00,,0,0.0,,,,,,0,,,,,,,0.0,,,,0,,
https://kingaud.com,KINGAUD,urls,OK,0,2026-06-20 17:38:44,,,,0,0,0,0,0,0.0,,,0.00,,0,0.0,,,,,,0,,,,,,,0.0,,,,0,,
https://bonus96.com,Bonus96,urls,Error,0,2026-08-18 02:31:25,2026-06-12 11:53:53,2026-06-12 11:53:53,0.0,1,1,0,0,1,0.0,,,0.42,0.42,0,0.0,2000.0,20.0,0.0,,0.0,0,1732.8,1980.0,,,0.42,0.42,0.0,0.00,,,0,,
https://faraday.in,,urls,Redirect,0,2026-06-20 17:37:43,,,,0,0,0,0,0,0.0,,,0.00,,0,0.0,,,,,,0,,,,,,,0.0,,,,0,,
https://nezha22.com,NZ22,urls,OK,0,2026-06-20 17:38:57,,,,0,0,0,0,0,0.0,,,0.00,,0,0.0,,,,,,0,,,,,,,0.0,,,,0,,
https://ausbet99.com,,urls,Redirect,0,2026-06-20 17:37:06,,,,0,0,0,0,0,0.0,,,0.00,,0,0.0,,,,,,0,,,,,,,0.0,,,,0,,
https://pokies33au.com,Pokies33,urls,Error,0,2026-08-18 03:42:21,2026-06-12 11:54:29,2026-06-12 11:54:29,0.0,1,1,0,0,1,13.0,13.0,13.0,0.23,0.23,0,0.0,1033.0,20.0,0.0,,0.0,0,1732.8,1013.0,79.462,79.5,0.23,0.23,0.0,0.00,,,0,,
https://bigpay77.net,BigPay77,urls,Error,0,2026-08-18 02:32:03,2026-06-12 11:54:36,2026-06-12 12:13:55,0.0,2,1,0,0,1,17.0,17.0,17.0,0.80,0.40,0,0.0,300.0,20.0,0.0,149.094,0.0,0,1732.5,280.0,29.412,29.4,0.40,0.40,0.0,0.01,74.547,59.49,0,,
https://crownbet.pro,,urls,Redirect,0,2026-06-20 17:37:25,,,,0,0,0,0,0,0.0,,,0.00,,0,0.0,,,,,,0,,,,,,,0.0,,,,0,,
https://royale9au.com,Royale9 Jernice,urls,OK,0,2026-08-18 03:40:00,2026-06-12 11:54:49,2026-08-17 06:21:20,65.8,6,2,0,0,5,62.0,12.4,19.0,4.99,0.83,0,0.0,276.5,14.2,0.0,0.091,0.0,0,154.3,262.3,27.913,27.9,0.83,0.83,0.0,0.00,0.076,0.08,0,,
https://eebet9.com,EEBET9,urls,Error,0,2026-08-18 03:41:22,2026-06-12 11:54:58,2026-06-12 11:54:58,0.0,2,1,0,0,1,5.0,5.0,5.0,1.22,0.61,0,0.0,294.0,25.0,0.0,,0.0,0,1732.8,269.0,20.000,20.0,0.61,0.61,0.0,0.00,,,0,,
https://ezbet66.com,,urls,Error,0,2026-06-20 17:38:10,,,,0,0,0,0,0,0.0,,,0.00,,0,0.0,,,,,,0,,,,,,,0.0,,,,0,,
https://audbet99.co,,urls,Error,0,2026-06-20 11:45:59,,,,0,0,0,0,0,0.0,,,0.00,,0,0.0,,,,,,0,,,,,,,0.0,,,,0,,
https://aussieluck33au.com,AussieLuck33,urls,OK,0,2026-06-20 17:37:12,,,,0,0,0,0,0,0.0,,,0.00,,0,0.0,,,,,,0,,,,,,,0.0,,,,0,,
https://dreamworldau.com,,urls,Error,0,2026-06-20 17:37:33,,,,0,0,0,0,0,0.0,,,0.00,,0,0.0,,,,,,0,,,,,,,0.0,,,,0,,
https://bm7au.com,,urls,Error,0,2026-06-20 17:37:21,,,,0,0,0,0,0,0.0,,,0.00,,0,0.0,,,,,,0,,,,,,,0.0,,,,0,,
https://rose21.app,,urls,Redirect,0,2026-06-20 12:00:37,,,,0,0,0,0,0,0.0,,,0.00,,0,0.0,,,,,,0,,,,,,,0.0,,,,0,,
https://x4betau.net,X4BET,urls,OK,0,2026-06-19 16:59:59,,,,0,0,0,0,0,0.0,,,0.00,,0,0.0,,,,,,0,,,,,,,0.0,,,,0,,
https://99uber.com,,urls,Error,0,2026-06-20 17:36:46,,,,0,0,0,0,0,0.0,,,0.00,,0,0.0,,,,,,0,,,,,,,0.0,,,,0,,
https://mrwin888.com,,urls,Error,0,2026-06-22 22:49:19,,,,0,0,0,0,0,0.0,,,0.00,,0,0.0,,,,,,0,,,,,,,0.0,,,,0,,
https://god88aus.com,,urls,Error,0,2026-06-20 17:37:53,,,,0,0,0,0,0,0.0,,,0.00,,0,0.0,,,,,,0,,,,,,,0.0,,,,0,,
https://maxim88au.com,,urls,Redirect,0,2026-06-20 17:38:34,,,,0,0,0,0,0,0.0,,,0.00,,0,0.0,,,,,,0,,,,,,,0.0,,,,0,,
https://aud365.co,AUDBET365,urls,Redirect,0,2026-08-23 16:40:41,2026-06-12 11:56:25,2026-07-02 18:41:20,20.3,7,1,0,0,3,1130.0,226.0,888.0,186.56,26.65,0,0.0,1639.0,151.1,0.0,0.345,0.0,0,1246.0,1610.7,7.371,7.4,26.65,26.65,0.0,0.00,0.148,9.20,0,,
https://mofospin.com,,urls,Error,0,2026-06-20 11:57:17,,,,0,0,0,0,0,0.0,,,0.00,,0,0.0,,,,,,0,,,,,,,0.0,,,,0,,
https://fortune88au.com,Fortune88 Pokies,urls,OK,0,2026-06-19 16:57:46,,,,0,0,0,0,0,0.0,,,0.00,,0,0.0,,,,,,0,,,,,,,0.0,,,,0,,
https://bx77au.com,Bx77au,urls,OK,0,2026-06-19 16:57:24,,,,0,0,0,0,0,0.0,,,0.00,,0,0.0,,,,,,0,,,,,,,0.0,,,,0,,
https://methmeth.com,,urls,Error,0,2026-06-20 17:38:39,,,,0,0,0,0,0,0.0,,,0.00,,0,0.0,,,,,,0,,,,,,,0.0,,,,0,,
https://g9aus.com,Gwin9,urls,OK,0,2026-06-20 17:37:50,,,,0,0,0,0,0,0.0,,,0.00,,0,0.0,,,,,,0,,,,,,,0.0,,,,0,,
https://royal9au.com,,urls,Redirect,0,2026-06-20 17:39:15,,,,0,0,0,0,0,0.0,,,0.00,,0,0.0,,,,,,0,,,,,,,0.0,,,,0,,
https://v9aus.com,,urls,Error,0,2026-06-20 17:40:07,,,,0,0,0,0,0,0.0,,,0.00,,0,0.0,,,,,,0,,,,,,,0.0,,,,0,,
https://gwin9au.com,Gwin9,urls,OK,0,2026-08-23 16:40:44,2026-06-12 11:57:25,2026-06-16 02:05:55,3.6,1,0,0,0,1,0.1,0.1,0.1,100.64,100.64,0,0.0,,999.0,,0.279,0.0,0,1646.6,,,,100.64,100.64,0.0,3.59,0.279,28.04,0,,
https://candylucks.net,,urls,Error,0,2026-06-20 17:37:27,,,,0,0,0,0,0,0.0,,,0.00,,0,0.0,,,,,,0,,,,,,,0.0,,,,0,,
https://cashnet99.com,CASHNET,urls,OK,0,2026-08-23 16:40:42,2026-06-12 11:57:35,2026-08-17 10:58:54,66.0,5,2,0,0,2,9.3,1.9,5.0,115.89,23.18,0,0.0,75.0,216.0,0.0,0.076,0.0,0,149.7,55.0,627.500,627.5,23.18,23.18,0.0,0.04,0.030,1.76,0,,
https://township64.com,,urls,Error,0,2026-06-20 17:40:03,,,,0,0,0,0,0,0.0,,,0.00,,0,0.0,,,,,,0,,,,,,,0.0,,,,0,,
https://bunny96.com,Bunny96 (AUD),urls,Error,0,2026-08-18 02:31:57,2026-06-12 11:57:47,2026-06-12 11:57:47,0.0,1,0,0,0,1,9.6,9.6,9.6,0.17,0.17,0,0.0,960.0,19.6,0.0,,0.0,0,1732.7,940.4,100.000,100.0,0.17,0.17,0.0,0.00,,,0,,
https://gd77.vip,,urls,Error,0,2026-06-20 11:52:16,,,,0,0,0,0,0,0.0,,,0.00,,0,0.0,,,,,,0,,,,,,,0.0,,,,0,,
https://gday123.com,Gday123 Australia,urls,OK,0,2026-06-19 16:57:53,,,,0,0,0,0,0,0.0,,,0.00,,0,0.0,,,,,,0,,,,,,,0.0,,,,0,,
https://enjoy007.com,,urls,Redirect,0,2026-06-20 11:50:42,,,,0,0,0,0,0,0.0,,,0.00,,0,0.0,,,,,,0,,,,,,,0.0,,,,0,,
https://micky13.net,,urls,Error,0,2026-06-20 11:56:53,,,,0,0,0,0,0,0.0,,,0.00,,0,0.0,,,,,,0,,,,,,,0.0,,,,0,,
https://wabet77.com,,urls,Redirect,0,2026-06-20 17:40:12,,,,0,0,0,0,0,0.0,,,0.00,,0,0.0,,,,,,0,,,,,,,0.0,,,,0,,
https://dg6au.com,,urls,Redirect,0,2026-06-20 11:49:44,,,,0,0,0,0,0,0.0,,,0.00,,0,0.0,,,,,,0,,,,,,,0.0,,,,0,,
https://acehighwin.com,ACEHIGHWIN,urls,Error,0,2026-08-18 02:31:05,2026-06-12 11:58:33,2026-06-12 11:58:33,0.0,1,1,0,0,1,15.0,15.0,15.0,0.43,0.43,0,0.0,600.0,10.0,0.0,,0.0,0,1732.7,590.0,40.000,40.0,0.43,0.43,0.0,0.00,,,0,,
https://pokiesojo.com,,urls,Error,0,2026-06-20 11:59:26,,,,0,0,0,0,0,0.0,,,0.00,,0,0.0,,,,,,0,,,,,,,0.0,,,,0,,
https://luckyangels.co,,urls,Redirect,0,2026-06-20 17:38:31,,,,0,0,0,0,0,0.0,,,0.00,,0,0.0,,,,,,0,,,,,,,0.0,,,,0,,
https://n1spin.com,,urls,Error,0,2026-06-20 11:57:49,,,,0,0,0,0,0,0.0,,,0.00,,0,0.0,,,,,,0,,,,,,,0.0,,,,0,,
https://avengeraus1.com,,urls,Error,0,2026-06-20 17:37:12,,,,0,0,0,0,0,0.0,,,0.00,,0,0.0,,,,,,0,,,,,,,0.0,,,,0,,
https://crown69.com,,urls,Redirect,0,2026-06-20 17:37:35,,,,0,0,0,0,0,0.0,,,0.00,,0,0.0,,,,,,0,,,,,,,0.0,,,,0,,
https://playmeth.com,,urls,Error,0,2026-06-20 11:59:10,,,,0,0,0,0,0,0.0,,,0.00,,0,0.0,,,,,,0,,,,,,,0.0,,,,0,,
https://champion9.com,Champion9 Customer Service,urls,Error,0,2026-08-18 03:43:24,2026-06-12 11:59:31,2026-06-12 11:59:31,0.0,1,1,0,0,1,0.0,,,0.03,0.03,0,0.0,200.0,20.0,0.0,,0.0,0,1732.7,180.0,,,0.03,0.03,0.0,0.00,,,0,,
https://fafaau.com,,urls,Error,0,2026-06-20 17:38:09,,,,0,0,0,0,0,0.0,,,0.00,,0,0.0,,,,,,0,,,,,,,0.0,,,,0,,
https://bizzo777.com,,urls,Redirect,0,2026-06-20 17:37:18,,,,0,0,0,0,0,0.0,,,0.00,,0,0.0,,,,,,0,,,,,,,0.0,,,,0,,
https://richboy.co,,urls,Redirect,0,2026-06-20 11:59:59,,,,0,0,0,0,0,0.0,,,0.00,,0,0.0,,,,,,0,,,,,,,0.0,,,,0,,
https://ho96.com,,urls,Redirect,0,2026-06-20 17:37:58,,,,0,0,0,0,0,0.0,,,0.00,,0,0.0,,,,,,0,,,,,,,0.0,,,,0,,
https://crown155au.com,Original Crownzo Online Casino Australia,urls,OK,0,2026-08-18 03:40:31,2026-06-19 16:57:28,2026-06-19 16:57:28,0.0,1,0,0,0,1,58.0,58.0,58.0,2.01,2.01,0,0.0,870.0,20.0,0.0,,0.0,0,1559.7,850.0,15.000,15.0,2.01,2.01,0.0,0.00,,,0,,
https://galaxyau.com,Galaxy AU,urls,Redirect,0,2026-08-18 03:40:49,2026-06-12 12:00:29,2026-06-12 12:00:29,0.0,2,1,0,0,1,13.0,6.5,10.0,1.21,0.60,0,0.0,213.0,20.0,0.0,,0.0,0,1732.7,193.0,37.400,37.4,0.60,0.60,0.0,0.00,,,0,,
https://rtpvictory88.com,RTPVICTORY88,urls,OK,0,2026-08-18 03:39:37,2026-06-12 12:00:37,2026-06-12 12:00:38,0.0,4,2,0,0,1,163.0,40.8,100.0,22.47,5.62,0,0.0,237.5,15.0,0.0,345600.000,0.0,0,1732.7,222.5,9.917,9.9,5.62,5.62,0.0,0.00,86400.000,1941471.73,0,,
https://checkmate7.com,,urls,Redirect,0,2026-06-20 17:37:21,,,,0,0,0,0,0,0.0,,,0.00,,0,0.0,,,,,,0,,,,,,,0.0,,,,0,,
https://bonza7.com,Bonza7,urls,OK,0,2026-06-20 17:37:20,,,,0,0,0,0,0,0.0,,,0.00,,0,0.0,,,,,,0,,,,,,,0.0,,,,0,,
https://arkspin.com,,urls,Error,0,2026-06-22 22:48:41,,,,0,0,0,0,0,0.0,,,0.00,,0,0.0,,,,,,0,,,,,,,0.0,,,,0,,
https://ariswin.com,,urls,Redirect,0,2026-06-22 22:48:50,,,,0,0,0,0,0,0.0,,,0.00,,0,0.0,,,,,,0,,,,,,,0.0,,,,0,,
https://v6aus.com,V6Bet,urls,Error,0,2026-08-18 03:41:50,2026-06-12 12:01:13,2026-06-12 12:01:13,0.0,2,1,0,0,1,0.0,,,0.74,0.37,0,0.0,134.0,20.0,0.0,,0.0,0,1732.7,114.0,,,0.37,0.37,0.0,0.00,,,0,,
https://mrvictor9.com,MrVictor9,urls,OK,0,2026-06-19 16:58:46,,,,0,0,0,0,0,0.0,,,0.00,,0,0.0,,,,,,0,,,,,,,0.0,,,,0,,
https://reborn7.com,Reborn7,urls,OK,0,2026-06-20 17:39:21,,,,0,0,0,0,0,0.0,,,0.00,,0,0.0,,,,,,0,,,,,,,0.0,,,,0,,
https://ubet96.com,Ubet AUS,urls,OK,0,2026-08-23 16:41:21,2026-06-12 12:01:41,2026-06-16 01:37:03,3.6,3,1,0,0,2,16.0,8.0,10.0,2.17,0.72,0,0.0,175.0,18.0,0.0,0.841,0.0,0,1647.1,157.0,23.450,23.4,0.72,0.72,0.0,0.00,0.561,0.61,0,,
https://minionspin.pro,,urls,Error,0,2026-06-20 17:38:30,,,,0,0,0,0,0,0.0,,,0.00,,0,0.0,,,,,,0,,,,,,,0.0,,,,0,,
https://gofun33.com,GoFun333,urls,Error,0,2026-08-18 03:42:22,2026-06-12 12:01:54,2026-06-12 12:01:54,0.0,1,1,0,0,1,0.0,,,0.22,0.22,0,0.0,150.0,20.0,0.0,,0.0,0,1732.7,130.0,,,0.22,0.22,0.0,0.00,,,0,,
https://betman9.com,BETMAN9,urls,Redirect,0,2026-08-18 03:41:08,2026-06-12 12:02:05,2026-06-12 12:02:05,0.0,1,0,0,0,1,9.0,9.0,9.0,1.10,1.10,0,0.0,199.0,20.0,0.0,,0.0,0,1732.7,179.0,22.111,22.1,1.10,1.10,0.0,0.00,,,0,,
https://speed9.co,SPEED 9,urls,Error,0,2026-08-18 03:41:37,2026-06-12 12:02:12,2026-06-12 12:02:12,0.0,1,1,0,0,1,3.0,3.0,3.0,0.61,0.61,0,0.0,100.0,20.0,0.0,,0.0,0,1732.7,80.0,33.333,33.3,0.61,0.61,0.0,0.00,,,0,,
https://boss365au.com,,urls,Error,0,2026-06-20 11:48:16,,,,0,0,0,0,0,0.0,,,0.00,,0,0.0,,,,,,0,,,,,,,0.0,,,,0,,
https://ufo9.asia,UFO9,urls,Error,0,2026-08-18 02:31:33,2026-06-12 12:02:27,2026-06-12 12:02:27,0.0,1,1,0,0,1,0.0,,,0.20,0.20,0,0.0,150.0,20.0,0.0,,0.0,0,1732.7,130.0,,,0.20,0.20,0.0,0.00,,,0,,
https://aus4win.com,SS9AU,urls,OK,0,2026-06-22 22:49:03,,,,0,0,0,0,0,0.0,,,0.00,,0,0.0,,,,,,0,,,,,,,0.0,,,,0,,
https://ibet9au.com,iBet9 AUSTRALIA,urls,OK,0,2026-06-19 16:58:04,,,,0,0,0,0,0,0.0,,,0.00,,0,0.0,,,,,,0,,,,,,,0.0,,,,0,,
https://safeau.net,SafeAu,urls,OK,0,2026-08-23 16:41:15,2026-06-12 12:02:52,2026-06-19 16:52:43,7.2,5,1,0,0,3,300.7,60.1,168.0,3.51,0.70,0,0.0,1787.4,25.2,0.0,0.694,0.0,0,1559.8,1762.2,42.508,42.5,0.70,0.70,0.0,0.00,0.417,0.49,0,,
https://tab968.com,TAB968,urls,Error,0,2026-08-18 03:40:21,2026-06-12 12:03:00,2026-06-12 12:03:00,0.0,2,2,0,0,1,48.0,24.0,28.0,2.22,1.11,0,0.0,550.0,20.0,0.0,,0.0,0,1732.6,530.0,23.214,23.2,1.11,1.11,0.0,0.00,,,0,,
https://kingtech88.com,KINGTECH88,urls,Error,0,2026-08-18 03:41:55,2026-06-12 12:03:09,2026-06-12 12:03:09,0.0,1,1,0,0,1,2.9,2.9,2.9,0.46,0.46,0,0.0,100.0,10.0,0.0,,0.0,0,1732.6,90.0,34.722,34.7,0.46,0.46,0.0,0.00,,,0,,
https://pokies7bet.com,Pokies7bet,urls,Error,0,2026-08-18 02:31:30,2026-06-12 12:03:25,2026-06-12 12:03:25,0.0,1,1,0,0,1,6.9,6.9,6.9,0.55,0.55,0,0.0,280.0,27.0,0.0,,0.0,0,1732.6,253.0,40.698,40.7,0.55,0.55,0.0,0.00,,,0,,
https://methspin.com,,urls,Error,0,2026-06-20 11:56:44,,,,0,0,0,0,0,0.0,,,0.00,,0,0.0,,,,,,0,,,,,,,0.0,,,,0,,
https://wildspin24.com,Wildspin24,urls,Error,0,2026-08-18 02:31:46,2026-06-12 12:03:37,2026-06-16 01:24:36,3.6,1,1,0,0,1,0.0,,,0.43,0.43,0,0.0,188.0,10.0,0.0,0.281,0.0,0,1647.3,178.0,,,0.43,0.43,0.0,3.56,0.281,0.12,0,,
https://in8.one,IN8,urls,OK,0,2026-08-18 03:40:05,2026-06-12 12:03:45,2026-06-12 12:03:45,0.0,5,2,0,0,1,219.0,54.8,198.0,3.54,0.71,0,0.0,1043.2,18.0,0.0,,0.0,0,1732.6,1025.2,42.450,42.5,0.71,0.71,0.0,0.00,,,0,,
https://enjoy96.com,Enjoy96,urls,OK,0,2026-08-18 03:40:11,2026-06-12 12:03:52,2026-06-20 17:35:51,8.2,2,1,0,0,2,5.0,5.0,5.0,1.53,0.77,0,0.0,1000.0,25.0,7.5,0.243,0.0,0,1535.1,1005.0,,15.0,0.77,0.25,0.0,0.00,0.243,0.19,0,,
https://mcdollar9.com,McDollar9 (AUD),urls,Error,0,2026-08-18 02:30:47,2026-06-12 12:04:01,2026-06-12 12:04:01,0.0,1,0,0,0,1,10.0,10.0,10.0,1.26,1.26,0,0.0,199.0,20.0,0.0,,0.0,0,1732.6,179.0,19.900,19.9,1.26,1.26,0.0,0.00,,,0,,
https://gey99au.com,,urls,Redirect,0,2026-06-20 17:38:01,,,,0,0,0,0,0,0.0,,,0.00,,0,0.0,,,,,,0,,,,,,,0.0,,,,0,,
https://77au.net,,urls,Redirect,0,2026-06-20 17:36:48,,,,0,0,0,0,0,0.0,,,0.00,,0,0.0,,,,,,0,,,,,,,0.0,,,,0,,
https://ocean96.com,OCEAN96,urls,OK,0,2026-06-20 17:39:01,,,,0,0,0,0,0,0.0,,,0.00,,0,0.0,,,,,,0,,,,,,,0.0,,,,0,,
https://royale88.club,,urls,Redirect,0,2026-06-20 12:00:49,,,,0,0,0,0,0,0.0,,,0.00,,0,0.0,,,,,,0,,,,,,,0.0,,,,0,,
https://gxbet7.com,,urls,Error,0,2026-06-20 17:38:26,,,,0,0,0,0,0,0.0,,,0.00,,0,0.0,,,,,,0,,,,,,,0.0,,,,0,,
https://reef33.vip,Reef33,urls,OK,0,2026-08-23 16:40:57,2026-06-12 12:04:41,2026-08-17 10:58:48,66.0,7,2,0,0,2,329.5,54.9,266.0,6.04,0.86,0,0.0,1063.9,15.7,0.0,0.106,0.0,0,149.7,1048.1,81.109,81.1,0.86,0.86,0.0,0.00,0.030,0.09,0,,
https://enjoy2win99.com,,urls,Not Found,0,2026-06-20 17:37:38,,,,0,0,0,0,0,0.0,,,0.00,,0,0.0,,,,,,0,,,,,,,0.0,,,,0,,
https://mwaus.co,MWAUS,urls,OK,0,2026-06-20 17:39:18,,,,0,0,0,0,0,0.0,,,0.00,,0,0.0,,,,,,0,,,,,,,0.0,,,,0,,
https://9pokies.com,9POKIES,urls,OK,0,2026-06-20 17:36:39,,,,0,0,0,0,0,0.0,,,0.00,,0,0.0,,,,,,0,,,,,,,0.0,,,,0,,
https://rizspin.com,,urls,Error,0,2026-06-20 17:40:01,,,,0,0,0,0,0,0.0,,,0.00,,0,0.0,,,,,,0,,,,,,,0.0,,,,0,,
https://pawkies.co,,urls,Error,0,2026-06-20 17:39:01,,,,0,0,0,0,0,0.0,,,0.00,,0,0.0,,,,,,0,,,,,,,0.0,,,,0,,
https://bybid9.com,,urls,Error,0,2026-06-20 17:37:32,,,,0,0,0,0,0,0.0,,,0.00,,0,0.0,,,,,,0,,,,,,,0.0,,,,0,,
https://intensityaus.com,Intensity,urls,Error,0,2026-08-18 03:42:41,2026-06-12 12:05:45,2026-06-12 12:05:45,0.0,1,1,0,0,1,1.0,1.0,1.0,0.17,0.17,0,0.0,100.0,30.0,0.0,,0.0,0,1732.6,70.0,100.000,100.0,0.17,0.17,0.0,0.00,,,0,,
https://acwin77.com,ACWIN77,urls,OK,0,2026-06-22 22:49:05,,,,0,0,0,0,0,0.0,,,0.00,,0,0.0,,,,,,0,,,,,,,0.0,,,,0,,
https://enjoy2aus.com,Enjoy2AUS,urls,Error,0,2026-08-18 03:43:12,2026-06-12 12:06:00,2026-06-12 12:06:00,0.0,1,1,0,0,1,1.0,1.0,1.0,0.09,0.09,0,0.0,150.0,20.0,0.0,,0.0,0,1732.6,130.0,150.000,150.0,0.09,0.09,0.0,0.00,,,0,,
https://jw8au.com,JW8AU,urls,Redirect,0,2026-08-23 16:40:57,2026-06-12 12:06:08,2026-06-12 12:06:08,0.0,3,1,0,0,1,196.0,98.0,108.0,35.62,11.87,0,0.0,1432.0,24.3,0.0,,0.0,0,1732.6,1407.7,22.924,22.9,11.87,11.87,0.0,0.00,,,0,,
https://ohyes66.com,,urls,Redirect,0,2026-06-22 22:49:08,,,,0,0,0,0,0,0.0,,,0.00,,0,0.0,,,,,,0,,,,,,,0.0,,,,0,,
https://thestar99.com,,urls,Error,0,2026-06-20 17:39:44,,,,0,0,0,0,0,0.0,,,0.00,,0,0.0,,,,,,0,,,,,,,0.0,,,,0,,
https://play369.co,PLAY369,urls,Error,0,2026-08-18 02:30:56,2026-06-12 12:06:28,2026-06-12 12:06:28,0.0,2,2,0,0,1,5.0,5.0,5.0,0.78,0.39,0,0.0,175.0,10.0,0.0,,0.0,0,1732.6,165.0,30.000,30.0,0.39,0.39,0.0,0.00,,,0,,
https://intensity2aus.com,Intensity2Aus,urls,OK,0,2026-08-23 16:41:19,2026-06-12 12:06:36,2026-06-12 12:06:36,0.0,2,1,0,0,1,30.0,30.0,30.0,2.38,1.19,0,0.0,300.0,25.0,0.0,,0.0,0,1732.6,275.0,15.000,15.0,1.19,1.19,0.0,0.00,,,0,,
https://ii89au.com,ii89 PayID Pokies Online Casino Aus,urls,Error,0,2026-08-18 02:32:21,2026-06-12 12:06:50,2026-06-12 12:06:50,0.0,1,0,0,0,1,0.0,,,0.53,0.53,0,0.0,400.0,20.0,0.0,,0.0,0,1732.6,380.0,,,0.53,0.53,0.0,0.00,,,0,,
https://iw99au.com,IW99,urls,Redirect,0,2026-08-18 03:43:27,2026-06-12 12:06:57,2026-06-12 12:06:57,0.0,2,1,0,0,1,15.0,7.5,10.0,0.05,0.02,0,0.0,125.0,0.1,0.0,,0.0,0,1732.6,124.9,17.500,17.5,0.02,0.02,0.0,0.00,,,0,,
https://44spin.com,,urls,Error,0,2026-08-18 02:33:54,,,,0,0,0,0,0,0.0,,,0.00,,0,0.0,,,,,,0,,,,,,,0.0,,,,0,,
https://ausbet88.com,AUSBET88,urls,Error,0,2026-08-18 02:30:05,2026-06-12 12:07:12,2026-06-12 12:07:12,0.0,1,0,0,0,1,10.0,10.0,10.0,1.25,1.25,0,0.0,200.0,20.0,0.0,,0.0,0,1732.6,180.0,20.000,20.0,1.25,1.25,0.0,0.00,,,0,,
https://slotmeth.com,,urls,Error,0,2026-06-20 12:01:48,,,,0,0,0,0,0,0.0,,,0.00,,0,0.0,,,,,,0,,,,,,,0.0,,,,0,,
https://pesi13.com,PESI13,urls,OK,0,2026-08-23 16:40:34,2026-06-12 12:07:26,2026-06-17 05:25:40,4.7,7,1,0,0,2,548.3,109.7,333.0,147.94,21.13,0,0.0,388.3,22.6,0.0,1.483,0.0,0,1619.3,365.7,127.982,128.0,21.13,21.13,0.0,0.00,0.424,31.34,0,,
https://mrwin5.com,MrWin5,urls,OK,0,2026-06-20 17:39:13,,,,0,0,0,0,0,0.0,,,0.00,,0,0.0,,,,,,0,,,,,,,0.0,,,,0,,
https://r35au.co,,urls,Error,0,2026-06-22 22:48:31,,,,0,0,0,0,0,0.0,,,0.00,,0,0.0,,,,,,0,,,,,,,0.0,,,,0,,
https://cbr8aus.com,CBR8,urls,Error,0,2026-08-18 03:41:42,2026-06-12 12:07:50,2026-06-12 12:07:50,0.0,1,1,0,0,1,2.9,2.9,2.9,0.24,0.24,0,0.0,200.0,20.0,0.0,,0.0,0,1732.6,180.0,69.444,69.4,0.24,0.24,0.0,0.00,,,0,,
https://winner29.com,Winner29,urls,OK,0,2026-06-20 17:40:19,,,,0,0,0,0,0,0.0,,,0.00,,0,0.0,,,,,,0,,,,,,,0.0,,,,0,,
https://aba33aus.com,,urls,Error,0,2026-06-20 17:36:48,,,,0,0,0,0,0,0.0,,,0.00,,0,0.0,,,,,,0,,,,,,,0.0,,,,0,,
https://luckau.co,,urls,Error,0,2026-06-20 17:38:46,,,,0,0,0,0,0,0.0,,,0.00,,0,0.0,,,,,,0,,,,,,,0.0,,,,0,,
https://weplay9aus.com,,urls,Error,0,2026-06-22 22:49:04,,,,0,0,0,0,0,0.0,,,0.00,,0,0.0,,,,,,0,,,,,,,0.0,,,,0,,
https://gucci9.vip,,urls,Error,0,2026-06-20 17:38:26,,,,0,0,0,0,0,0.0,,,0.00,,0,0.0,,,,,,0,,,,,,,0.0,,,,0,,
https://hotpokies88.com,KINGAUD,urls,OK,0,2026-06-20 17:38:25,,,,0,0,0,0,0,0.0,,,0.00,,0,0.0,,,,,,0,,,,,,,0.0,,,,0,,
https://aud96.com,,urls,Redirect,0,2026-06-20 17:36:49,,,,0,0,0,0,0,0.0,,,0.00,,0,0.0,,,,,,0,,,,,,,0.0,,,,0,,
https://spinup77.com,SPINUP77,urls,OK,0,2026-08-23 16:40:54,2026-06-16 02:27:09,2026-08-17 10:59:03,62.4,6,2,0,0,2,290.0,48.3,177.0,6.53,1.09,0,0.0,1021.7,11.7,0.0,0.096,0.0,0,149.7,1010.0,28.823,28.8,1.09,1.09,0.0,0.06,0.032,0.10,0,,
https://check-in77.com,Checkin777,urls,OK,0,2026-06-19 16:57:29,,,,0,0,0,0,0,0.0,,,0.00,,0,0.0,,,,,,0,,,,,,,0.0,,,,0,,
https://maxspin7.com,MaxSpin7,urls,OK,0,2026-08-18 03:40:17,2026-06-12 12:09:19,2026-06-12 12:18:28,0.0,3,1,0,0,1,12.0,6.0,7.0,1.55,0.52,0,0.0,200.0,20.0,0.0,472.131,0.0,0,1732.4,180.0,34.286,34.3,0.52,0.52,0.0,0.00,157.377,243.61,0,,
https://icebet888.com,IceBet888,urls,OK,0,2026-06-22 22:48:30,,,,0,0,0,0,0,0.0,,,0.00,,0,0.0,,,,,,0,,,,,,,0.0,,,,0,,
https://wrbaus.com,,urls,Redirect,0,2026-06-20 12:06:56,,,,0,0,0,0,0,0.0,,,0.00,,0,0.0,,,,,,0,,,,,,,0.0,,,,0,,
https://aussie96.com,AUSSIE96,urls,OK,0,2026-06-20 17:37:13,,,,0,0,0,0,0,0.0,,,0.00,,0,0.0,,,,,,0,,,,,,,0.0,,,,0,,
https://xmas7.com,,urls,Error,0,2026-06-20 17:40:11,,,,0,0,0,0,0,0.0,,,0.00,,0,0.0,,,,,,0,,,,,,,0.0,,,,0,,
https://zeroaud.com,ZERO,urls,OK,0,2026-08-23 16:41:03,2026-06-12 12:09:53,2026-08-17 10:58:24,66.0,5,1,0,0,2,121.0,24.2,58.0,4.38,0.88,0,0.0,466.4,8.6,0.0,0.076,0.0,0,149.7,457.8,19.709,19.7,0.88,0.88,0.0,0.00,0.030,0.07,0,,
https://koala88.co,Koala88,urls,Blocked,0,2026-08-18 03:41:44,2026-06-12 12:10:01,2026-06-12 12:10:01,0.0,2,1,0,0,1,10.0,10.0,10.0,0.36,0.18,0,0.0,349.5,10.0,0.0,,0.0,0,1732.5,339.5,49.900,49.9,0.18,0.18,0.0,0.00,,,0,,
https://truewin77.com,TRUEWIN77,urls,OK,0,2026-08-23 16:40:42,2026-06-12 12:10:10,2026-06-12 12:10:10,0.0,3,1,0,0,1,5.2,2.6,5.0,118.22,39.41,0,0.0,329.3,1006.7,0.0,,0.0,0,1732.5,1322.7,20.000,10.0,39.41,39.41,0.0,0.00,,,0,,
https://ea99aud.com,,urls,Redirect,0,2026-06-20 11:50:17,,,,0,0,0,0,0,0.0,,,0.00,,0,0.0,,,,,,0,,,,,,,0.0,,,,0,,
https://sking668.co,,urls,Error,0,2026-06-20 17:39:21,,,,0,0,0,0,0,0.0,,,0.00,,0,0.0,,,,,,0,,,,,,,0.0,,,,0,,
https://peakyblinders777.com,,urls,Error,0,2026-06-20 11:58:50,,,,0,0,0,0,0,0.0,,,0.00,,0,0.0,,,,,,0,,,,,,,0.0,,,,0,,
https://zebra88.club,ZEBRA88,urls,Error,0,2026-08-18 03:41:13,2026-06-12 12:10:37,2026-06-12 12:10:37,0.0,1,1,0,0,1,10.0,10.0,10.0,0.33,0.33,0,0.0,588.0,21.0,0.0,,0.0,0,1732.5,567.0,58.800,58.8,0.33,0.33,0.0,0.00,,,0,,
https://7vip7.com,,urls,Redirect,0,2026-06-20 17:36:47,,,,0,0,0,0,0,0.0,,,0.00,,0,0.0,,,,,,0,,,,,,,0.0,,,,0,,
https://ac8aus.com,,urls,Redirect,0,2026-08-18 03:43:36,,,,0,0,0,0,0,0.0,,,0.00,,0,0.0,,,,,,0,,,,,,,0.0,,,,0,,
https://deespin.com,DeeSpin,urls,OK,0,2026-06-22 22:48:30,,,,0,0,0,0,0,0.0,,,0.00,,0,0.0,,,,,,0,,,,,,,0.0,,,,0,,
https://nightclubaus.com,NC88AU,urls,Error,0,2026-08-18 03:42:16,2026-06-12 12:11:06,2026-06-12 12:11:06,0.0,1,1,0,0,1,18.9,18.9,18.9,0.39,0.39,0,0.0,1000.0,20.0,0.0,,0.0,0,1732.5,980.0,52.966,53.0,0.39,0.39,0.0,0.00,,,0,,
https://99flashwin.com,,urls,Error,0,2026-06-20 17:36:42,,,,0,0,0,0,0,0.0,,,0.00,,0,0.0,,,,,,0,,,,,,,0.0,,,,0,,
https://bondi333.com,BONDI333,urls,OK,0,2026-08-18 03:40:04,2026-06-12 12:11:19,2026-08-17 10:59:10,65.9,4,1,0,0,2,56.8,14.2,30.0,1.74,0.44,0,0.0,744.2,17.5,0.0,0.061,0.0,0,149.7,726.8,63.750,63.8,0.44,0.44,0.0,0.00,0.030,0.03,0,,
https://aud1000.com,,urls,Redirect,0,2026-06-20 17:36:54,,,,0,0,0,0,0,0.0,,,0.00,,0,0.0,,,,,,0,,,,,,,0.0,,,,0,,
https://rugby77.com,RUGBY77,urls,OK,0,2026-06-20 17:39:29,,,,0,0,0,0,0,0.0,,,0.00,,0,0.0,,,,,,0,,,,,,,0.0,,,,0,,
https://auslot7.com,BngWin7,urls,Error,0,2026-08-18 02:31:48,2026-06-12 12:11:40,2026-06-12 12:11:40,0.0,1,1,0,0,1,50.0,50.0,50.0,0.15,0.15,0,0.0,5000.0,10.9,0.0,,0.0,0,1732.5,4989.1,100.000,100.0,0.15,0.15,0.0,0.00,,,0,,
https://k18win.com,,urls,Code 530,0,2026-06-20 17:38:09,,,,0,0,0,0,0,0.0,,,0.00,,0,0.0,,,,,,0,,,,,,,0.0,,,,0,,
https://tcl99aus.com,,urls,Redirect,0,2026-06-20 12:02:47,,,,0,0,0,0,0,0.0,,,0.00,,0,0.0,,,,,,0,,,,,,,0.0,,,,0,,
https://yes77au.com,Yes77au,urls,OK,0,2026-06-20 17:40:27,,,,0,0,0,0,0,0.0,,,0.00,,0,0.0,,,,,,0,,,,,,,0.0,,,,0,,
https://crystalchips777.com,,urls,Error,0,2026-06-20 17:37:30,,,,0,0,0,0,0,0.0,,,0.00,,0,0.0,,,,,,0,,,,,,,0.0,,,,0,,
https://wincrown7.com,,urls,Redirect,0,2026-06-20 12:05:29,,,,0,0,0,0,0,0.0,,,0.00,,0,0.0,,,,,,0,,,,,,,0.0,,,,0,,
https://select777.net,SELECT777,urls,Error,0,2026-08-18 02:30:21,2026-06-12 12:12:18,2026-06-20 17:35:43,8.2,6,1,0,0,5,188.0,37.6,68.0,1.04,0.17,0,0.0,2731.7,13.3,0.0,0.730,0.0,0,1535.1,2718.3,89.735,89.7,0.17,0.17,0.0,0.00,0.608,0.13,0,,
https://weplay88.com,WePlay88,urls,Error,0,2026-08-18 03:41:31,2026-06-12 12:12:27,2026-06-12 12:19:29,0.0,3,1,0,0,1,9.0,4.5,5.0,0.49,0.16,0,0.0,400.0,13.3,0.0,614.218,0.0,0,1732.4,386.7,62.500,62.5,0.16,0.16,0.0,0.00,204.739,100.87,0,,
https://pokieslab9.com,PokiesLab9,urls,OK,0,2026-06-20 17:39:05,,,,0,0,0,0,0,0.0,,,0.00,,0,0.0,,,,,,0,,,,,,,0.0,,,,0,,
https://day2spin.com,,urls,Error,0,2026-06-20 17:37:37,,,,0,0,0,0,0,0.0,,,0.00,,0,0.0,,,,,,0,,,,,,,0.0,,,,0,,
https://cuntspin.com,,urls,Error,0,2026-06-20 11:49:37,,,,0,0,0,0,0,0.0,,,0.00,,0,0.0,,,,,,0,,,,,,,0.0,,,,0,,
https://royalaud.com,ROYAL77,urls,OK,0,2026-08-18 03:39:54,2026-06-12 12:12:58,2026-06-12 12:12:58,0.0,4,2,0,0,1,75.0,18.8,30.0,6.45,1.61,0,0.0,375.0,10.0,0.0,,0.0,0,1732.5,365.0,26.667,26.7,1.61,1.61,0.0,0.00,,,0,,
https://neiro55.com,NEIRO55,urls,Error,0,2026-08-18 02:30:53,2026-06-12 12:13:05,2026-08-17 10:58:18,65.9,2,1,0,0,2,60.0,30.0,35.0,2.12,1.06,0,0.0,600.0,10.0,0.0,0.030,0.0,0,149.7,590.0,20.000,20.0,1.06,1.06,0.0,0.00,0.030,0.03,0,,
https://vv88aud.io,VV88 AUS,urls,OK,0,2026-08-23 16:41:08,2026-06-12 12:13:19,2026-08-17 10:58:27,65.9,2,2,0,0,2,100.0,100.0,100.0,3.56,1.78,0,0.0,1007.5,15.0,0.0,0.030,0.0,0,149.7,992.5,20.000,20.0,1.78,1.78,0.0,0.00,0.030,0.05,0,,
https://outback444.com,,urls,Redirect,0,2026-06-20 11:58:22,,,,0,0,0,0,0,0.0,,,0.00,,0,0.0,,,,,,0,,,,,,,0.0,,,,0,,
https://bigpay2u.com,,urls,Redirect,0,2026-06-20 17:37:13,,,,0,0,0,0,0,0.0,,,0.00,,0,0.0,,,,,,0,,,,,,,0.0,,,,0,,
https://audgaming8.com,AUDGAMING,urls,OK,0,2026-08-23 16:41:16,2026-06-12 12:13:41,2026-06-19 16:54:16,7.2,3,1,0,0,2,50.0,16.7,30.0,2.75,0.92,0,0.0,500.0,30.0,0.0,0.417,0.0,0,1559.8,470.0,36.667,36.7,0.92,0.92,0.0,0.00,0.278,0.38,0,,
https://millionaireaud.com,,urls,Error,0,2026-06-20 17:38:37,,,,0,0,0,0,0,0.0,,,0.00,,0,0.0,,,,,,0,,,,,,,0.0,,,,0,,
https://mrbean9.com,MrBean9,urls,OK,0,2026-08-23 16:41:11,2026-06-12 12:13:55,2026-06-12 12:13:55,0.0,2,2,0,0,1,23.0,11.5,13.0,3.32,1.66,0,0.0,365.0,15.0,0.0,,0.0,0,1732.5,350.0,29.231,29.2,1.66,1.66,0.0,0.00,,,0,,
https://ozreel88.com,OZ REEL88 l,urls,Error,0,2026-08-18 02:32:46,2026-06-12 12:14:04,2026-06-12 12:14:04,0.0,3,1,0,0,1,28.9,14.4,18.9,0.05,0.02,0,0.0,425.3,10.0,129.3,,0.0,0,1732.5,415.3,33.517,144.0,0.02,0.00,0.0,0.00,,,0,,
https://scr55.com,,urls,Error,0,2026-06-20 12:01:12,,,,0,0,0,0,0,0.0,,,0.00,,0,0.0,,,,,,0,,,,,,,0.0,,,,0,,
https://pokiestt.com,,urls,Redirect,0,2026-06-22 22:48:29,,,,0,0,0,0,0,0.0,,,0.00,,0,0.0,,,,,,0,,,,,,,0.0,,,,0,,
https://77pokies.com,77POKIES,urls,Error,0,2026-08-18 03:43:09,,,,0,0,0,0,0,0.0,,,0.00,,0,0.0,,,,,,0,,,,,,,0.0,,,,0,,
https://hollywoodaus.com,HOLLYWOOD,urls,OK,0,2026-08-18 03:39:55,2026-06-12 12:14:35,2026-08-17 10:58:17,65.9,4,1,0,0,2,115.0,28.8,55.0,3.64,0.91,0,0.0,617.0,13.8,0.0,0.061,0.0,0,149.7,603.2,28.642,28.6,0.91,0.91,0.0,0.00,0.030,0.06,0,,
https://aud2u.com,AUD2U,urls,Error,0,2026-08-18 03:42:05,2026-06-12 12:14:43,2026-06-12 12:14:43,0.0,1,1,0,0,1,1.9,1.9,1.9,0.31,0.31,0,0.0,88.0,10.0,0.0,,0.0,0,1732.4,78.0,46.809,46.8,0.31,0.31,0.0,0.00,,,0,,
https://macluck9aus.net,,urls,Redirect,0,2026-06-20 17:38:35,,,,0,0,0,0,0,0.0,,,0.00,,0,0.0,,,,,,0,,,,,,,0.0,,,,0,,
https://bk8au.online,BK8POKIES,urls,Error,0,2026-08-18 02:32:32,2026-06-12 12:14:57,2026-06-12 12:22:43,0.0,1,1,0,0,1,0.0,,,0.09,0.09,0,0.0,150.0,20.0,0.0,185.408,0.0,0,1732.3,130.0,,,0.09,0.09,0.0,0.01,185.408,16.45,0,,
https://auwin7.com,AUWIN7,urls,Error,0,2026-08-18 02:30:18,2026-06-12 12:15:04,2026-06-12 12:15:04,0.0,2,1,0,0,1,19.9,9.9,16.9,1.66,0.83,0,0.0,238.5,17.0,0.0,,0.0,0,1732.4,221.5,27.834,27.8,0.83,0.83,0.0,0.00,,,0,,
https://vpower8.com,VPOWER8™ Australia Pokies,urls,Error,0,2026-08-18 02:32:20,2026-06-16 02:35:35,2026-06-16 02:35:35,0.0,2,1,0,0,1,0.0,,,0.06,0.03,0,0.0,150.0,11.0,0.0,,0.0,0,1646.1,139.0,,,0.03,0.03,0.0,0.00,,,0,,
https://topaz33.com,TOPAZ33,urls,OK,0,2026-08-23 16:40:38,2026-06-12 12:15:18,2026-08-17 10:57:41,65.9,4,1,0,0,3,7.5,2.5,5.0,111.38,27.84,0,0.0,125.0,527.0,0.0,0.061,0.0,0,149.7,542.0,64.444,43.0,27.84,27.84,0.0,0.00,0.045,1.69,0,,
https://gold77au.com,GOLD77,urls,OK,0,2026-08-18 03:39:59,2026-06-12 12:15:25,2026-06-12 12:15:25,0.0,1,1,0,0,1,777.0,777.0,777.0,3.07,3.07,0,0.0,7770.0,10.0,0.0,,0.0,0,1732.4,7760.0,10.000,10.0,3.07,3.07,0.0,0.00,,,0,,
https://thepokies96.com,ThePokies96,urls,OK,0,2026-08-23 16:40:39,2026-06-12 12:15:32,2026-06-12 12:15:32,0.0,1,0,0,0,1,0.1,0.1,0.1,116.56,116.56,0,0.0,,3000.0,,,0.0,0,1732.4,,,,116.56,116.56,0.0,0.00,,,0,,
https://top1cas.com,AUSBET96 GAMING & Pokies Hub,urls,Error,0,2026-08-18 02:30:37,2026-06-12 12:15:40,2026-06-12 12:15:40,0.0,3,2,0,0,1,90.0,90.0,90.0,2.75,0.92,0,0.0,432.3,10.6,0.0,,0.0,0,1732.4,421.7,12.092,12.1,0.92,0.92,0.0,0.00,,,0,,
https://reef33.co,,urls,Error,0,2026-06-20 17:39:04,,,,0,0,0,0,0,0.0,,,0.00,,0,0.0,,,,,,0,,,,,,,0.0,,,,0,,
https://q7pokies.com,,urls,Redirect,0,2026-06-22 22:49:10,,,,0,0,0,0,0,0.0,,,0.00,,0,0.0,,,,,,0,,,,,,,0.0,,,,0,,
https://win19au.com,WIN19,urls,OK,0,2026-06-22 22:49:16,,,,0,0,0,0,0,0.0,,,0.00,,0,0.0,,,,,,0,,,,,,,0.0,,,,0,,
https://class777.com,Class777,urls,Blocked,0,2026-08-18 03:43:20,2026-06-12 12:16:07,2026-06-12 12:16:07,0.0,1,1,0,0,1,0.0,,,0.04,0.04,0,0.0,577.0,30.0,0.0,,0.0,0,1732.4,547.0,,,0.04,0.04,0.0,0.00,,,0,,
https://vspin365.com,,urls,Redirect,0,2026-06-20 12:04:42,,,,0,0,0,0,0,0.0,,,0.00,,0,0.0,,,,,,0,,,,,,,0.0,,,,0,,
https://meth688.com,,urls,Error,0,2026-06-20 11:56:36,,,,0,0,0,0,0,0.0,,,0.00,,0,0.0,,,,,,0,,,,,,,0.0,,,,0,,
https://cergas.online,CERGASBET,urls,Redirect,0,2026-08-23 16:41:09,2026-06-12 12:16:27,2026-06-12 12:16:27,0.0,3,2,0,0,1,18.0,6.0,10.0,8.99,3.00,0,0.0,50.0,10.0,0.0,,0.0,0,1732.4,40.0,10.556,10.6,3.00,3.00,0.0,0.00,,,0,,
https://coospin.com,,urls,Redirect,0,2026-06-20 11:48:50,,,,0,0,0,0,0,0.0,,,0.00,,0,0.0,,,,,,0,,,,,,,0.0,,,,0,,
https://emax7.co,EMAX7,urls,Redirect,0,2026-08-18 03:40:58,2026-06-12 12:16:43,2026-06-12 12:16:43,0.0,2,1,0,0,1,9.8,4.9,7.8,0.48,0.24,0,0.0,357.0,20.0,0.0,,0.0,0,1732.4,337.0,71.380,71.4,0.24,0.24,0.0,0.00,,,0,,
https://spindeluxe777.com,TAXIS33 - VIP Platform,urls,Redirect,0,2026-06-20 12:02:31,,,,0,0,0,0,0,0.0,,,0.00,,0,0.0,,,,,,0,,,,,,,0.0,,,,0,,
https://bn8aus.com,BN8,urls,OK,0,2026-06-20 17:37:22,,,,0,0,0,0,0,0.0,,,0.00,,0,0.0,,,,,,0,,,,,,,0.0,,,,0,,
https://vvip15au.com,VVIP15 Australia Online Casino,urls,OK,0,2026-08-18 03:39:30,2026-06-12 12:17:08,2026-08-18 02:28:56,66.6,3,0,0,0,3,55.3,18.4,38.0,109.82,36.61,0,0.0,440.5,309.3,0.0,0.045,0.0,0,134.2,304.5,17.500,17.5,36.61,36.61,0.0,0.00,0.045,1.65,0,,
https://cp2077.org,,urls,Redirect,0,2026-06-20 17:37:37,,,,0,0,0,0,0,0.0,,,0.00,,0,0.0,,,,,,0,,,,,,,0.0,,,,0,,
https://vip99.com,VIP99,urls,Error,0,2026-08-18 02:32:43,2026-06-12 12:17:21,2026-06-12 12:17:21,0.0,1,1,0,0,1,0.0,,,0.12,0.12,0,0.0,100.0,10.0,0.0,,0.0,0,1732.4,90.0,,,0.12,0.12,0.0,0.00,,,0,,
https://koala668.co,,urls,Error,0,2026-06-20 11:54:48,,,,0,0,0,0,0,0.0,,,0.00,,0,0.0,,,,,,0,,,,,,,0.0,,,,0,,
https://ozlotto88.com,OZLOTTO88,urls,Error,0,2026-08-18 03:42:35,2026-06-12 12:17:33,2026-06-12 12:17:33,0.0,1,1,0,0,1,4.0,4.0,4.0,0.16,0.16,0,0.0,400.0,20.0,0.0,,0.0,0,1732.4,380.0,100.000,100.0,0.16,0.16,0.0,0.00,,,0,,
https://imperium88.com,,urls,Error,0,2026-06-20 17:38:13,,,,0,0,0,0,0,0.0,,,0.00,,0,0.0,,,,,,0,,,,,,,0.0,,,,0,,
https://vbet44.com,,urls,Code 530,0,2026-06-20 12:04:29,,,,0,0,0,0,0,0.0,,,0.00,,0,0.0,,,,,,0,,,,,,,0.0,,,,0,,
https://skyspin96.co,SKYSPIN96,urls,OK,0,2026-08-23 16:41:21,2026-06-12 12:17:50,2026-08-17 06:21:24,65.8,7,1,0,0,5,157.0,26.2,75.0,3.13,0.45,0,0.0,5792.9,13.6,0.0,0.106,0.0,0,154.3,5779.3,117.333,117.3,0.45,0.45,0.0,0.00,0.076,0.05,0,,
https://speedaud.com,SpeedAUD,urls,OK,0,2026-08-23 16:40:51,2026-06-12 12:17:57,2026-08-17 10:58:41,65.9,10,3,0,0,4,494.3,54.9,369.0,13.63,1.36,0,0.0,1147.8,24.6,0.0,0.152,0.0,0,149.7,1123.2,511.656,511.7,1.36,1.36,0.0,0.12,0.061,0.21,0,,
https://auwin88.com,AUWIN88,urls,OK,0,2026-06-20 17:37:06,,,,0,0,0,0,0,0.0,,,0.00,,0,0.0,,,,,,0,,,,,,,0.0,,,,0,,
https://okwin33.com,OKWIN33,urls,Error,0,2026-08-18 02:31:10,2026-06-12 12:18:14,2026-06-12 12:18:14,0.0,1,0,0,0,1,0.0,,,0.53,0.53,0,0.0,400.0,20.0,0.0,,0.0,0,1732.4,380.0,,,0.53,0.53,0.0,0.00,,,0,,
https://avengers80.com,,urls,Redirect,0,2026-06-20 11:47:29,,,,0,0,0,0,0,0.0,,,0.00,,0,0.0,,,,,,0,,,,,,,0.0,,,,0,,
https://betworld168.vip,BetWorld168.vip,urls,Error,0,2026-08-18 03:43:09,2026-06-12 12:18:28,2026-06-12 12:18:28,0.0,1,1,0,0,1,0.0,,,0.06,0.06,0,0.0,200.0,20.0,0.0,,0.0,0,1732.4,180.0,,,0.06,0.06,0.0,0.00,,,0,,
https://scr111.com,,urls,Error,0,2026-06-20 12:00:59,,,,0,0,0,0,0,0.0,,,0.00,,0,0.0,,,,,,0,,,,,,,0.0,,,,0,,
https://mrwin9au.com,MrWin9,urls,OK,0,2026-06-19 16:58:57,,,,0,0,0,0,0,0.0,,,0.00,,0,0.0,,,,,,0,,,,,,,0.0,,,,0,,
https://cn8au.com,,urls,Error,0,2026-06-20 17:37:25,,,,0,0,0,0,0,0.0,,,0.00,,0,0.0,,,,,,0,,,,,,,0.0,,,,0,,
https://queen13au.com,QUEEN13,urls,OK,0,2026-06-20 17:39:41,,,,0,0,0,0,0,0.0,,,0.00,,0,0.0,,,,,,0,,,,,,,0.0,,,,0,,
https://megawin88au.com,,urls,Redirect,0,2026-06-20 11:56:31,,,,0,0,0,0,0,0.0,,,0.00,,0,0.0,,,,,,0,,,,,,,0.0,,,,0,,
https://u88aud.com,U88AUD,urls,OK,0,2026-08-18 03:40:04,2026-06-12 12:19:10,2026-06-12 12:19:10,0.0,1,0,0,0,1,20.0,20.0,20.0,2.46,2.46,0,0.0,200.0,10.0,0.0,,0.0,0,1732.4,190.0,10.000,10.0,2.46,2.46,0.0,0.00,,,0,,
https://win99aud.com,WIN99AUD,urls,OK,0,2026-08-23 16:41:09,2026-06-12 12:19:16,2026-08-17 06:21:13,65.8,4,1,0,0,2,145.0,36.2,100.0,5.57,1.39,0,0.0,550.0,16.2,0.0,0.061,0.0,0,154.3,533.8,25.000,25.0,1.39,1.39,0.0,0.00,0.030,0.08,0,,
https://everwin44.com,,urls,Error,0,2026-06-20 17:37:55,,,,0,0,0,0,0,0.0,,,0.00,,0,0.0,,,,,,0,,,,,,,0.0,,,,0,,
https://onyxaud.com,OnyxAUD,urls,Error,0,2026-08-18 03:41:27,2026-06-12 12:19:29,2026-06-12 12:19:29,0.0,2,1,0,0,1,4.0,4.0,4.0,0.33,0.17,0,0.0,350.0,10.0,0.0,,0.0,0,1732.4,340.0,25.000,25.0,0.17,0.17,0.0,0.00,,,0,,
https://mb9.co,MB9AU Online Slots,urls,OK,0,2026-06-20 17:38:26,,,,0,0,0,0,0,0.0,,,0.00,,0,0.0,,,,,,0,,,,,,,0.0,,,,0,,
https://bonsai369.com,,urls,Error,0,2026-06-20 17:37:17,,,,0,0,0,0,0,0.0,,,0.00,,0,0.0,,,,,,0,,,,,,,0.0,,,,0,,
https://ecstasybaby.com,,urls,Error,0,2026-06-22 22:48:39,,,,0,0,0,0,0,0.0,,,0.00,,0,0.0,,,,,,0,,,,,,,0.0,,,,0,,
https://jewelpalace88.com,,urls,Redirect,0,2026-06-20 17:38:36,,,,0,0,0,0,0,0.0,,,0.00,,0,0.0,,,,,,0,,,,,,,0.0,,,,0,,
https://legit99.com,Legit99,urls,OK,0,2026-06-20 17:38:46,,,,0,0,0,0,0,0.0,,,0.00,,0,0.0,,,,,,0,,,,,,,0.0,,,,0,,
https://boyabet9.com,BoyaBet9,urls,Error,0,2026-08-18 03:41:22,2026-06-12 12:20:08,2026-06-12 12:20:08,0.0,1,1,0,0,1,54.0,54.0,54.0,0.86,0.86,0,0.0,1600.0,20.0,0.0,,0.0,0,1732.4,1580.0,29.630,29.6,0.86,0.86,0.0,0.00,,,0,,
https://bacca777.com,,urls,Redirect,0,2026-06-20 17:37:21,,,,0,0,0,0,0,0.0,,,0.00,,0,0.0,,,,,,0,,,,,,,0.0,,,,0,,
https://spincash88.cash,,urls,Blocked,0,2026-06-20 17:39:39,,,,0,0,0,0,0,0.0,,,0.00,,0,0.0,,,,,,0,,,,,,,0.0,,,,0,,
https://live11.vip,,urls,Code 530,0,2026-06-20 11:55:01,,,,0,0,0,0,0,0.0,,,0.00,,0,0.0,,,,,,0,,,,,,,0.0,,,,0,,
https://cyberpunk369.com,CYBERPUNK369,urls,OK,0,2026-08-23 16:40:52,2026-06-12 12:20:36,2026-08-23 16:40:52,72.2,6,3,1,0,4,128.0,21.3,88.0,9.27,1.54,0,0.0,208.3,7.7,0.0,0.083,0.2,1,0.0,200.7,15.997,16.0,1.54,1.54,0.0,0.00,0.055,0.13,1,,
https://ignition66.com,,urls,Redirect,0,2026-06-20 17:38:32,,,,0,0,0,0,0,0.0,,,0.00,,0,0.0,,,,,,0,,,,,,,0.0,,,,0,,
https://trust88au.com,ITRUST88,urls,OK,0,2026-08-23 16:41:21,2026-06-12 12:20:52,2026-08-17 10:58:28,65.9,3,2,0,0,2,20.1,10.1,20.0,2.21,0.74,0,0.0,262.7,13.3,0.0,0.045,0.0,0,149.7,249.3,1507.500,1507.5,0.74,0.74,0.0,0.00,0.030,0.03,0,,
https://kangaspin.com,,urls,Redirect,0,2026-06-20 11:54:18,,,,0,0,0,0,0,0.0,,,0.00,,0,0.0,,,,,,0,,,,,,,0.0,,,,0,,
https://m1spin.com,,urls,Redirect,0,2026-06-20 11:55:37,,,,0,0,0,0,0,0.0,,,0.00,,0,0.0,,,,,,0,,,,,,,0.0,,,,0,,
https://winx96.com,Winx96,urls,OK,0,2026-06-20 17:40:07,,,,0,0,0,0,0,0.0,,,0.00,,0,0.0,,,,,,0,,,,,,,0.0,,,,0,,
https://lucky7au.com,,urls,Error,0,2026-06-20 17:38:30,,,,0,0,0,0,0,0.0,,,0.00,,0,0.0,,,,,,0,,,,,,,0.0,,,,0,,
https://lion88.website,LION88,urls,Error,0,2026-08-18 03:41:54,2026-06-12 12:21:24,2026-06-12 12:21:24,0.0,1,1,0,0,1,5.0,5.0,5.0,0.13,0.13,0,0.0,588.0,21.0,0.0,,0.0,0,1732.3,567.0,117.600,117.6,0.13,0.13,0.0,0.00,,,0,,
https://betjohn.net,BetJohn,urls,OK,0,2026-06-20 17:37:13,,,,0,0,0,0,0,0.0,,,0.00,,0,0.0,,,,,,0,,,,,,,0.0,,,,0,,
https://pokiefox.com,PokieFox,urls,OK,0,2026-06-19 16:58:58,,,,0,0,0,0,0,0.0,,,0.00,,0,0.0,,,,,,0,,,,,,,0.0,,,,0,,
https://joypokies.com,,urls,Redirect,0,2026-06-20 11:54:11,,,,0,0,0,0,0,0.0,,,0.00,,0,0.0,,,,,,0,,,,,,,0.0,,,,0,,
https://crn7.com,CRN7,urls,OK,0,2026-06-20 17:37:35,,,,0,0,0,0,0,0.0,,,0.00,,0,0.0,,,,,,0,,,,,,,0.0,,,,0,,
https://race96.com,Race96,urls,OK,0,2026-08-23 16:40:52,2026-07-02 18:40:48,2026-07-02 18:40:48,0.0,1,0,0,0,1,0.2,0.2,0.2,16.16,16.16,0,0.0,,1000.0,,,0.0,0,1246.0,,,,16.16,16.16,0.0,0.00,,,0,,
https://we966.com,,urls,Redirect,0,2026-06-20 12:05:12,,,,0,0,0,0,0,0.0,,,0.00,,0,0.0,,,,,,0,,,,,,,0.0,,,,0,,
https://spadeau.com,,urls,Error,0,2026-06-20 17:39:13,,,,0,0,0,0,0,0.0,,,0.00,,0,0.0,,,,,,0,,,,,,,0.0,,,,0,,
https://panda95au.com,Panda95 AU,urls,OK,0,2026-08-18 03:39:28,2026-06-12 12:22:19,2026-07-02 18:40:35,20.3,3,2,0,0,3,8.6,2.9,8.0,119.26,39.75,0,0.0,25.0,471.7,26.2,0.148,0.0,0,1246.0,674.5,6.250,26.2,39.75,33.97,0.0,0.00,0.148,5.89,0,,
https://megabet26.com,MegaBet26,urls,Error,0,2026-08-18 03:43:40,2026-06-12 12:22:26,2026-06-12 12:22:26,0.0,1,1,0,0,1,0.0,,,0.01,0.01,0,0.0,200.0,10.0,0.0,,0.0,0,1732.3,190.0,,,0.01,0.01,0.0,0.00,,,0,,
https://tnt99au.com,TNT99,urls,Error,0,2026-08-18 03:42:29,2026-06-12 12:22:35,2026-06-12 12:22:35,0.0,1,1,0,0,1,0.0,,,0.08,0.08,0,0.0,150.0,12.0,0.0,,0.0,0,1732.3,138.0,,,0.08,0.08,0.0,0.00,,,0,,
https://aud99.com,Aud99,urls,OK,0,2026-08-23 16:41:04,2026-08-23 16:41:04,2026-08-23 16:41:04,0.0,1,0,1,0,1,0.1,0.1,0.1,7.28,7.28,0,0.0,,599.0,,,1.0,1,0.0,,,,7.28,7.28,0.0,0.00,,,1,,
https://kangaroobet88.com,KANGAROOBET88,urls,OK,0,2026-06-20 17:38:39,,,,0,0,0,0,0,0.0,,,0.00,,0,0.0,,,,,,0,,,,,,,0.0,,,,0,,
https://i8au.online,I8AU,urls,Error,0,2026-08-18 02:32:15,2026-06-12 12:22:57,2026-06-12 12:22:57,0.0,1,1,0,0,1,3.8,3.8,3.8,0.15,0.15,0,0.0,400.0,20.0,0.0,,0.0,0,1732.3,380.0,105.263,105.3,0.15,0.15,0.0,0.00,,,0,,
https://monica999.co,,urls,Code 530,0,2026-06-20 17:39:04,,,,0,0,0,0,0,0.0,,,0.00,,0,0.0,,,,,,0,,,,,,,0.0,,,,0,,
https://freeaud.co,,urls,Redirect,0,2026-06-20 17:38:15,,,,0,0,0,0,0,0.0,,,0.00,,0,0.0,,,,,,0,,,,,,,0.0,,,,0,,
https://blaze007.com,Blaze007,urls,OK,0,2026-06-22 22:49:02,,,,0,0,0,0,0,0.0,,,0.00,,0,0.0,,,,,,0,,,,,,,0.0,,,,0,,
https://mrgreen8.com,,urls,Redirect,0,2026-06-20 17:38:44,,,,0,0,0,0,0,0.0,,,0.00,,0,0.0,,,,,,0,,,,,,,0.0,,,,0,,
http://fail_login.com,,urls,Error,0,2026-08-18 03:42:29,,,,0,0,0,0,0,0.0,,,0.00,,0,0.0,,,,,,0,,,,,,,0.0,,,,0,,
http://alap.red/pripokies,,urls,Error,0,2026-08-18 03:43:01,,,,0,0,0,0,0,0.0,,,0.00,,0,0.0,,,,,,0,,,,,,,0.0,,,,0,,
https://22bitau.com,,urls,Error,0,2026-08-18 02:33:05,,,,0,0,0,0,0,0.0,,,0.00,,0,0.0,,,,,,0,,,,,,,0.0,,,,0,,
https://1aud.org,,urls,Error,0,2026-08-18 03:42:42,,,,0,0,0,0,0,0.0,,,0.00,,0,0.0,,,,,,0,,,,,,,0.0,,,,0,,
https://126spin.com,,urls,Error,0,2026-08-18 02:33:13,,,,0,0,0,0,0,0.0,,,0.00,,0,0.0,,,,,,0,,,,,,,0.0,,,,0,,
https://1auclub.com,,urls,Error,0,2026-08-18 03:43:14,,,,0,0,0,0,0,0.0,,,0.00,,0,0.0,,,,,,0,,,,,,,0.0,,,,0,,
https://5gau.com/5G9830A5A,,urls,Error,0,2026-08-18 02:33:20,,,,0,0,0,0,0,0.0,,,0.00,,0,0.0,,,,,,0,,,,,,,0.0,,,,0,,
http://p.red,,urls,Error,0,2026-08-18 03:43:34,,,,0,0,0,0,0,0.0,,,0.00,,0,0.0,,,,,,0,,,,,,,0.0,,,,0,,
https://365aud.com,,urls,Error,0,2026-08-18 03:42:57,,,,0,0,0,0,0,0.0,,,0.00,,0,0.0,,,,,,0,,,,,,,0.0,,,,0,,
https://365aud.co,,urls,Error,0,2026-08-18 03:43:30,,,,0,0,0,0,0,0.0,,,0.00,,0,0.0,,,,,,0,,,,,,,0.0,,,,0,,
https://19rich.com/REF213A33A6A,,urls,Error,0,2026-08-18 03:43:24,,,,0,0,0,0,0,0.0,,,0.00,,0,0.0,,,,,,0,,,,,,,0.0,,,,0,,
https://88pokies.com,,urls,Error,0,2026-08-18 02:33:36,,,,0,0,0,0,0,0.0,,,0.00,,0,0.0,,,,,,0,,,,,,,0.0,,,,0,,
https://77magic.net,,urls,Error,0,2026-08-18 03:43:44,,,,0,0,0,0,0,0.0,,,0.00,,0,0.0,,,,,,0,,,,,,,0.0,,,,0,,
https://3monkeyau.com,,urls,Error,0,2026-08-18 02:33:47,,,,0,0,0,0,0,0.0,,,0.00,,0,0.0,,,,,,0,,,,,,,0.0,,,,0,,
https://5gau.com,,urls,Error,0,2026-08-18 02:33:54,,,,0,0,0,0,0,0.0,,,0.00,,0,0.0,,,,,,0,,,,,,,0.0,,,,0,,
https://ace4win.com,,urls,,0,,,,,0,0,0,0,0,0.0,,,0.00,,0,0.0,,,,,,0,,,,,,,0.0,,,,0,,
https://888pokies.com,,urls,,0,,,,,0,0,0,0,0,0.0,,,0.00,,0,0.0,,,,,,0,,,,,,,0.0,,,,0,,
https://88aus.live,,urls,,0,,,,,0,0,0,0,0,0.0,,,0.00,,0,0.0,,,,,,0,,,,,,,0.0,,,,0,,
https://ai88au.net,,urls,Error,0,2026-08-18 03:43:50,,,,0,0,0,0,0,0.0,,,0.00,,0,0.0,,,,,,0,,,,,,,0.0,,,,0,,
