url,mname,name,amount,minwithdraw,maxwithdraw,rollover,ratio,claimconfig,claimcondition,bonus,bonusrandom,reset,mintopup,maxtopup,referlink,perceived_value,is_new
https://truewin77.com,TRUEWIN77,Daily Rollover Rebate,0.19,0.0,3000.0,,0.0,,,,,,,,,117.25759632759365,1
https://topaz33.com,TOPAZ33,<b>2 Days Rebate </b>,0.2,0.0,1888.0,0.0,0.0,"{""customBonus"":""rebatedays"",""lose"":3,""win"":0.1,""days"":2,""displayDescriptionOnly"":""1"",""creditLessThan"":0.5,""startDate"":""2024-02-27""}",CUSTOM,6.0,,DAILY,,,,110.557593316735,1
https://spade69.co,SPADE69,Gold Frenzy,700.0,840.0,200.0,0.0,1.2,"{""displayDescriptionOnly"":""1"",""creditLessThan"":0.01,""walletId"":1,""changeGameId"":1,""startDate"":""2025-11-04"",""displayAngpaoText"":""1""}",FREE,0.0,,HOURLY,,,,95.58885717127995,1
https://crown69.co,CROWN69,Grand Final Glory,740.0,888.0,160.0,0.0,1.2,"{""displayDescriptionOnly"":""1"",""creditLessThan"":0.01,""walletId"":1,""changeGameId"":1,""displayAngpaoText"":""1""}",FREE,0.0,,HOURLY,,,,91.87057481826628,1
https://ijoker88au.com,IJOKER88,<b>FREE SHARE EVENT<b>,1.0,0.0,288.0,0.0,0.0,"{""customBonus"":""sharebonus"",""creditLessThan"":1,""startDate"":""2024-09-10"",""displayDescriptionOnly"":""1"",""mobileAppOnly"":""0"",""walletId"":1,""changeGameId"":1}",CUSTOM,0.0,,,,,,86.67105251051989,1
https://tab9au.com,TAB9AU,<b>New Register Free #C</b>,399.0,400.0,50.0,0.0,1.0,"{""startDate"":""2023-05-04"",""creditLessThan"":0.1,""displayDescriptionOnly"":""1"",""walletId"":1,""changeGameId"":1,""withdrawLessThan"":1}",FREE,0.0,,DAILY,,,,85.97480653166339,1
https://crown69.co,CROWN69,BONUS VAULT,250.0,1.2,50.0,0.0,0.0,"{""displayDescriptionOnly"":""1"",""creditLessThan"":0.01,""walletId"":1,""changeGameId"":1,""displayAngpaoText"":""1""}",FREE,0.0,,HOURLY,,,,83.94819348009914,1
https://spade69.co,SPADE69,Golden Surge,530.0,624.0,100.0,0.0,1.18,"{""displayDescriptionOnly"":""1"",""creditLessThan"":0.01,""walletId"":1,""changeGameId"":1,""startDate"":""2025-10-27"",""displayAngpaoText"":""1""}",FREE,0.0,,HOURLY,,,,83.87943239005126,1
https://pesi13.com,PESI13,<b>Website Design Upgrade BONUS</b> <b>#C</b>,168.0,168.0,50.0,0.0,1.0,"{""displayAngpaoText"":""1"",""displayDescriptionOnly"":""1"",""creditLessThan"":0.1,""walletId"":1,""changeGameId"":1}",FREE,0.0,,,,,,81.99929542429888,1
https://crown69.co,CROWN69,Semi-Final Surge,580.0,696.0,80.0,0.0,1.2,"{""displayDescriptionOnly"":""1"",""creditLessThan"":0.01,""walletId"":1,""changeGameId"":1,""displayAngpaoText"":""1""}",FREE,0.0,,HOURLY,,,,78.38406817986434,1
https://aud365.co,AUDBET365,<b>App Free $188</b> #C,188.0,238.0,100.0,0.0,1.27,"{""creditLessThan"":0.1,""displayDescriptionOnly"":""1"",""registerDate"":""2023-04-05"",""walletId"":1,""changeGameId"":1,""displayAngpaoText"":""1"",""mobileAppOnly"":""1""}",FREE,0.0,,,,,,72.15791076458724,1
https://spade69.co,SPADE69,Emerald Rise,430.0,516.0,50.0,0.0,1.2,"{""displayDescriptionOnly"":""1"",""creditLessThan"":0.01,""walletId"":1,""changeGameId"":1,""startDate"":""2025-10-23"",""displayAngpaoText"":""1""}",FREE,0.0,,HOURLY,,,,68.96067965817517,1
https://crown69.co,CROWN69,Matchday Multiplier,460.0,552.0,40.0,0.0,1.2,"{""displayDescriptionOnly"":""1"",""creditLessThan"":0.01,""walletId"":1,""changeGameId"":1,""displayAngpaoText"":""1""}",FREE,0.0,,HOURLY,,,,65.38202714313287,1
https://pesi13.com,PESI13,<b>DAILY FREE SPIN</b> <b>#C</b>,333.0,350.0,20.0,0.0,1.05,"{""registerDate"":""2024-02-21"",""creditLessThan"":1,""displayDescriptionOnly"":""1"",""walletId"":1,""changeGameId"":1}",FREE,0.0,,DAILY,,,,62.10521971245748,1
https://spade69.co,SPADE69,Clover Spark,350.0,420.0,25.0,0.0,1.2,"{""displayDescriptionOnly"":""1"",""creditLessThan"":0.01,""walletId"":1,""changeGameId"":1,""startDate"":""2025-10-23"",""displayAngpaoText"":""1""}",FREE,0.0,,HOURLY,,,,56.47663947216554,1
https://crown69.co,CROWN69,Season Kickoff,360.0,432.0,20.0,0.0,1.2,"{""displayDescriptionOnly"":""1"",""creditLessThan"":0.01,""walletId"":1,""changeGameId"":1,""displayAngpaoText"":""1""}",FREE,0.0,,HOURLY,,,,52.85982559147609,1
https://keno99.com,Keno99,<b>Earn Point Bonus</b>,198.0,238.0,10.0,0.0,1.2,"{""creditLessThan"":1,""mobileAppOnly"":""0"",""walletId"":1,""changeGameId"":1,""displayAngpaoText"":""1"",""displayDescriptionOnly"":""1""}",FREE,0.0,,DAILY,,,,40.12357847203428,1
https://cr33au.com,CR33,"<b style=""color:#;"">Daily Points Reward</b>",198.0,238.0,10.0,0.0,1.2,"{""creditLessThan"":1,""mobileAppOnly"":""1"",""walletId"":1,""changeGameId"":1}",FREE,0.0,,DAILY,,,,40.12357847203428,1
https://umi999.com,UMI999,Sign In Day 7,26.0,37.0,20.0,0.0,1.42,"{""walletId"":1,""changeGameId"":1,""claimTime"":""N=07"",""creditLessThan"":0.01,""fixRT"":1,""displayDescriptionOnly"":""1""}",FREE,0.0,,WEEKLY,,,,36.34890379372467,1
https://umi999.com,UMI999,DAILY GET FREE,28.0,40.0,20.0,0.0,1.43,"{""walletId"":1,""changeGameId"":1,""creditLessThan"":0.01,""fixRT"":1,""displayDescriptionOnly"":""1""}",FREE,0.0,,DAILY,,,,36.34879055449345,1
https://glorya77.com,GLORYA77,Sign In Day 7,27.0,39.0,20.0,0.0,1.44,"{""walletId"":1,""changeGameId"":1,""claimTime"":""N=07"",""creditLessThan"":0.01,""fixRT"":1,""displayDescriptionOnly"":""1""}",FREE,0.0,,WEEKLY,,,,35.76563793873621,1
https://umi999.com,UMI999,Sign In Day 6,25.0,36.0,20.0,0.0,1.44,"{""walletId"":1,""changeGameId"":1,""claimTime"":""N=06"",""creditLessThan"":0.01,""fixRT"":1,""displayDescriptionOnly"":""1""}",FREE,0.0,,WEEKLY,,,,35.724442076943944,1
https://glorya77.com,GLORYA77,Sign In Day 6,26.0,38.0,20.0,0.0,1.46,"{""walletId"":1,""changeGameId"":1,""claimTime"":""N=06"",""creditLessThan"":0.01,""fixRT"":1,""displayDescriptionOnly"":""1""}",FREE,0.0,,WEEKLY,,,,35.157175530412175,1
https://umi999.com,UMI999,Sign In Day 5,24.0,35.0,20.0,0.0,1.46,"{""walletId"":1,""changeGameId"":1,""claimTime"":""N=05"",""creditLessThan"":0.01,""fixRT"":1,""displayDescriptionOnly"":""1""}",FREE,0.0,,WEEKLY,,,,35.070573992962686,1
https://jw8au.com,JW8AU,<b>Welcome Back JW8</b> <b>#C</b>,108.0,180.0,25.0,0.0,1.67,"{""creditLessThan"":0.01,""displayDescriptionOnly"":""1"",""registerDate"":""2023-01-01"",""walletId"":1,""changeGameId"":1,""displayAngpaoText"":""1""}",FREE,0.0,,,,,,34.935858339321705,1
https://glorya77.com,GLORYA77,Sign In Day 5,25.0,37.0,20.0,0.0,1.48,"{""walletId"":1,""changeGameId"":1,""claimTime"":""N=05"",""creditLessThan"":0.01,""fixRT"":1,""displayDescriptionOnly"":""1""}",FREE,0.0,,WEEKLY,,,,34.52164051855226,1
https://umi999.com,UMI999,Sign In Day 3,22.0,33.0,20.0,0.0,1.5,"{""walletId"":1,""changeGameId"":1,""claimTime"":""N=03"",""creditLessThan"":0.01,""fixRT"":1,""displayDescriptionOnly"":""1""}",FREE,0.0,,WEEKLY,,,,33.66547335863625,1
https://glorya77.com,GLORYA77,Sign In Day 3,23.0,35.0,20.0,0.0,1.52,"{""walletId"":1,""changeGameId"":1,""claimTime"":""N=03"",""creditLessThan"":0.01,""fixRT"":1,""displayDescriptionOnly"":""1""}",FREE,0.0,,WEEKLY,,,,33.161449942050915,1
https://umi999.com,UMI999,Sign In Day 2,21.0,32.0,20.0,0.0,1.52,"{""walletId"":1,""changeGameId"":1,""claimTime"":""N=02"",""creditLessThan"":0.01,""fixRT"":1,""displayDescriptionOnly"":""1""}",FREE,0.0,,WEEKLY,,,,32.90906479570259,1
https://glorya77.com,GLORYA77,Sign In Day 2,22.0,34.0,20.0,0.0,1.55,"{""walletId"":1,""changeGameId"":1,""claimTime"":""N=02"",""creditLessThan"":0.01,""fixRT"":1,""displayDescriptionOnly"":""1""}",FREE,0.0,,WEEKLY,,,,32.4323564006194,1
https://umi999.com,UMI999,Sign In Day 1,20.0,31.0,20.0,0.0,1.55,"{""walletId"":1,""changeGameId"":1,""claimTime"":""N=01"",""creditLessThan"":0.01,""fixRT"":1,""displayDescriptionOnly"":""1""}",FREE,0.0,,WEEKLY,,,,32.11283492710146,1
https://glorya77.com,GLORYA77,Sign In Day 1,21.0,33.0,20.0,0.0,1.57,"{""walletId"":1,""changeGameId"":1,""claimTime"":""N=01"",""creditLessThan"":0.01,""fixRT"":1,""displayDescriptionOnly"":""1""}",FREE,0.0,,WEEKLY,,,,31.66726736561203,1
https://panda95au.com,Panda95 AU,Weekly Commission,0.5,0.0,899.0,2.5,0.0,"{""customBonus"":""commissionweek"",""creditLessThan"":0.1,""displayDescriptionOnly"":""1"",""startDate"":""2025-11-04""}",CUSTOM,5.0,,WEEKLY,,,,28.727031975114738,1
https://venus55.com,Venus55,COMMISSION,1.38,6.9,,,5.0,,,,,,,,,17.090326903111567,1
https://rtpvictory88.com,RTPVICTORY88,<b>WELCOME BACK FREE<b>,100.0,300.0,20.0,0.0,3.0,"{""creditLessThan"":0.1,""displayDescriptionOnly"":""1"",""registerBeforeDate"":""2026-05-25"",""changeGameId"":1,""walletId"":1}",FREE,0.0,,,,,,15.584332644933966,1
https://inskingdom8.com,INSKINGDOM8,<b>Welcome Back Free,100.0,300.0,20.0,0.0,3.0,"{""creditLessThan"":0.1,""displayDescriptionOnly"":""1"",""registerBeforeDate"":""2026-03-01"",""changeGameId"":1,""walletId"":1}",FREE,0.0,,,,,,15.584332644933966,1
https://jackpotau.com,JACKPOTAU,Weekly Commission,2.0,10.0,888.0,0.0,5.0,"{""customBonus"":""commissionweek"",""creditLessThan"":0.1,""startDate"":""2025-08-11"",""displayDescriptionOnly"":""1"",""displayAngpaoText"":""1""}",CUSTOM,10.0,,WEEKLY,,,,14.352262810494024,1
https://ijoker88au.com,IJOKER88,<b>DAILY FREE CREDIT<b>,88.0,288.0,15.0,0.0,3.27,"{""creditLessThan"":0.1,""displayDescriptionOnly"":""1"",""mobileAppOnly"":""0"",""displayAngpaoText"":""0"",""walletId"":1,""changeGameId"":1}",FREE,0.0,,DAILY,,,,12.629885195615032,1
https://ispeed88au.com,ISPEED88,<b>FREE 365 Days<b>,88.0,288.0,15.0,0.0,3.27,"{""creditLessThan"":0.1,""displayDescriptionOnly"":""1"",""mobileAppOnly"":""0"",""displayAngpaoText"":""0"",""walletId"":1,""changeGameId"":1}",FREE,0.0,,DAILY,,,,12.629885195615032,1
https://umi999.com,UMI999,APP BONUS,18.0,68.0,20.0,0.0,3.78,"{""walletId"":1,""changeGameId"":1,""creditLessThan"":0.01,""fixRT"":1,""displayDescriptionOnly"":""1"",""mobileAppOnly"":""1""}",FREE,0.0,,,,,,10.472530755252263,1
https://glorya77.com,GLORYA77,<b>APP Bonus Free<b>,18.0,68.0,20.0,0.0,3.78,"{""walletId"":1,""changeGameId"":1,""creditLessThan"":0.01,""fixRT"":1,""displayDescriptionOnly"":""1""}",FREE,0.0,,,,,,10.472530755252263,1
https://audwin9.com,AUDWIN9,SHARE 1 MEMBER GET AUD 9,9.0,27.0,9.0,0.0,3.0,"{""customBonus"":""sharebonus"",""creditLessThan"":0.1,""startDate"":""2024-06-28"",""mobileAppOnly"":""0"",""displayDescriptionOnly"":""1"",""walletId"":1,""changeGameId"":1,""maxCount"":1}",CUSTOM,0.0,,,,,,10.09647804665611,1
https://audwin9.com,AUDWIN9,DOWNLINE DEPOSIT FREE AUD 9,9.0,27.0,9.0,0.0,3.0,"{""customBonus"":""downlinedeposit"",""creditLessThan"":0.1,""startDate"":""2024-06-24"",""displayDescriptionOnly"":""1"",""walletId"":1,""changeGameId"":1}",CUSTOM,0.0,,,10.0,,,10.09647804665611,1
https://ispeed88au.com,ISPEED88,<b>WELCOME BACK FREE</b>,100.0,500.0,20.0,0.0,5.0,"{""displayDescriptionOnly"":""1"",""displayAngpaoText"":""1"",""walletId"":1,""changeGameId"":1}",FREE,0.0,,,,,,8.229572442539286,0
https://speedau.live,SpeedAU,<b>Subscribe Bonus</b>,30.0,200.0,30.0,0.0,6.67,"{""displayAngpaoText"":""0"",""displayDescriptionOnly"":""1"",""creditLessThan"":0.1,""mustJoinTelegramChannel"":""companyspeedau"",""walletId"":1,""changeGameId"":1}",FREE,0.0,,,,,,6.004171509496215,1
https://cergas.online,CERGASBET,CERGAS APP BONUS,10.0,50.0,10.0,0.0,5.0,"{""creditLessThan"":0.1,""startDate"":""2024-10-12"",""displayAngpaoText"":""0"",""mobileAppOnly"":""1"",""walletId"":1,""changeGameId"":1,""displayDescriptionOnly"":""1""}",FREE,0.0,,,,,,5.590611404670962,1
https://unitedau.com,UnitedAu,<b>REFRESHING FREE</b>,88.0,600.0,15.0,0.0,6.82,"{""creditLessThan"":0.1,""displayDescriptionOnly"":""1"",""walletId"":1,""changeGameId"":1,""displayAngpaoText"":""1""}",FREE,0.0,,WEEKLY,,,,5.0460430296218215,1
https://dolphin88.co,Dolphin88,<B>EXCLUSIVE BONUS</B>,50.0,300.0,10.0,0.0,6.0,"{""fixRT"":1,""creditLessThan"":0.1,""displayDescriptionOnly"":""0"",""changeGameId"":1,""walletId"":1,""registerBeforeDate"":""2026-06-15""}",FREE,0.0,,DAILY,,,,4.942092937949541,0
https://royalaud.com,ROYAL77,<b>Subscribe Bonus</b>,30.0,200.0,10.0,0.0,6.67,"{""displayAngpaoText"":""0"",""displayDescriptionOnly"":""1"",""creditLessThan"":0.1,""mustJoinTelegramChannel"":""COMPANYSPEEDAU"",""walletId"":1,""changeGameId"":1}",FREE,0.0,,,,,,4.192611568525111,1
https://reef33.vip,Reef33,<b>Telegram Airdrop Free</b>,266.0,2660.0,30.0,0.0,10.0,"{""displayAngpaoText"":""0"",""displayDescriptionOnly"":""1"",""creditLessThan"":0.1,""registerDate"":""2024-01-01"",""maxRoundTargetAll"":1,""playerClaimLimit"":1,""walletId"":1,""changeGameId"":1}",FREE,0.0,,DAILY,,,,4.137976797391322,1
https://aud365.co,AUDBET365,<b>Share Invite Downline Bonus</b>,15.0,120.0,20.0,0.0,8.0,"{""customBonus"":""sharebonus"",""creditLessThan"":0.1,""startDate"":""2022-07-01"",""displayDescriptionOnly"":""1"",""walletId"":1,""changeGameId"":1}",CUSTOM,0.0,,,,,,4.050805753020052,1
https://thestar.asia,TheStar,App Free Bonus,777.0,7777.0,20.0,0.0,10.01,"{""creditLessThan"":0.1,""displayDescriptionOnly"":""1"",""displayAngpaoText"":""1"",""walletId"":1,""changeGameId"":1,""mobileAppOnly"":""1""}",FREE,0.0,,DAILY,,,,3.893729558135782,1
https://speedaud.com,SpeedAUD,NEW MEMBER FREE $88,88.0,880.0,30.0,0.0,10.0,"{""creditLessThan"":1,""displayDescriptionOnly"":""1"",""displayAngpaoText"":""0"",""changeGameId"":1,""walletId"":1}",FREE,0.0,,,,,,3.872129670511799,1
https://thestar.asia,TheStar,FREE SPIN 365 DAYS,388.0,3888.0,20.0,0.0,10.02,"{""creditLessThan"":0.1,""displayDescriptionOnly"":""1"",""displayAngpaoText"":""1"",""walletId"":1,""changeGameId"":1,""mobileAppOnly"":""0""}",FREE,0.0,,DAILY,,,,3.7397661169615306,1
https://audwin9.com,AUDWIN9,VIP Daily Free Credit $19.99,19.99,139.0,9.0,0.0,6.95,"{""creditLessThan"":0.5,""displayDescriptionOnly"":""1"",""offUsernames"":[""195295275"",""185529750""],""displayAngpaoText"":""0"",""changeGameId"":1,""walletId"":1}",FREE,0.0,,DAILY,,,,3.719829734402207,1
https://22pokies.com,22pokies,"<b style=""color:#000000;"">Downline Deposit </b>",5.0,50.0,50.0,0.0,10.0,"{""customBonus"":""downlinedeposit"",""startDate"":""2023-04-04"",""displayDescriptionOnly"":""1"",""creditLessThan"":0.5}",CUSTOM,0.0,,,10.0,,,3.686274653734316,1
https://riches88.live,RICHES88,<b>TELEGRAM FREE</b>,100.0,800.0,10.0,0.0,8.0,"{""mustJoinTelegramChannel"":""riches88au"",""walletId"":1,""changeGameld"":1,""displayDescriptionOnly"":""1""}",FREE,0.0,,,,,,3.6019553639448203,1
https://speedaud.com,SpeedAUD,DAILY APP FREE $5,5.0,50.0,30.0,0.0,10.0,"{""displayDescriptionOnly"":""1"",""mobileAppOnly"":""1"",""creditLessThan"":0.1,""displayAngpaoText"":""0""}",FREE,0.0,,DAILY,,,,3.2195273075653947,1
https://aud365.co,AUDBET365,<b>SITE UPGRADE REWARDS</b> #R,38.0,388.0,20.0,0.0,10.21,"{""creditLessThan"":0.1,""displayAngpaoText"":""1"",""displayDescriptionOnly"":""1"",""walletId"":1,""changeGameId"":1,""mobileAppOnly"":""1""}",FREE,0.0,,,,,,3.1722625280912125,1
https://ispeed88au.com,ISPEED88,<b>JOIN TELEGRAM<b>,100.0,888.0,10.0,0.0,8.88,"{""displayAngpaoText"":""0"",""displayDescriptionOnly"":""1"",""mobileAppOnly"":""0"",""creditLessThan"":0.1,""registerDate"":""2023-01-01"",""mustJoinTelegramChannel"":""ispeedchannel88"",""walletId"":1,""changeGameId"":1}",FREE,0.0,,,,,,3.161437519846701,0
https://win99aud.com,WIN99AUD,<b>Telegram Free $100<b>,100.0,1000.0,15.0,0.0,10.0,"{""displayAngpaoText"":""0"",""displayDescriptionOnly"":""1"",""creditLessThan"":0.1,""registerDate"":""2024-01-01"",""mobileAppOnly"":""0"",""mustJoinTelegramChannel"":""Aus55Channel"",""changeGameId"":1,""walletId"":1}",FREE,0.0,,,,,,3.151055490713614,1
https://speedaud.com,SpeedAUD,DAILY FREE $3,3.0,30.0,30.0,0.0,10.0,"{""creditLessThan"":1,""displayDescriptionOnly"":""1"",""displayAngpaoText"":""0""}",FREE,0.0,,DAILY,,,,3.121411042935649,1
https://aud365.co,AUDBET365,<b>Ultra Daily FREE</b> #R,888.0,8888.0,10.0,0.0,10.01,"{""creditLessThan"":0.1,""startDate"":""2024-12-21"",""displayDescriptionOnly"":""1"",""walletId"":1,""changeGameId"":1,""mobileAppOnly"":""1""}",FREE,0.0,,DAILY,,,,3.0892497883969123,1
https://mrbet9au.info,MrBet9au,<b>Ultra Daily FREE</b> <b>#R</b>,888.0,8888.0,10.0,0.0,10.01,"{""creditLessThan"":0.1,""startDate"":""2025-04-03"",""displayDescriptionOnly"":""1"",""walletId"":1,""changeGameId"":1,""mobileAppOnly"":""1""}",FREE,0.0,,DAILY,,,,3.0892497883969123,0
https://efa99aus.com,EFA99AUS,<b>Ultra Daily FREE</b> <b>#R </b>,888.0,8888.0,10.0,0.0,10.01,"{""creditLessThan"":0.1,""startDate"":""2025-04-03"",""displayDescriptionOnly"":""1"",""walletId"":1,""changeGameId"":1,""mobileAppOnly"":""1""}",FREE,0.0,,DAILY,,,,3.0892497883969123,1
https://gold77au.com,GOLD77,"<b style=""color:#;"">Daily Free Chip</b>",777.0,7770.0,10.0,0.0,10.0,"{""startDate"":""2023-11-15"",""creditLessThan"":0.05,""displayDescriptionOnly"":""1"",""walletId"":1,""changeGameId"":1}",FREE,0.0,,DAILY,,,,3.070192925334543,1
https://tab9au.com,TAB9AU,<b>TAB9AU LUCKY #R</b>,777.0,7777.0,10.0,0.0,10.01,"{""creditLessThan"":0.1,""displayAngpaoText"":""1"",""displayDescriptionOnly"":""1"",""walletId"":1,""changeGameId"":1}",FREE,0.0,,DAILY,,,,3.066739001598801,1
https://rtpvictory88.com,RTPVICTORY88,<B>Download Apps Free,50.0,500.0,15.0,0.0,10.0,"{""creditLessThan"":0.1,""displayDescriptionOnly"":""1"",""walletId"":1,""changeGameId"":1,""displayAngpaoText"":""1"",""mobileAppOnly"":""1""}",FREE,0.0,,,,,,3.0175551213073413,1
https://mrbean9.com,MrBean9,Free Chip,10.0,100.0,20.0,0.0,10.0,"{""mobileAppOnly"":""0"",""registerDate"":""2024-02-21"",""creditLessThan"":1,""displayDescriptionOnly"":1}",FREE,0.0,,MONTHLY,,,,2.9844257543630697,1
https://king88pokies.com,King88,"<b style=""color:#FFD700""> Share & Free</b>",8.0,80.0,20.0,0.0,10.0,"{""customBonus"":""sharebonus"",""creditLessThan"":0.1,""startDate"":""2024-02-01"",""mobileAppOnly"":""1"",""maxCount"":3,""displayAngpaoText"":""1"",""walletId"":1,""changeGameId"":1}",CUSTOM,0.0,,,,,,2.941373888267406,1
https://play99au.com,Play99 Aus Online Pokies,<b>Welcome Back Wednesday Bonus</b>,18.88,200.0,20.0,0.0,10.59,"{""claimTime"":""N=3"",""registerBeforeDate"":""2024-08-01"",""displayDescriptionOnly"":""1"",""creditLessThan"":0.1,""displayAngpaoText"":""0"",""changeGameId"":1,""walletId"":1}",FREE,0.0,,DAILY,,,,2.8951433649433893,1
https://ezspin68.vip,Ezspin68,<b>EZ Free Credit</b>,199.0,1990.0,10.0,0.0,10.0,"{""creditLessThan"":1,""displayDescriptionOnly"":""1"",""mobileAppOnly"":""1"",""walletId"":1,""changeGameId"":1,""displayAngpaoText"":""0""}",FREE,0.0,,DAILY,,,,2.840657533684931,1
https://ijoker88au.com,IJOKER88,<b>JOIN TELEGRAM<b>,100.0,1000.0,10.0,0.0,10.0,"{""displayAngpaoText"":""0"",""displayDescriptionOnly"":""1"",""mobileAppOnly"":""0"",""creditLessThan"":0.1,""registerDate"":""2023-01-01"",""mustJoinTelegramChannel"":""iJokerchannel88"",""walletId"":1,""changeGameId"":1}",FREE,0.0,,,,,,2.725215249163835,1
https://rtpvictory88.com,RTPVICTORY88,<b>DAILY FREE CREDIT<b>,10.0,100.0,15.0,0.0,10.0,"{""creditLessThan"":0.1,""walletId"":1,""changeGameId"":1,""displayDescriptionOnly"":""1""}",FREE,0.0,,DAILY,,,,2.717859814853726,1
https://jackpotau.com,JACKPOTAU,Everyday Free Chip,10.0,100.0,15.0,0.0,10.0,"{""displayDescriptionOnly"":""1"",""walletId"":1,""changeGameId"":1,""displayAngpaoText"":""1""}",FREE,0.0,,DAILY,,,,2.717859814853726,1
https://harbour33.com,HARBOUR33,<b>⭐Harbour33 Mega Event </b>,88.0,1000.0,15.0,0.0,11.36,"{""creditLessThan"":0.1,""walletId"":1,""changeGameId"":1,""displayDescriptionOnly"":""1"",""registerBeforeDate"":""2026-04-30"",""displayAngpaoText"":""1""}",FREE,0.0,,,,,,2.6646490168407952,1
https://top1cas.com,AUSBET96 GAMING & Pokies Hub,"<b style=""color:#bf77f6;"">NEW FREEBIE WARM-UP</b>",89.98,1088.0,18.0,0.0,12.09,"{""creditLessThan"":""1"",""displayDescriptionOnly"":""1"",""mobileAppOnly"":""1"",""displayAngpaoText"":""1"",""walletId"":1,""changeGameId"":1}",FREE,0.0,,,,,,2.6220859419551763,1
https://inskingdom8.com,INSKINGDOM8,<B>Download Apps Free,50.0,500.0,10.0,0.0,10.0,"{""creditLessThan"":0.1,""displayDescriptionOnly"":""1"",""walletId"":1,""changeGameId"":1,""displayAngpaoText"":""1"",""mobileAppOnly"":""1""}",FREE,0.0,,,,,,2.60975639940788,1
https://richspinau.com,RICHSPINAU,<b>FREE 365</b>,5.0,50.0,15.0,0.0,10.0,"{""creditLessThan"":""0.01"",""displayDescriptionOnly"":""1"",""walletId"":1,""changeGameId"":1}",FREE,0.0,,DAILY,,,,2.5994345850328084,1
https://we1winau.com,We1winAU,<b>Review Bonus<b>,38.0,380.0,10.0,0.0,10.0,"{""creditLessThan"":0.1,""walletId"":1,""changeGameId"":1,""displayAngpaoText"":""0"",""displayDescriptionOnly"":""1""}",FREE,0.0,,WEEKLY,,,,2.564426846906989,0
https://u88aud.com,U88AUD,<b>U88AUD Download APP Free<b>,20.0,200.0,10.0,0.0,10.0,"{""mobileAppOnly"":""1"",""displayAngpaoText"":""1"",""displayDescriptionOnly"":""0"",""creditLessThan"":0.1,""walletId"":1,""changeGameId"":1}",FREE,0.0,,,,,,2.4598255150108943,1
https://we1winau.com,We1winAU,<b>We1winAU Download APP Free<b>,20.0,200.0,10.0,0.0,10.0,"{""mobileAppOnly"":""1"",""displayAngpaoText"":""1"",""displayDescriptionOnly"":""1"",""creditLessThan"":0.1,""walletId"":1,""changeGameId"":1}",FREE,0.0,,,,,,2.4598255150108943,1
https://1bigwin.com,1BIGWIN,Apps User Daily Free,10.0,100.0,10.0,0.0,10.0,"{""displayDescriptionOnly"":""1"",""mobileAppOnly"":""1"",""displayAngpaoText"":""1"",""creditLessThan"":0.1,""ignoreTrxAmount"":1,""startDate"":""2025-09-23"",""walletId"":1,""changeGameId"":1}",FREE,0.0,,DAILY,,,,2.3505625446321727,1
https://cashnet99.com,CASHNET,Daily Free Credit,5.0,50.0,10.0,0.0,10.0,"{""displayAngpaoText"":""1"",""displayDescriptionOnly"":""1"",""walletId"":1,""changeGameId"":1,""creditLessThan"":0.1}",FREE,0.0,,DAILY,,,,2.248141548510455,1
https://cergas.online,CERGASBET,DAILY FREE CREDIT,5.0,50.0,10.0,0.0,10.0,"{""displayDescriptionOnly"":""1"",""displayAngpaoText"":""1"",""creditLessThan"":0.1,""walletId"":1,""changeGameId"":1}",FREE,0.0,,DAILY,,,,2.248141548510455,1
https://pokiesbillion.com,POKIESBILLION,<b>Back with Us !</b>,15.0,180.0,15.0,0.0,12.0,"{""creditLessThan"":0.1,""displayDescriptionOnly"":""1"",""walletId"":1,""changeGameId"":1}",FREE,0.0,,WEEKLY,,,,2.222253595595884,1
https://intensity2aus.com,Intensity2Aus,<b>V-Power Free Trial</b>,30.0,450.0,30.0,0.0,15.0,"{""registerDate"":""2024-09-01"",""creditLessThan"":0.1,""displayDescriptionOnly"":""1"",""displayAngpaoText"":""1"",""walletId"":1,""changeGameId"":1}",FREE,0.0,,,,,,2.178838003914366,1
https://spinup77.com,SPINUP77,<b>Maintenance Bonus</b>,39.0,500.0,15.0,0.0,12.82,"{""creditLessThan"":0.1,""displayDescriptionOnly"":""1"",""changeGameId"":1,""walletId"":1}",FREE,0.0,,,,,,2.177146765862902,1
https://jaws68.com,JAWS68™ The Ultimate Sports & Pokies in Australia,1X2 SOCCERS,10.99,150.0,20.0,0.0,13.65,"{""creditLessThan"":1,""walletId"":1,""changeGameId"":1,""displayDescriptionOnly"":""1"",""displayAngpaoText"":""1""}",FREE,0.0,,WEEKLY,,,,2.035522844239181,1
https://crown155au.com,Original Crownzo Online Casino Australia,<b> Rebrand Bonus</b>,58.0,870.0,20.0,0.0,15.0,"{""creditLessThan"":1,""displayDescriptionOnly"":""1"",""walletId"":1,""changeGameId"":1,""displayAngpaoText"":""0""}",FREE,0.0,,,,,,2.0148975164535674,1
https://pokiesbillion.com,POKIESBILLION,<b>▶️Billion Appreciate 1</b>,38.0,500.0,10.0,0.0,13.16,"{""creditLessThan"":0.1,""displayDescriptionOnly"":""1"",""walletId"":1,""changeGameId"":1,""displayAngpaoText"":""1""}",FREE,0.0,,WEEKLY,,,,1.8197314677822884,1
https://hollywoodaus.com,HOLLYWOOD,<b>VIP Free 68</b>,68.0,1080.0,15.0,0.0,15.88,"{""creditLessThan"":0.1,""changeGameid"":1,""displayDescriptionOnly"":""0"",""changeGameId"":1,""walletId"":1}",FREE,0.0,,DAILY,,,,1.7255575728459815,1
https://luxeau777.com,LUXEAU777,<b>Download Luxeau777 APK</b>,20.0,300.0,15.0,0.0,15.0,"{""creditLessThan"":0.1,""displayDescriptionOnly"":""1"",""registerDate"":""2024-06-17"",""walletId"":1,""changeGameId"":1,""mobileAppOnly"":""1"",""displayAngpaoText"":""1""}",FREE,0.0,,DAILY,,,,1.713347554490281,1
https://richspinau.com,RICHSPINAU,<b>Download App Bonus</b>,20.0,300.0,15.0,0.0,15.0,"{""displayDescriptionOnly"":""1"",""displayAngpaoText"":""1"",""mobileAppOnly"":""1"",""walletId"":1,""changeGameId"":1}",FREE,0.0,,DAILY,,,,1.713347554490281,1
https://trust88au.com,ITRUST88,<B>Daily Free Credit,20.0,300.0,15.0,0.0,15.0,"{""creditLessThan"":0.1,""displayDescriptionOnly"":""1"",""changeGameId"":1,""walletId"":1}",FREE,0.0,,DAILY,,,,1.713347554490281,1
https://pokiesbillion.com,POKIESBILLION,<b>Download PokiesBillion APK</b>,20.0,250.0,8.0,0.0,12.5,"{""creditLessThan"":0.1,""displayDescriptionOnly"":""1"",""registerDate"":""2024-06-17"",""walletId"":1,""changeGameId"":1,""mobileAppOnly"":""1"",""displayAngpaoText"":""1""}",FREE,0.0,,DAILY,,,,1.7053401711079323,1
https://harbour33.com,HARBOUR33,<b>⭐DAILY HOUR FREE,4.0,50.0,10.0,0.0,12.5,"{""creditLessThan"":0.1,""walletId"":1,""changeGameId"":1,""displayAngpaoText"":""1"",""displayDescriptionOnly"":""1""}",FREE,0.0,,HOURLY,,,,1.6776200232700398,1
https://inskingdom8.com,INSKINGDOM8,<b>Daily Free Credit,10.0,150.0,15.0,0.0,15.0,"{""creditLessThan"":0.1,""displayDescriptionOnly"":""1"",""walletId"":1,""changeGameId"":1}",FREE,0.0,,DAILY,,,,1.637242382821673,0
https://cr33au.com,CR33,"<b style=""color:#;"">Daily Free Points</b>",3200.0,64000.0,15.0,0.0,20.0,"{""creditLessThan"":1,""mobileAppOnly"":""0"",""walletId"":1,""changeGameId"":1}",FREE,0.0,,DAILY,,,,1.6087605116993464,1
https://cyberpunk369.com,CYBERPUNK369,<b>Check-in Bonus FRIDAY</b>,8.0,100.0,8.0,0.0,12.5,"{""claimTime"":""N=5"",""displayDescriptionOnly"":""1"",""displayAngpaoText"":""0"",""creditLessThan"":0.1,""walletId"":1,""changeGameId"":1}",FREE,0.0,,WEEKLY,,,,1.6060830013161906,1
https://spaceman369.com,SPACEMAN369,<B>SHARE BONUS</b>,60.0,1200.0,30.0,0.0,20.0,"{""customBonus"":""sharebonus"",""creditLessThan"":0.1,""startDate"":""2024-05-05"",""displayDescriptionOnly"":""1"",""displayAngpaoText"":""1"",""walletId"":1,""changeGameId"":1}",CUSTOM,0.0,,,,,,1.589595688650844,1
https://penguin88.club,PENGUIN88,<b>SHARE BONUS</b>,1.0,15.0,20.0,0.0,15.0,"{""customBonus"":""sharebonus"",""creditLessThan"":1,""startDate"":""2024-02-01"",""walletId"":1,""changeGameId"":1}",CUSTOM,0.0,,,,,,1.577501938388805,1
https://safeau.net,SafeAu,<b>Welcome Back</b>,168.0,3000.0,15.0,0.0,17.86,"{""creditLessThan"":0.01,""walletId"":1,""changeGameId"":1,""displayDescriptionOnly"":""1"",""displayAngpaoText"":""0""}",FREE,0.0,,,,,,1.5752023724444957,1
https://aus2u.com,Aus2u,1+1 X AUS2U 579$,579.0,11580.0,18.0,0.0,20.0,"{""displayAngpaoText"":""0"",""displayDescriptionOnly"":""1"",""walletId"":1,""changeGameId"":1,""creditLessThan"":0.1}",FREE,0.0,,DAILY,,,,1.559456007211032,1
https://gembetaus.com,GEM9BET,Download App Free,8.88,150.0,20.0,0.0,16.89,"{""creditLessThan"":0.1,""displayDescriptionOnly"":""1"",""mobileAppOnly"":""0"",""ignoreTrxAmount"":1,""walletId"":1,""changeGameId"":1}",FREE,0.0,,WEEKLY,,,,1.5377913956590343,1
https://audgaming8.com,AUDGAMING,<b>Subscribe Bonus II</b>,30.0,600.0,30.0,0.0,20.0,"{""displayAngpaoText"":""0"",""displayDescriptionOnly"":""1"",""creditLessThan"":0.1,""mustJoinTelegramChannel"":""igaxspeedau33"",""walletId"":1,""changeGameId"":1}",FREE,0.0,,,,,,1.5207279252292714,1
https://unitedau.com,UnitedAu,<b>SHARE BONUS</b>,30.0,600.0,30.0,0.0,20.0,"{""customBonus"":""sharebonus"",""creditLessThan"":0.1,""startDate"":""2024-05-05"",""displayDescriptionOnly"":""1"",""displayAngpaoText"":""1"",""walletId"":1,""changeGameId"":1}",CUSTOM,0.0,,,,,,1.5207279252292714,1
https://pesi13.com,PESI13,<b>PESI APP FREE BONUS</b>,30.0,600.0,30.0,0.0,20.0,"{""creditLessThan"":1,""displayDescriptionOnly"":""1"",""mobileAppOnly"":""1"",""displayAngpaoText"":""1"",""ignoreTrxAmount"":1,""walletId"":1,""changeGameId"":1}",FREE,0.0,,,,,,1.5207279252292714,1
https://speedaud.com,SpeedAUD,1+1 X SPEEDAUD 369$,369.0,7380.0,18.0,0.0,20.0,"{""displayAngpaoText"":""0"",""displayDescriptionOnly"":""1"",""walletId"":1,""changeGameId"":1,""creditLessThan"":0.1}",FREE,0.0,,DAILY,,,,1.5202404984199054,1
https://candymommy.co,CANDYMOMMY,"<b style=""color:black;"">NEW REGISTER FREE</b>",200.0,4000.0,20.0,0.0,20.0,"{""creditLessThan"":0.1,""displayDescriptionOnly"":""1"",""registerDate"":""2022-05-06"",""walletId"":1,""changeGameId"":1}",FREE,0.0,,,,,,1.5168728522373116,1
https://in8.one,IN8,New Register Free,198.0,3960.0,20.0,0.0,20.0,"{""displayDescriptionOnly"":""1"",""creditLessThan"":0.01,""walletId"":1,""changeGameId"":1}",FREE,0.0,,,,,,1.51597081565754,1
https://pesi13.com,PESI13,<b>New Member Free PESI<b>,16.8,300.0,20.0,0.0,17.86,"{""displayAngpaoText"":""1"",""displayDescriptionOnly"":""1"",""creditLessThan"":0.1,""walletId"":1,""changeGameId"":1,""mobileAppOnly"":""1""}",FREE,0.0,,,,,,1.4957807804057723,1
https://luck77au.com,LUCK777AU,<b>Luck777au Giveaway</b>,18.0,300.0,15.0,0.0,16.67,"{""displayDescriptionOnly"":""1"",""walletId"":1,""changeGameId"":1}",FREE,0.0,,WEEKLY,,,,1.4916003967708755,1
https://pokiesking1.com,PokiesKing,<b>FREE FOR EVERYONE</b>,28.88,577.6,28.0,0.0,20.0,"{""displayAngpaoText"":""1"",""displayDescriptionOnly"":""1"",""walletId"":1,""changeGameId"":1,""creditLessThan"":0.1}",FREE,0.0,,DAILY,,,,1.4875227342262929,1
https://rolex9.net,Rolex9,Apps Daily Free,20.0,300.0,10.0,0.0,15.0,"{""creditLessThan"":1,""displayDescriptionOnly"":""1"",""mobileAppOnly"":""1"",""displayAngpaoText"":""1""}",FREE,0.0,,DAILY,,,,1.4818021759296418,1
https://ezaud.com,EzAud (AUD),FREE CREDIT 365 DAYS,15.0,250.0,15.0,0.0,16.67,"{""walletId"":1,""changeGameId"":1,""displayDescriptionOnly"":""1"",""creditLessThan"":1}",FREE,0.0,,DAILY,,,,1.4738702003434807,1
https://jackpotau.com,JACKPOTAU,WELCOME BACK FREE,100.0,2000.0,20.0,0.0,20.0,"{""displayAngpaoText"":""0"",""walletId"":1,""changeGameId"":1,""displayDescriptionOnly"":""1""}",FREE,0.0,,MONTHLY,,,,1.4547966200963671,1
https://ubet96.com,Ubet AUS,1 Share Free $6,6.0,108.0,20.0,0.0,18.0,"{""customBonus"":""sharebonus"",""creditLessThan"":0.1,""startDate"":""2024-01-10"",""displayAngpaoText"":""0"",""mobileAppOnly"":""1"",""maxCount"":3}",CUSTOM,0.0,,,,,,1.3849206226456785,1
https://avg88.com,AVG88 (AUD),SHARE BONUS,36.0,720.0,20.0,0.0,20.0,"{""customBonus"":""sharebonus"",""creditLessThan"":0.5,""minCount"":1,""displayDescriptionOnly"":""1"",""startDate"":""2023-09-13"",""displayAngpaoText"":""1"",""walletId"":1}",CUSTOM,0.0,,DAILY,,,,1.3642146267088628,1
https://pp99au.com,PP99,APPS DAILY FREE,30.0,600.0,20.0,0.0,20.0,"{""creditLessThan"":1,""walletId"":1,""changeGameId"":1,""displayDescriptionOnly"":""1"",""displayAngpaoText"":""1"",""mobileAppOnly"":""1""}",FREE,0.0,,DAILY,,,,1.3482549626236184,1
https://betworld96au.com,Betworld96 Australia Online Casino,Install Betworld96 To Claim Free AUD 18.96,18.96,379.2,20.0,0.0,20.0,"{""mobileAppOnly"":""1"",""walletId"":1,""changeGameId"":1,""displayAngpaoText"":""0"",""displayDescriptionOnly"":""1""}",FREE,0.0,,,,,,1.3085425077050103,1
https://vvip15au.com,VVIP15 Australia Online Casino,<b>DOWNLOAD APPS BONUS</b>,15.55,311.0,20.0,0.0,20.0,"{""creditLessThan"":1,""displayDescriptionOnly"":""1"",""mobileAppOnly"":""1"",""walletId"":1,""changeGameId"":1,""displayAngpaoText"":""0""}",FREE,0.0,,,,,,1.2916435191820996,1
https://vip777au.com,VIP777AU,<b>Vip777au Giveaway </b>,18.0,300.0,10.0,0.0,16.67,"{""creditLessThan"":0.1,""walletId"":1,""changeGameId"":1,""displayDescriptionOnly"":""1""}",FREE,0.0,,WEEKLY,,,,1.2900223937402764,1
https://rubyaud.com,RUBY,<b> Ruby Giveaway</b>,18.0,300.0,10.0,0.0,16.67,"{""creditLessThan"":0.1,""displayDescriptionOnly"":""1"",""walletId"":1,""changeGameId"":1}",FREE,0.0,,WEEKLY,,,,1.2900223937402764,1
https://mcdollar9.com,McDollar9 (AUD),NEW GAME $10 FREEPLAY + MINIGAME FREEPLAY,10.0,199.0,20.0,0.0,19.9,"{""creditLessThan"":1,""displayAngpaoText"":""0"",""walletId"":1,""changeGameId"":1,""displayDescriptionOnly"":""1"",""mobileAppOnly"":""1""}",FREE,0.0,,,,,,1.2626832912521335,1
https://fc8au.com,FC8AU,LUCKY DAILY WIN FREE,500.0,10000.0,10.0,0.0,20.0,"{""displayDescriptionOnly"":""1"",""creditLessThan"":0.1,""walletId"":1,""changeGameId"":1}",FREE,0.0,,DAILY,,,,1.2595888978752612,1
https://dd8au.com,DD8AU,DAILY FREE,500.0,10000.0,10.0,0.0,20.0,"{""creditLessThan"":0.1, ""displayDescriptionOnly"":""1"",""walletId"":1,""changeGameId"":1}",FREE,0.0,,DAILY,,,,1.2595888978752612,1
https://candymommy.co,CANDYMOMMY,"<b style=""color:black;"">HOURLY BONUS</b>",15.0,200.0,5.0,0.0,13.33,"{""displayDescriptionOnly"":""1"",""displayAngpaoText"":""1"",""walletId"":1,""changeGameId"":1,""creditLessThan"":0.1,""resetHour"":2}",FREE,0.0,,HOURLY,,,,1.2588993529486476,1
https://1spinnwin.com,1SPIN&WIN,<b>Hourly Bonus</b>,15.0,200.0,5.0,0.0,13.33,"{""displayDescriptionOnly"":""1"",""displayAngpaoText"":""1"",""walletId"":1,""changeGameId"":1,""creditLessThan"":0.1,""resetHour"":2}",FREE,0.0,,HOURLY,,,,1.2588993529486476,0
https://super996.com,SUPER996,"<b style=""color:#00FFFF;"">SHARE & INVITE</b>",10.0,200.0,20.0,0.0,20.0,"{""customBonus"":""sharebonus"",""creditLessThan"":0.1,""startDate"":""2023-03-22"",""displayDescriptionOnly"":""1"",""walletId"":1,""changeGameId"":1,""mobileAppOnly"":""1"",""maxCount"":2}",CUSTOM,0.0,,,,,,1.254796459217384,1
https://vip77.club,VIP77,⭐ VIP77 ⭐ DOWNLINE CONTRIBUTION $30 GET,10.0,200.0,20.0,0.0,20.0,"{""customBonus"":""downlinedeposit"",""creditLessThan"":0.5,""startDate"":""2023-11-21"",""displayDescriptionOnly"":""1"",""walletId"":1,""changeGameId"":1}",CUSTOM,0.0,,DAILY,30.0,,,1.254796459217384,1
https://ausbet88.com,AUSBET88,"<b style=""color:#FF00FB;"">SHARE & INVITE</b>",10.0,200.0,20.0,0.0,20.0,"{""customBonus"":""sharebonus"",""creditLessThan"":1,""walletId"":1,""changeGameId"":1,""startDate"":""2023-03-22"",""displayDescriptionOnly"":""1"",""mobileAppOnly"":""0""}",CUSTOM,0.0,,,,,,1.254796459217384,1
https://ezaud.com,EzAud (AUD),REFER & EARN,10.0,200.0,20.0,0.0,20.0,"{""walletId"":1,""changeGameId"":1,""customBonus"":""sharebonus"",""creditLessThan"":0.1,""startDate"":""2024-12-01"",""displayDescriptionOnly"":""1""}",CUSTOM,0.0,,,,,,1.254796459217384,1
https://spaceman369.com,SPACEMAN369,<b>Welcome Back▶️</b>,28.0,600.0,20.0,0.0,21.43,"{""creditLessThan"":0.5,""displayAngpaoText"":""1"",""displayDescriptionOnly"":""1"",""walletId"":1,""changeGameld"":1}",FREE,0.0,,WEEKLY,,,,1.231334055770084,1
https://tab968.com,TAB968,<b>Tab968 Giveaway</b>,28.0,600.0,20.0,0.0,21.43,"{""displayDescriptionOnly"":""1"",""walletId"":1,""changeGameId"":1}",FREE,0.0,,WEEKLY,,,,1.231334055770084,1
https://luxeau777.com,LUXEAU777,<b>Luxury Event Giveaway</b>,18.0,250.0,5.0,0.0,13.89,"{""displayDescriptionOnly"":""1"",""walletId"":1,""changeGameId"":1}",FREE,0.0,,WEEKLY,,,,1.2106630945902142,1
https://spinup77.com,SPINUP77,<b>Special Extra AUD177</b>,177.0,3500.0,10.0,0.0,19.77,"{""displayDescriptionOnly"":""0"",""displayAngpaoText"":""0"",""changeGameId"":1,""walletId"":1}",FREE,0.0,,,,,,1.2030382583959855,1
https://eebet9.com,EEBET9,"<b style=""color:#b3e9ff;"">SHARE & INVITE</b>",5.0,100.0,20.0,0.0,20.0,"{""customBonus"":""sharebonus"",""creditLessThan"":0.1,""startDate"":""2023-03-22"",""displayDescriptionOnly"":""1"",""maxCount"":1,""mobileAppOnly"":""1"",""walletId"":1,""changeGameId"":1}",CUSTOM,0.0,,,,,,1.200121248138004,1
https://jaws68.com,JAWS68™ The Ultimate Sports & Pokies in Australia,SOCCER MANIAC BONUS,5.99,100.0,10.0,0.0,16.69,"{""creditLessThan"":1,""walletId"":1,""changeGameId"":1,""displayDescriptionOnly"":""1"",""displayAngpaoText"":""1""}",FREE,0.0,,WEEKLY,,,,1.1982955349478783,1
https://win99aud.com,WIN99AUD,<b>Maintenance bonus</b>,20.0,400.0,15.0,0.0,20.0,"{""creditLessThan"":0.1,""displayDescriptionOnly"":""1"",""displayAngpaoText"":""1"",""changeGameId"":1,""walletId"":1}",FREE,0.0,,,,,,1.195837169654516,1
https://riches88.live,RICHES88,<b>⭐DAILY HOUR FREE,3.0,50.0,10.0,0.0,16.67,"{""creditLessThan"":0.1,""walletId"":1,""changeGameId"":1,""displayAngpaoText"":""1"",""displayDescriptionOnly"":""1""}",FREE,0.0,,HOURLY,,,,1.1509900370660882,1
https://unitedau.com,UnitedAu,<b>✅ DAILY HOURLY FREE,3.0,50.0,10.0,0.0,16.67,"{""creditLessThan"":0.1,""displayDescriptionOnly"":""1"",""walletId"":1,""changeGameId"":1,""displayAngpaoText"":""1""}",FREE,0.0,,HOURLY,,,,1.1509900370660882,1
https://cyberbet77.com,CYBERBET77,<B>⭐️Daily Hour Free </b>,3.0,50.0,10.0,0.0,16.67,"{""creditLessThan"":0.1,""walletId"":1,""changeGameId"":1,""displayAngpaoText"":""1"",""displayDescriptionOnly"":""1""}",FREE,0.0,,HOURLY,,,,1.1509900370660882,1
https://cergas.online,CERGASBET,HOURLY FREE 365,3.0,50.0,10.0,0.0,16.67,"{""mobileAppOnly"":""0"",""displayDescriptionOnly"":""1"",""displayAngpaoText"":""1"",""creditLessThan"":0.1,""walletId"":1,""changeGameId"":1}",FREE,0.0,,HOURLY,,,,1.1509900370660882,1
https://rtpvictory88.com,RTPVICTORY88,<b>HOURLY FREE CREDIT,3.0,50.0,10.0,0.0,16.67,"{""creditLessThan"":0.1,""walletId"":1,""changeGameId"":1,""displayDescriptionOnly"":""1""}",FREE,0.0,,HOURLY,,,,1.1509900370660882,1
https://play99au.com,Play99 Aus Online Pokies,<b>IOS & ANDROID APPS BONUS</b>,18.0,388.0,18.0,0.0,21.56,"{""creditLessThan"":1,""displayDescriptionOnly"":""1"",""mobileAppOnly"":""1"",""walletId"":1,""changeGameId"":1,""displayAngpaoText"":""0""}",FREE,0.0,,,,,,1.1485013436929892,0
https://aus88win.com,Aus88Win,Special Daily Free,11.88,260.0,20.0,0.0,21.89,"{""creditLessThan"":0.1,""displayDescriptionOnly"":""1"",""mobileAppOnly"":""1"",""displayAngpaoText"":""1"",""walletId"":1,""changeGameId"":1}",FREE,0.0,,DAILY,,,,1.133868810775502,1
https://unitedau.com,UnitedAu,<B>REUNION DATE,28.0,600.0,15.0,0.0,21.43,"{""creditLessThan"":0.5,""displayAngpaoText"":""1"",""displayDescriptionOnly"":""1"",""walletId"":1,""changeGameld"":1}",FREE,0.0,,WEEKLY,,,,1.1213525228248111,1
https://enjoy96.com,Enjoy96,<b>Referral Bonus</b>,5.0,0.0,30.0,15.0,0.0,"{""walletId"":1,""changeGameId"":1,""customBonus"":""downlinedeposit"",""creditLessThan"":0.1,""startDate"":""2022-11-11"",""displayDescriptionOnly"":""0"",""displayAngpaoText"":""1""}",CUSTOM,0.0,,,30.0,,,1.1082557431591238,1
https://betman9.com,BETMAN9,BETMAN 9 x BNG,9.0,199.0,20.0,0.0,22.11,"{""mobileAppOnly"":""1"",""displayDescriptionOnly"":""1"",""displayAngpaoText"":""0"",""walletId"":1,""changeGameId"":1,""creditLessThan"":0.1}",FREE,0.0,,,,,,1.0992886789080416,1
https://royale9au.com,Royale9 Jernice,Checkin Monday,19.0,410.0,15.0,0.0,21.58,"{""displayDescriptionOnly"":""1"",""displayAngpaoText"":""0"",""claimTime"":""N=01"",""walletId"":1,""changeGameId"":1}",FREE,0.0,,WEEKLY,,,,1.0838363548106638,1
https://royale9au.com,Royale9 Jernice,Checkin Saturday,15.0,320.0,15.0,0.0,21.33,"{""displayDescriptionOnly"":""1"",""displayAngpaoText"":""0"",""claimTime"":""N=06"",""walletId"":1,""changeGameId"":1}",FREE,0.0,,WEEKLY,,,,1.0825470379335072,1
https://auwin7.com,AUWIN7,Daily Check In Bonus,16.88,377.0,17.0,0.0,22.33,"{""creditLessThan"":0.1,""mobileAppOnly"":""0"",""displayAngpaoText"":""0"",""displayDescriptionOnly"":""1"",""walletId"":1,""changeGameId"":1}",FREE,0.0,,DAILY,,,,1.0739686464676557,1
https://neiro55.com,NEIRO55,<b>For Android Member</b>,35.0,700.0,10.0,0.0,20.0,"{""displayDescriptionOnly"":""1"",""displayAngpaoText"":""1"",""mobileAppOnly"":""1"",""ignoreTrxAmount"":1,""changeGameId"":1,""walletId"":1}",FREE,0.0,,DAILY,,,,1.0725220628137515,1
https://royalaud.com,ROYAL77,<b>Daily Ultra Free</b>,30.0,600.0,10.0,0.0,20.0,"{""creditLessThan"":0.1,""walletId"":1,""changeGameId"":1,""displayDescriptionOnly"":""1""}",FREE,0.0,,DAILY,,,,1.0618986286136922,1
https://bondi333.com,BONDI333,<b>Daily Free $30</b>,30.0,600.0,10.0,0.0,20.0,"{""creditLessThan"":0.1,""displayDescriptionOnly"":""1"",""walletId"":1,""changeGameId"":1,""displayAngpaoText"":""0""}",FREE,0.0,,DAILY,,,,1.0618986286136922,1
https://reef33.vip,Reef33,<b>Daily Free 30 </b>,30.0,600.0,10.0,0.0,20.0,"{""creditLessThan"":0.1,""displayDescriptionOnly"":""1"",""walletId"":1,""changeGameId"":1,""displayAngpaoText"":""0""}",FREE,0.0,,DAILY,,,,1.0618986286136922,1
https://neolux.vip,NEOLUX,"<b style=""color:#686A6C;"">365 DAY X2 FREE</b>",10.0,150.0,5.0,0.0,15.0,"{""creditLessThan"":0.1,""walletId"":1,""changeGameid"":1,""displayDescriptionOnly"":""1"",""changeGameId"":1}",FREE,0.0,,DAILY,,,,1.0580525410463435,1
https://neiro55.com,NEIRO55,<b>Check-In Bonus</b>,25.0,500.0,10.0,0.0,20.0,"{""displayDescriptionOnly"":""1"",""creditLessThan"":0.1,""displayAngpaoText"":""1"",""ignoreTrxAmount"":1,""changeGameId"":1,""walletId"":1}",FREE,0.0,,DAILY,,,,1.0494025324877412,1
https://hollywoodaus.com,HOLLYWOOD,"<b style=""color:gold;"">Download APK</b>",20.0,400.0,10.0,0.0,20.0,"{""creditLessThan"":0.1,""displayDescriptionOnly"":""1"",""registerDate"":""2024-04-22"",""changeGameid"":1,""mobileAppOnly"":""1"",""displayAngpaoText"":""1"",""changeGameId"":1,""walletId"":1}",FREE,0.0,,DAILY,,,,1.0342292288611417,1
https://iau9.com,BonzaWin (AUD),EXCLUSIVE APP FREE,10.0,199.0,10.0,0.0,19.9,"{""startDate"":""2025-08-09"",""creditLessThan"":0.1,""displayDescriptionOnly"":""1"",""mobileAppOnly"":""1"",""walletId"":1,""changeGameId"":1}",FREE,0.0,,DAILY,,,,0.9945015538788536,1
https://ss9au.net,SS9AU,Daily No Deposit Boost,10.0,199.0,10.0,0.0,19.9,"{""displayDescriptionOnly"":""1"",""mobileAppOnly"":""1"",""displayAngpaoText"":""1"",""creditLessThan"":0.1,""ignoreTrxAmount"":1,""startDate"":""2026-01-23"",""changeGameId"":1,""walletId"":1}",FREE,0.0,,DAILY,,,,0.9945015538788536,0
https://tab968.com,TAB968,<b>Download Apps Tab968</b>,20.0,500.0,20.0,0.0,25.0,"{""creditLessThan"":0.5,""displayDescriptionOnly"":""1"",""walletId"":1,""changeGameId"":1,""mobileAppOnly"":""1""}",FREE,0.0,,DAILY,,,,0.9935008859591956,1
https://rubyaud.com,RUBY,<b> Download Apps Free </b>,20.0,500.0,20.0,0.0,25.0,"{""creditLessThan"":0.1,""displayDescriptionOnly"":""1"",""walletId"":1,""changeGameId"":1,""mobileAppOnly"":""1""}",FREE,0.0,,DAILY,,,,0.9935008859591956,0
https://audgo.net,AUDGO,<b>   Application Chips   </b>,20.0,500.0,20.0,0.0,25.0,"{""startDate"":""2024-06-01"",""creditLessThan"":1,""displayDescriptionOnly"":""1"",""displayAngpaoText"":""1"",""walletId"":1,""changeGameId"":1,""mobileAppOnly"":""1""}",FREE,0.0,,DAILY,,,,0.9935008859591956,1
https://spaceman369.com,SPACEMAN369,<b>Download Apps Spaceman369</b>,20.0,500.0,20.0,0.0,25.0,"{""creditLessThan"":0.5,""displayDescriptionOnly"":""1"",""walletId"":1,""changeGameId"":1,""mobileAppOnly"":""1""}",FREE,0.0,,DAILY,,,,0.9935008859591956,1
https://audgaming8.com,AUDGAMING,<b>Sharing Bonus</b>,10.0,300.0,50.0,0.0,30.0,"{""customBonus"":""sharebonus"",""creditLessThan"":1,""startDate"":""2023-07-31"",""displayDescriptionOnly"":""1"",""displayAngpaoText"":""1"",""walletId"":1,""changeGameId"":1}",CUSTOM,0.0,,,,,,0.9761898354482816,1
https://spinup77.com,SPINUP77,<b>Daily Free</b>,27.0,577.0,10.0,0.0,21.37,"{""creditLessThan"":0.1,""displayDescriptionOnly"":""1"",""ignoreTrxAmount"":1,""changeGameId"":1,""walletId"":1}",FREE,0.0,,DAILY,,,,0.9708184036084224,1
https://spinup77.com,SPINUP77,<b>Download App Bonus</b>,27.0,577.0,10.0,0.0,21.37,"{""creditLessThan"":0.1,""displayDescriptionOnly"":""1"",""displayAngpaoText"":""1"",""mobileAppOnly"":""1"",""ignoreTrxAmount"":1,""changeGameId"":1,""walletId"":1}",FREE,0.0,,DAILY,,,,0.9708184036084224,1
https://cyberbet77.com,CYBERBET77,<b>⭐️WELCOME BACK AUD88<b>,88.0,2000.0,10.0,0.0,22.73,"{""creditLessThan"":0.1,""walletId"":1,""changeGameId"":1,""displayDescriptionOnly"":""1"",""registerBeforeDate"":""2026-05-25"",""displayAngpaoText"":""0""}",FREE,0.0,,,,,,0.9689408750939844,1
https://aus2u.com,Aus2u,ANDROID FREE 25$,25.0,600.0,15.0,0.0,24.0,"{""displayDescriptionOnly"":""1"",""mobileAppOnly"":""1"",""walletId"":1,""changeGameId"":1,""creditLessThan"":0.1}",FREE,0.0,,DAILY,,,,0.9660971283883644,1
https://skyspin96.co,SKYSPIN96,CHECK-IN SATURDAY,25.0,600.0,15.0,0.0,24.0,"{""walletId"":1,""changeGameId"":1,""maxWithdrawTimeDeposit"":1,""creditLessThan"":1,""displayDescriptionOnly"":""1"",""claimTime"":""N=6""}",FREE,0.0,,DAILY,,,,0.9660971283883644,1
https://luckymate88.com,Luckymate88,(Download APP) Free $10,10.0,150.0,3.99,0.0,15.0,"{""creditLessThan"":0.1,""mobileAppOnly"":""1"",""displayDescriptionOnly"":""1"",""displayAngpaoText"":""1"",""changeGameId"":1,""walletId"":1}",FREE,0.0,,WEEKLY,,,,0.9492075683724848,0
https://truewin77.com,TRUEWIN77,"<b><a style=""color:black"">SHARE & GET FREE</a><b>",5.0,100.0,10.0,0.0,20.0,"{""customBonus"":""sharebonus"",""creditLessThan"":1,""displayAngpaoText"":""0"",""startDate"":""2024-09-01"",""mobileAppOnly"":""0"",""displayDescriptionOnly"":""0"",""walletId"":1,""changeGameId"":1}",CUSTOM,0.0,,,,,,0.9452270845626882,1
https://royalaud.com,ROYAL77,<b>⭐Hourly Reward,5.0,100.0,10.0,0.0,20.0,"{""creditLessThan"":0.1,""displayAngpaoText"":""1"",""displayDescriptionOnly"":""1"",""changeGameId"":1,""walletId"":1}",FREE,0.0,,HOURLY,,,,0.9452270845626882,1
https://play77au.com,PLAY77,DAILY CHECK IN : DAY 7,5.0,100.0,10.0,0.0,20.0,"{""claimTime"":""N=7"",""creditLessThan"":0.1,""maxRoundTargetAll"":500,""displayAngpaoText"":""0"",""walletId"":1,""changeGameId"":1,""displayDescriptionOnly"":""1""}",FREE,0.0,,DAILY,,,,0.9452270845626882,1
https://lego66.co,Lego77,<b>Daily Free</b>,30.0,666.0,10.0,0.0,22.2,"{""creditLessThan"":""0.10"",""displayDescriptionOnly"":""1"",""changeGameId"":1,""walletId"":1}",FREE,0.0,,DAILY,,,,0.9320288086791834,1
https://in8.one,IN8,FACEBOOK LIMITED BONUS,8.0,168.0,10.0,0.0,21.0,"{""displayDescriptionOnly"":""1"",""creditLessThan"":0.01,""walletId"":1,""changeGameId"":1}",FREE,0.0,,DAILY,,,,0.9164043598613064,1
https://southern9.com,SOUTHERN9,DOWNLINE REGISTER GET,2.0,40.0,10.0,0.0,20.0,"{""customBonus"":""sharebonus"",""creditLessThan"":0.01,""startDate"":""2025-01-20"",""displayAngpaoText"":""1"",""displayDescriptionOnly"":""1"",""fixRT"":1}",CUSTOM,0.0,,,,,,0.8959826648794043,1
https://zeroaud.com,ZERO,<b>Download App Bonus</b>,30.0,700.0,10.0,0.0,23.33,"{""creditLessThan"":0.1,""displayDescriptionOnly"":""1"",""displayAngpaoText"":""1"",""mobileAppOnly"":""1"",""ignoreTrxAmount"":1,""changeGameId"":1,""walletId"":1}",FREE,0.0,,DAILY,,,,0.8757891750140593,1
https://betus10.co,BETUS10,<b>Daily Free Credit</b>,30.0,700.0,10.0,0.0,23.33,"{""creditLessThan"":0.1,""displayDescriptionOnly"":""1"",""ignoreTrxAmount"":1,""changeGameId"":1,""walletId"":1}",FREE,0.0,,DAILY,,,,0.8757891750140593,1
https://boyabet9.com,BoyaBet9,<B>SPECIAL DAILY FREE<B>,54.0,1600.0,20.0,0.0,29.63,"{""creditLessThan"":0.1,""displayDescriptionOnly"":""1"",""mobileAppOnly"":""0"",""walletId"":1,""changeGameId"":1}",FREE,0.0,,DAILY,,,,0.8565430609468387,1
https://dns33.com,DNS33,DOWNLINE GAIN & WITHDRAW AUD 30,8.0,240.0,30.0,0.0,30.0,"{""customBonus"":""sharebonus"",""creditLessThan"":0.5,""startDate"":""2023-11-21"",""displayDescriptionOnly"":""1"",""displayAngpaoText"":""1"",""walletId"":1,""changeGameId"":1}",CUSTOM,0.0,,DAILY,,,,0.8402879928088312,1
https://play77au.com,PLAY77,DAILY CHECK IN : DAY 6,4.5,100.0,10.0,0.0,22.22,"{""claimTime"":""N=6"",""creditLessThan"":0.1,""maxRoundTargetAll"":500,""displayAngpaoText"":""0"",""walletId"":1,""changeGameId"":1,""displayDescriptionOnly"":""1""}",FREE,0.0,,DAILY,,,,0.8231703543615265,1
https://speedaud.com,SpeedAUD,TUESDAY FREE $$$,12.0,320.0,15.0,0.0,26.67,"{""mobileAppOnly"":""1"",""claimTime"":""N=02"",""displayAngpaoText"":""0"",""displayDescriptionOnly"":""1"",""walletId"":1,""changeGameId"":1,""creditLessThan"":0.1}",FREE,0.0,,WEEKLY,,,,0.8071429953682788,1
https://in8.one,IN8,TELEGRAM LIMITED BONUS,10.0,288.0,20.0,0.0,28.8,"{""displayDescriptionOnly"":""1"",""creditLessThan"":0.01,""walletId"":1,""changeGameId"":1}",FREE,0.0,,DAILY,,,,0.7954633400358477,1
https://galaxyau.com,Galaxy AU,<b>App Free</b> (Convert Deposit),10.0,288.0,20.0,0.0,28.8,"{""creditLessThan"":0.5,""mobileAppOnly"":""1"",""displayDescriptionOnly"":""1"",""walletId"":1,""changeGameId"":1}",FREE,0.0,,DAILY,,,,0.7954633400358477,1
https://maxspin7.com,MaxSpin7,<b>7M Download Bonus</b>,7.0,200.0,20.0,0.0,28.57,"{""customBonus"":""manual"",""mobileAppOnly"":""0"",""displayDescriptionOnly"":""1"",""displayAngpaoText"":""1"",""fixRT"":1,""changeGameId"":1,""walletId"":1}",FREE,0.0,,,,,,0.7850334690777706,1
https://world99aud.com,WORLD99,<b>Daily Free</b>,20.0,499.0,10.0,0.0,24.95,"{""creditLessThan"":""0.10"",""displayDescriptionOnly"":""1"",""changeGameId"":1,""walletId"":1}",FREE,0.0,,DAILY,,,,0.7844515302831455,1
https://world99aud.com,WORLD99,<b>Download App Bonus</b>,20.0,499.0,10.0,0.0,24.95,"{""creditLessThan"":0.1,""displayDescriptionOnly"":""1"",""displayAngpaoText"":""1"",""mobileAppOnly"":""1"",""ignoreTrxAmount"":1,""changeGameId"":1,""walletId"":1}",FREE,0.0,,DAILY,,,,0.7844515302831455,1
https://1winbet369.com,1WINBET369,<b> 1Winbet Giveaway $20,20.0,500.0,10.0,0.0,25.0,"{""displayDescriptionOnly"":""1"",""walletId"":1,""changeGameId"":1}",FREE,0.0,,WEEKLY,,,,0.7824908919849999,1
https://redspin88.com,RedSpin,[App] Daily Free,20.0,500.0,10.0,0.0,25.0,"{""mobileAppOnly"":""1"",""walletId"":1,""changeGameId"":1,""creditLessThan"":""0.01"",""displayDescriptionOnly"":""1""}",FREE,0.0,,DAILY,,,,0.7824908919849999,1
https://betus10.co,BETUS10,<b>Download App Bonus</b>,20.0,500.0,10.0,0.0,25.0,"{""displayDescriptionOnly"":""1"",""displayAngpaoText"":""1"",""mobileAppOnly"":""1"",""ignoreTrxAmount"":1,""changeGameId"":1,""walletId"":1}",FREE,0.0,,DAILY,,,,0.7824908919849999,1
https://zeroaud.com,ZERO,<b>Daily Free</b>,20.0,500.0,10.0,0.0,25.0,"{""creditLessThan"":""0.10"",""displayDescriptionOnly"":""1"",""changeGameId"":1,""walletId"":1}",FREE,0.0,,DAILY,,,,0.7824908919849999,1
https://ubet96.com,Ubet AUS,APP BONUS,10.0,289.0,19.0,0.0,28.9,"{""creditLessThan"":0.1,""mobileAppOnly"":""1"",""displayAngpaoText"":""0""}",FREE,0.0,,,,,,0.7793316153788195,1
https://speedaud.com,SpeedAUD,SATURDAY FREE $$$,17.0,480.0,15.0,0.0,28.24,"{""mobileAppOnly"":""1"",""claimTime"":""N=06"",""displayAngpaoText"":""0"",""displayDescriptionOnly"":""1"",""walletId"":1,""changeGameId"":1,""creditLessThan"":0.1}",FREE,0.0,,WEEKLY,,,,0.7688574485217028,1
https://mrpokies77.com,MR.POKIES77,<b>Welcome Back</b>,18.0,540.0,18.0,0.0,30.0,"{""displayDescriptionOnly"":""1""}",FREE,0.0,,WEEKLY,,,,0.7597644432639724,1
https://royale9au.com,Royale9 Jernice,Checkin Tuesday,11.0,310.0,15.0,0.0,28.18,"{""displayDescriptionOnly"":""1"",""displayAngpaoText"":""0"",""claimTime"":""N=02"",""walletId"":1,""changeGameId"":1}",FREE,0.0,,WEEKLY,,,,0.7489862033409844,1
https://aus789.com,Aus789 PayID Casino Australia,<b>APP Download Bonus $16</b>,16.0,500.0,20.0,0.0,31.25,"{""startDate"":""2023-09-17"",""creditLessThan"":0.2,""displayDescriptionOnly"":""0"",""mobileAppOnly"":""1"",""displayAngpaoText"":""0"",""walletId"":1,""changeGameId"":1}",FREE,0.0,,,,,,0.7407651230185881,1
https://skyspin96.co,SKYSPIN96,CHECK-IN FRIDAY,20.0,600.0,15.0,0.0,30.0,"{""walletId"":1,""changeGameId"":1,""maxWithdrawTimeDeposit"":1,""creditLessThan"":1,""displayDescriptionOnly"":""1"",""claimTime"":""N=5""}",FREE,0.0,,DAILY,,,,0.7203739083272979,1
https://win99aud.com,WIN99AUD,<b>FREE 365 DAY</b>,20.0,600.0,15.0,0.0,30.0,"{""creditLessThan"":0.1,""displayDescriptionOnly"":""1"",""displayAngpaoText"":""1"",""changeGameId"":1,""walletId"":1}",FREE,0.0,,DAILY,,,,0.7203739083272979,1
https://play77au.com,PLAY77,DAILY CHECK IN : DAY 5,4.0,100.0,10.0,0.0,25.0,"{""claimTime"":""N=5"",""creditLessThan"":0.1,""maxRoundTargetAll"":500,""displayAngpaoText"":""0"",""walletId"":1,""changeGameId"":1,""displayDescriptionOnly"":""1""}",FREE,0.0,,DAILY,,,,0.7053523318628149,1
https://safeau.net,SafeAu,<b>Telegram Free Premium</b>,66.0,3000.0,66.0,0.0,45.45,"{""walletId"":1,""changeGameId"":1,""displayAngpaoText"":""0"",""displayDescriptionOnly"":""1"",""creditLessThan"":0.1,""registerDate"":""2022-01-01"",""mustJoinTelegramChannel"":""SafeAuChannel""}",FREE,0.0,,,,,,0.7016785189575544,1
https://dolphin88.co,Dolphin88,<b>Daily Free $38.88 </b>,38.88,1088.0,8.8,0.0,27.98,"{""walletId"":1,""changeGameId"":1,""creditLessThan"":0.1,""displayDescriptionOnly"":""1""}",FREE,0.0,,DAILY,,,,0.6753956605166789,1
https://iau9.com,BonzaWin (AUD),2026 Sign Up & Get FREE I,9.0,299.0,20.0,0.0,33.22,"{""displayDescriptionOnly"":""1"",""mobileAppOnly"":""0"",""displayAngpaoText"":""0"",""walletId"":1,""changeGameId"":1,""creditLessThan"":0.1}",FREE,0.0,,,,,,0.660829033571012,1
https://play369.co,PLAY369,<b>Daily Free $5,5.0,150.0,15.0,0.0,30.0,"{""creditLessThan"":0.1,""displayDescriptionOnly"":""1""}",FREE,0.0,,DAILY,,,,0.6583810534082891,1
https://aus2u.com,Aus2u,SATURDAY FREE $$$,15.0,480.0,15.0,0.0,32.0,"{""mobileAppOnly"":""1"",""claimTime"":""N=06"",""displayAngpaoText"":""0"",""displayDescriptionOnly"":""1"",""walletId"":1,""changeGameId"":1,""creditLessThan"":0.1}",FREE,0.0,,WEEKLY,,,,0.6521277816524131,1
https://cyberpunk369.com,CYBERPUNK369,<b>Check-in Bonus TUESDAY</b>,4.0,100.0,8.0,0.0,25.0,"{""claimTime"":""N=2"",""displayDescriptionOnly"":""1"",""displayAngpaoText"":""0"",""creditLessThan"":0.1,""walletId"":1,""changeGameId"":1}",FREE,0.0,,WEEKLY,,,,0.6463240896428873,1
https://jw8au.com,JW8AU,<b>App Bonus</b>,88.0,3888.0,38.0,0.0,44.18,"{""creditLessThan"":0.1,""displayDescriptionOnly"":""1"",""registerDate"":""2023-01-01"",""walletId"":1,""changeGameId"":1,""displayAngpaoText"":""1"",""mobileAppOnly"":""1""}",FREE,0.0,,,,,,0.6449116816413177,1
https://spinking.co,SpinKing,ARISTOVA FREE CREDIT 10$,10.0,300.0,12.0,0.0,30.0,"{""creditLessThan"":0.1,""mobileAppOnly"":""0"",""walletId"":1,""changeGameId"":1,""displayAngpaoText"":""1"",""displayDescriptionOnly"":""1""}",FREE,0.0,,DAILY,,,,0.6368231262225733,0
https://aus2u.com,Aus2u,TUESDAY FREE $$$,10.0,320.0,15.0,0.0,32.0,"{""mobileAppOnly"":""1"",""claimTime"":""N=02"",""displayAngpaoText"":""0"",""displayDescriptionOnly"":""1"",""walletId"":1,""changeGameId"":1,""creditLessThan"":0.1}",FREE,0.0,,WEEKLY,,,,0.6350231815111956,1
https://luckymate88.com,Luckymate88,Daily Free $5,5.0,100.0,3.99,0.0,20.0,"{""creditLessThan"":0.1,""mobileAppOnly"":""0"",""displayDescriptionOnly"":""1"",""displayAngpaoText"":""1"",""changeGameId"":1,""walletId"":1}",FREE,0.0,,DAILY,,,,0.6336356620086705,0
https://bigpay77.net,BigPay77,Apps Daily Free,17.0,500.0,10.0,0.0,29.41,"{""creditLessThan"":1,""displayDescriptionOnly"":""1"",""mobileAppOnly"":""1"",""displayAngpaoText"":""1"",""fixRT"":1,""walletId"":1,""changeGameId"":1}",FREE,0.0,,DAILY,,,,0.6318727500544004,1
https://royale9au.com,Royale9 Jernice,Checkin Wednesday,9.0,290.0,15.0,0.0,32.22,"{""displayDescriptionOnly"":""1"",""displayAngpaoText"":""0"",""claimTime"":""N=03"",""walletId"":1,""changeGameId"":1}",FREE,0.0,,WEEKLY,,,,0.6252401761972725,1
https://speed9.co,SPEED 9,SPEED 9 APP BONUS,3.0,100.0,20.0,0.0,33.33,"{""creditLessThan"":1,""displayDescriptionOnly"":""1"",""mobileAppOnly"":""1"",""displayAngpaoText"":""1"",""ignoreTrxAmount"":1,""walletId"":1,""changeGameId"":1,""offUsernames"":[""1A297A70"",""10171192""]}",FREE,0.0,,DAILY,,,,0.6144308843868765,1
https://aus2u.com,Aus2u,Daily Free Credit $99,99.0,4000.0,20.0,0.0,40.4,"{""displayAngpaoText"":""1"",""displayDescriptionOnly"":""1"",""walletId"":1,""changeGameId"":1,""creditLessThan"":0.1}",FREE,0.0,,DAILY,,,,0.6036577182586934,0
https://mrpokies77.com,MR.POKIES77,<b>Download Apps Daily</b>,20.0,500.0,5.0,0.0,25.0,"{""creditLessThan"":0.1,""displayDescriptionOnly"":""1"",""registerDate"":""2024-06-17"",""walletId"":1,""changeGameld"":1,""mobileAppOnly"":""1"",""displayAngpaoText"":""1""}",FREE,0.0,,DAILY,,,,0.5846942029551774,1
https://unitedau.com,UnitedAu,<b>Download App Bonus</b>,20.0,500.0,5.0,0.0,25.0,"{""creditLessThan"":0.5,""displayDescriptionOnly"":""1"",""walletId"":1,""changeGameId"":1,""mobileAppOnly"":""1""}",FREE,0.0,,DAILY,,,,0.5846942029551774,1
https://auwin7.com,AUWIN7,App Download Free AUD3,3.0,100.0,17.0,0.0,33.33,"{""creditLessThan"":0.1,""displayDescriptionOnly"":""1"",""displayAngpaoText"":""1"",""mobileAppOnly"":""1"",""walletId"":1,""changeGameId"":1}",FREE,0.0,,,,,,0.5833209351345645,1
https://kangaroo88.com,Kangaroo88,Download App Bonus,10.88,400.0,18.0,0.0,36.76,"{""walletId"":1,""changeGameId"":1,""creditLessThan"":0.1,""displayDescriptionOnly"":""1"",""mobileAppOnly"":""0""}",FREE,0.0,,,,,,0.5701004485243653,1
https://sapphireaud.com,SAPPHIRE,<b>TLG Daily Free 5</b>,5.0,150.0,10.0,0.0,30.0,"{""displayAngpaoText"":""1"",""displayDescriptionOnly"":""1"",""creditLessThan"":0.1,""registerDate"":""2024-01-01"",""mobileAppOnly"":""0"",""mustJoinTelegramChannel"":""SapphireAUFreebieGroupA1""}",FREE,0.0,,DAILY,,,,0.5694060583180915,1
https://penguin88.club,PENGUIN88,<b>Download APP</b>,8.0,300.0,20.0,0.0,37.5,"{""walletId"":1,""changeGameId"":1,""creditLessThan"":""0.10"",""mobileAppOnly"":""1"",""displayDescriptionOnly"":""1"",""displayAngpaoText"":""1""}",FREE,0.0,,,,,,0.563652124200173,1
https://spinfortune777.com,SpinFortune777,<b>JUNE DAILY FREE $25</b>,25.0,1000.0,20.0,0.0,40.0,"{""creditLessThan"":0.1,""walletId"":1,""changeGameId"":1,""displayDescriptionOnly"":""1"",""displayAngpaoText"":""0""}",FREE,0.0,,DAILY,,,,0.5602006145577506,1
https://decho34.com,Decho34,"<b style=""colour:white"">APP Free (Convert Deposit)",10.0,390.0,21.0,0.0,39.0,"{""creditLessThan"":0.01,""displayDescriptionOnly"":""1"",""mobileAppOnly"":""1"",""walletId"":1,""changeGameId"":1}",FREE,0.0,,DAILY,,,,0.5528608168460024,1
https://pokies7bet.com,Pokies7bet,<b>365ᴅᴀʏꜱ ꜰʀᴇᴇ ᴄʀᴇᴅɪᴛ</b>,6.88,280.0,27.0,0.0,40.7,"{""creditLessThan"":1,""displayAngpaoText"":""1"",""displayDescriptionOnly"":""1"",""walletId"":1,""changeGameId"":1}",FREE,0.0,,DAILY,,,,0.5515316312204653,1
https://lego66.co,Lego77,<b>Download App Bonus</b>,20.0,666.0,10.0,0.0,33.3,"{""creditLessThan"":0.1,""displayDescriptionOnly"":""1"",""displayAngpaoText"":""1"",""mobileAppOnly"":""1"",""ignoreTrxAmount"":1,""changeGameId"":1,""walletId"":1}",FREE,0.0,,DAILY,,,,0.5468258165210306,1
https://aus789.com,Aus789 PayID Casino Australia,<b> SHARE & GET FREE</b>,12.0,476.0,20.0,0.0,39.67,"{""customBonus"":""sharebonus"",""creditLessThan"":1,""mobileAppOnly"":""0"",""displayAngpaoText"":""0"",""startDate"":""2023-08-20"",""maxCount"":5,""displayDescriptionOnly"":""1"",""walletId"":1,""changeGameId"":1}",CUSTOM,0.0,,,,,,0.5395267609504637,1
https://harbour33.com,HARBOUR33,<B>Apps Daily Free</B>,15.0,500.0,10.01,0.0,33.33,"{""creditLessThan"":0.1,""walletId"":1,""changeGameId"":1,""displayDescriptionOnly"":""1"",""mobileAppOnly"":""1""}",FREE,0.0,,,,,,0.536143501779564,1
https://me99aud.com,Me99,me99 APP BONUS,15.0,500.0,10.0,0.0,33.33,"{""creditLessThan"":1,""displayDescriptionOnly"":""1"",""mobileAppOnly"":""1"",""displayAngpaoText"":""1"",""fixRT"":1,""walletId"":1,""changeGameId"":1}",FREE,0.0,,DAILY,,,,0.5359404081626119,1
https://royale9au.com,Royale9 Jernice,Checkin Friday,8.0,290.0,15.0,0.0,36.25,"{""displayDescriptionOnly"":""1"",""displayAngpaoText"":""0"",""claimTime"":""N=05"",""walletId"":1,""changeGameId"":1}",FREE,0.0,,WEEKLY,,,,0.5355271486208287,1
https://mee88aus.com,MEE88 AUS,HOURLY FREE CREDIT $23,23.0,800.0,10.0,0.0,34.78,"{""displayAngpaoText"":""0"",""walletId"":1,""changeGameId"":1,""mobileAppOnly"":""0"",""displayDescriptionOnly"":""1""}",FREE,0.0,,HOURLY,,,,0.522597244380408,1
https://sp77aud.co,SP77AUD,<b>Top Tier Rewards</b>,10.0,500.0,50.0,0.0,50.0,"{""startDate"":""2026-05-25"",""userTag"":{""bonusFixed"":{""VVIP"":{""BRONZE"":10,""SILVER"":10,""GOLD"":30,""PLATINUM"":40,""DIAMOND"":50,""ELITE"":60,""MASTER"":70}},""onlyFor"":""VVIP""},""creditLessThan"":0.1,""displayAngpaoText"":""1"",""walletId"":1,""changeGameId"":1,""displayDescriptionOnly"":""1""}",FREE,0.0,,,,,,0.5154936789098663,1
https://safeau.net,SafeAu,<b>Weekend Delights</b>,50.0,2088.0,15.0,0.0,41.76,"{""walletId"":1,""changeGameId"":1,""creditLessThan"":0.01,""claimTime"":""N=06,N=07"",""displayDescriptionOnly"":""1"",""displayAngpaoText"":""1""}",FREE,0.0,,DAILY,,,,0.5054807248079518,1
https://rolex66.vip,Rolex66 AUD,<b>Daily Checkin</b>,38.0,1688.0,20.0,0.0,44.42,"{""creditLessThan"":0.1,""displayDescriptionOnly"":""1"",""mobileAppOnly"":""1"",""walletId"":1,""changeGameId"":1}",FREE,0.0,,DAILY,,,,0.504885880297683,1
https://maxspin7.com,MaxSpin7,<b>Mobile App Bonus<b>,5.0,200.0,20.0,0.0,40.0,"{""customBonus"":""manual"",""mobileAppOnly"":""1"",""displayDescriptionOnly"":""1"",""displayAngpaoText"":""1"",""fixRT"":1,""changeGameId"":1,""walletId"":1}",FREE,0.0,,,,,,0.5045888277145305,0
https://win99aud.com,WIN99AUD,<b>Apps Angpao $5</b>,5.0,200.0,20.0,0.0,40.0,"{""displayDescriptionOnly"":""1"",""displayAngpaoText"":""1"",""mobileAppOnly"":""1"",""walletId"":1,""changeGameId"":1}",FREE,0.0,,,,,,0.5045888277145305,1
https://betus10.co,BETUS10,<b>Referred Free</b>,6.0,300.0,50.0,0.0,50.0,"{""customBonus"":""sharebonus"",""creditLessThan"":1,""startDate"":""2023-10-25"",""displayDescriptionOnly"":""1"",""displayAngpaoText"":""1"",""changeGameId"":1,""walletId"":1}",CUSTOM,0.0,,,,,,0.4987444533506406,1
https://skyspin96.co,SKYSPIN96,CHECK-IN WEDNESDAY,15.0,600.0,15.0,0.0,40.0,"{""walletId"":1,""changeGameId"":1,""maxWithdrawTimeDeposit"":1,""creditLessThan"":1,""displayDescriptionOnly"":""1"",""claimTime"":""N=3""}",FREE,0.0,,DAILY,,,,0.4933955019964999,1
https://pokiesbillion.com,POKIESBILLION,<b>✅Hourly Free,3.0,100.0,10.0,0.0,33.33,"{""creditLessThan"":0.1,""walletId"":1,""changeGameld"":1,""displayAngpaoText"":""1"",""displayDescriptionOnly"":""1""}",FREE,0.0,,HOURLY,,,,0.4839316980808067,1
https://spinfortune777.com,SpinFortune777,<b>DAILY FREE $3</b>,3.0,100.0,10.0,0.0,33.33,"{""creditLessThan"":0.1,""displayDescriptionOnly"":""1""}",FREE,0.0,,DAILY,,,,0.4839316980808067,1
https://play77au.com,PLAY77,DAILY CHECK IN : DAY 3,3.0,100.0,10.0,0.0,33.33,"{""claimTime"":""N=3"",""creditLessThan"":0.1,""maxRoundTargetAll"":500,""displayAngpaoText"":""0"",""walletId"":1,""changeGameId"":1,""displayDescriptionOnly"":""1""}",FREE,0.0,,DAILY,,,,0.4839316980808067,1
https://sapphireaud.com,SAPPHIRE,<b>Bonza Free 365</b>,3.0,100.0,10.0,0.0,33.33,"{""creditLessThan"":0.1,""displayDescriptionOnly"":""1"",""displayAngpaoText"":""1""}",FREE,0.0,,DAILY,,,,0.4839316980808067,1
https://spincrown33.com,SpinCrown33,<b>Daily Free $3</b>,3.0,100.0,10.0,0.0,33.33,"{""displayDescriptionOnly"":""1"",""displayAngpaoText"":""1"",""creditLessThan"":0.1}",FREE,0.0,,DAILY,,,,0.4839316980808067,1
https://safeau.net,SafeAu,<B>DOWNLOAD APP FREE</B>,10.0,399.0,15.0,0.0,39.9,"{""creditLessThan"":0.01,""displayDescriptionOnly"":""1"",""displayAngpaoText"":""1"",""mobileAppOnly"":""1"",""walletId"":1,""changeGameId"":1}",FREE,0.0,,DAILY,,,,0.4819599301726792,1
https://aus2u.com,Aus2u,WEDNESDAY FREE $$$,8.0,320.0,15.0,0.0,40.0,"{""mobileAppOnly"":""1"",""claimTime"":""N=03"",""displayAngpaoText"":""0"",""displayDescriptionOnly"":""1"",""walletId"":1,""changeGameId"":1,""creditLessThan"":0.1}",FREE,0.0,,WEEKLY,,,,0.4735234779737564,0
https://aus2u.com,Aus2u,FRIDAY FREE $$$,8.0,320.0,15.0,0.0,40.0,"{""mobileAppOnly"":""1"",""claimTime"":""N=05"",""displayAngpaoText"":""0"",""displayDescriptionOnly"":""1"",""walletId"":1,""changeGameId"":1,""creditLessThan"":0.1}",FREE,0.0,,WEEKLY,,,,0.4735234779737564,0
https://space9au.com,SPACE9,ᴀᴜꜱᴛʀᴀʟɪᴀɴ 2-0 ʀᴇᴡᴀʀᴅ,20.0,1000.0,30.0,0.0,50.0,"{""customBonus"":""manual"",""creditLessThan"":0.5,""displayDescriptionOnly"":""1"",""mobileAppOnly"":""0"",""displayAngpaoText"":""1"",""walletId"":1,""changeGameId"":1}",FREE,0.0,,,,,,0.4711511523293715,1
https://vip777au.com,VIP777AU,<b>▶️Download Apps Free,20.0,600.0,5.0,0.0,30.0,"{""creditLessThan"":0.5,""displayDescriptionOnly"":""1"",""walletId"":1,""changeGameId"":1,""mobileAppOnly"":""1""}",FREE,0.0,,DAILY,,,,0.4655348848810012,1
https://riches88.live,RICHES88,<b>Download Apps Free</b>,20.0,600.0,5.0,0.0,30.0,"{""creditLessThan"":0.5,""displayDescriptionOnly"":""1"",""walletId"":1,""changeGameId"":1,""mobileAppOnly"":""1""}",FREE,0.0,,DAILY,,,,0.4655348848810012,0
https://kingtech88.com,KINGTECH88,Daily Free Chips,2.88,100.0,10.0,0.0,34.72,"{""creditLessThan"":0.2,""displayDescriptionOnly"":""1"",""walletId"":1,""changeGameId"":1}",FREE,0.0,,DAILY,,,,0.4587714565010408,1
https://dolphin88.co,Dolphin88,<b>365 Daily App Bonus</b>,40.88,1588.0,8.8,0.0,38.85,"{""creditLessThan"":""0.10"",""mobileAppOnly"":""1"",""displayDescriptionOnly"":""1"",""walletId"":1,""changeGameId"":1}",FREE,0.0,,DAILY,,,,0.4496846280395866,0
https://jk123au.com,Gday123 Australia,"GDAY, FREE’S YOURS!",7.0,350.0,30.0,0.0,50.0,"{""creditLessThan"":0.5,""displayDescriptionOnly"":""1"",""displayAngpaoText"":""1"",""mobileAppOnly"":""0"",""walletId"":1,""changeGameId"":1,""offUsernames"":[""392576581"",""396299827"",""A016A2116""]}",FREE,0.0,,,,,,0.4399163521568864,0
https://acehighwin.com,ACEHIGHWIN,<B>Daily Free(Event),15.0,600.0,10.0,0.0,40.0,"{""creditLessThan"":0.1,""walletId"":1,""changeGameId"":1,""displayDescriptionOnly"":""1""}",FREE,0.0,,DAILY,,,,0.4267170000250283,1
https://spincrown33.com,SpinCrown33,<b>Daily Free $4</b>,4.0,150.0,10.0,0.0,37.5,"{""displayDescriptionOnly"":""1"",""displayAngpaoText"":""1"",""creditLessThan"":0.1}",FREE,0.0,,DAILY,,,,0.4249051868814104,1
https://spinfortune777.com,SpinFortune777,<b>DAILY FREE $4</b>,4.0,150.0,10.0,0.0,37.5,"{""creditLessThan"":0.1,""displayDescriptionOnly"":""1""}",FREE,0.0,,DAILY,,,,0.4249051868814104,1
https://tiger88.games,TIGER88,<b>Daily Free</b>,20.0,1000.0,20.08,0.0,50.0,"{""displayDescriptionOnly"":""1"",""walletId"":1,""changeGameId"":1,""creditLessThan"":0.1}",FREE,0.0,,DAILY,,,,0.4182373493869946,1
https://pp99au.com,PP99,PP99 REBATE BALANCE REDEMPTION,5.0,288.88,50.0,0.0,57.78,"{""customBonus"":""manual"",""maxWithdrawTimeAmount"":1,""fixRT"":1,""displayDescriptionOnly"":""1"",""showIfAmount"":1}",CUSTOM,0.0,,,,,,0.4115317540420936,1
https://galaxyau.com,Galaxy AU,Attend Reward,3.0,138.0,20.0,0.0,46.0,"{""creditLessThan"":0.5,""mobileAppOnly"":""0"",""displayDescriptionOnly"":""1"",""walletId"":1,""changeGameId"":1}",FREE,0.0,,DAILY,,,,0.4107940829250386,1
https://southern9.com,SOUTHERN9,APP DOWNLOAD BONUS,15.0,750.0,20.0,0.0,50.0,"{""creditLessThan"":1,""walletId"":1,""changeGameId"":1,""displayDescriptionOnly"":""1"",""displayAngpaoText"":""0"",""mobileAppOnly"":""1""}",FREE,0.0,,DAILY,,,,0.4099127212306195,1
https://spincrown33.com,SpinCrown33,<b>Daily Free Telegram</b>,5.0,200.0,10.0,0.0,40.0,"{""displayAngpaoText"":""1"",""displayDescriptionOnly"":""1"",""creditLessThan"":0.1,""registerDate"":""2024-01-01"",""mobileAppOnly"":""0"",""mustJoinTelegramChannel"":""AllPokiesHub4""}",FREE,0.0,,DAILY,,,,0.3974190335047421,1
https://nightclubaus.com,NC88AU,APP FREE CHECK IN,18.88,1000.0,20.0,0.0,52.97,"{""creditLessThan"":1,""mobileAppOnly"":""1"",""walletId"":1,""changeGameId"":1}",FREE,0.0,,DAILY,,,,0.3872198113645413,1
https://wombats88.com,Wombats88,<b>Download APP</b>,5.0,250.0,20.0,0.0,50.0,"{""walletId"":1,""changeGameId"":1,""creditLessThan"":""0.10"",""mobileAppOnly"":""1"",""displayDescriptionOnly"":""1"",""displayAngpaoText"":""1""}",FREE,0.0,,,,,,0.3817685198462131,1
https://play77au.com,PLAY77,DAILY CHECK IN : DAY 2,2.5,100.0,10.0,0.0,40.0,"{""claimTime"":""N=2"",""creditLessThan"":0.1,""maxRoundTargetAll"":500,""displayAngpaoText"":""0"",""walletId"":1,""changeGameId"":1,""displayDescriptionOnly"":""1""}",FREE,0.0,,DAILY,,,,0.3813188801044143,1
https://skyspin96.co,SKYSPIN96,CHECK-IN TUESDAY,12.0,600.0,15.0,0.0,50.0,"{""walletId"":1,""changeGameId"":1,""maxWithdrawTimeDeposit"":1,""creditLessThan"":1,""displayDescriptionOnly"":""1"",""claimTime"":""N=2""}",FREE,0.0,,DAILY,,,,0.3678738285062414,1
https://penguin88.club,PENGUIN88,<b>Daily Free 365Days</b>,10.0,555.0,23.0,0.0,55.5,"{""walletId"":1,""changeGameId"":1,""creditLessThan"":0.1,""displayDescriptionOnly"":""1"",""registerDate"":""2023-10-01""}",FREE,0.0,,DAILY,,,,0.3657098183778751,1
https://ipay9aud.com,iPAY9,iPAY9 APP BONUS,10.0,500.0,15.0,0.0,50.0,"{""creditLessThan"":1,""displayDescriptionOnly"":""1"",""mobileAppOnly"":""1"",""displayAngpaoText"":""1"",""ignoreTrxAmount"":1,""walletId"":1,""changeGameId"":1}",FREE,0.0,,MONTHLY,,,,0.3635084802936885,1
https://kangaroo88.com,Kangaroo88,<b>SHARE BONUS</b>,3.0,0.0,50.0,30.0,0.0,"{""customBonus"":""sharebonus"",""creditLessThan"":0.1,""startDate"":""2023-10-01"",""displayDescriptionOnly"":""1"",""displayAngpaoText"":""1"",""walletId"":1,""changeGameId"":1}",CUSTOM,0.0,,,,,,0.3620803550506247,0
https://cyberbet77.com,CYBERBET77,<B>Free 365 Days</B>,2.0,100.0,20.0,0.0,50.0,"{""creditLessThan"":1,""walletId"":1,""changeGameId"":1,""displayDescriptionOnly"":""1"",""registerDate"":""2023-10-21""}",FREE,0.0,,DAILY,,,,0.3618791519681535,1
https://hollywoodaus.com,HOLLYWOOD,<b>FREE 365</b>,2.0,100.0,20.0,0.0,50.0,"{""creditLessThan"":0.1,""displayDescriptionOnly"":""1""}",FREE,0.0,,DAILY,,,,0.3618791519681535,0
https://auboss.co,AU BOSS,<b>DAILY LOGIN</b>,2.0,100.0,20.0,0.0,50.0,"{""creditLessThan"":1,""walletId"":1,""changeGameId"":1,""displayDescriptionOnly"":""1"",""registerDate"":""2024-01-01""}",FREE,0.0,,DAILY,,,,0.3618791519681535,1
https://riches88.live,RICHES88,<b>365 Day Free </b>,10.0,450.0,10.01,0.0,45.0,"{""creditLessThan"":0.1,""walletId"":1,""changeGameld"":1,""displayDescriptionOnly"":""1""}",FREE,0.0,,DAILY,,,,0.3587737939829095,1
https://sp77aud.co,SP77AUD,<b>Social Free IIII⭐,30.0,2000.0,30.0,0.0,66.67,"{""displayAngpaoText"":""0"",""displayDescriptionOnly"":""1"",""creditLessThan"":0.1,""mustJoinTelegramChannel"":""igaxspeedau33"",""walletId"":1,""changeGameId"":1}",FREE,0.0,,,,,,0.337639376332024,1
https://diamondaud.com,DIAMONDAUD,<b>FIFA FREE ⭐,30.0,2000.0,30.0,0.0,66.67,"{""displayAngpaoText"":""0"",""displayDescriptionOnly"":""1"",""creditLessThan"":0.1,""mustJoinTelegramChannel"":""diamondaud"",""changeGameId"":1,""walletId"":1}",FREE,0.0,,,,,,0.337639376332024,1
https://mrbean9.com,MrBean9,MrBean9 APP BONUS,13.0,630.0,10.0,0.0,48.46,"{""creditLessThan"":1,""displayDescriptionOnly"":""1"",""mobileAppOnly"":""1"",""displayAngpaoText"":""1"",""fixRT"":1,""walletId"":1,""changeGameId"":1}",FREE,0.0,,WEEKLY,,,,0.3325751938655694,1
https://zebra88.club,ZEBRA88,<b>Daily Free</b>,10.0,588.0,21.0,0.0,58.8,"{""walletId"":1,""changeGameId"":1,""displayDescriptionOnly"":""1"",""creditLessThan"":0.1}",FREE,0.0,,DAILY,,,,0.3309214451684106,1
https://spaceman369.com,SPACEMAN369,<B>Lucky Box Bonus</b>,10.0,600.0,20.0,0.0,60.0,"{""fixRT"":1,""creditLessThan"":0.1,""walletId"":1,""changeGameld"":1,""displayDescriptionOnly"":""1""}",FREE,0.0,,DAILY,,,,0.3178130426475439,1
https://koala88.co,Koala88,<b>Download App Bonus</b>,10.0,499.0,10.0,0.0,49.9,"{""walletId"":1,""changeGameId"":1,""creditLessThan"":0.1,""displayDescriptionOnly"":""1"",""mobileAppOnly"":""1""}",FREE,0.0,,,,,,0.3151709127942828,1
https://candymommy.co,CANDYMOMMY,<b>Return Back Bonus,10.0,500.0,10.0,0.0,50.0,"{""displayDescriptionOnly"":""1""}",FREE,0.0,,MONTHLY,,,,0.3143831825926947,1
https://auboss.co,AU BOSS,<b>DOWNLOAD APP FREE<b>,10.0,500.0,10.0,0.0,50.0,"{""creditLessThan"":0.5,""displayDescriptionOnly"":""1"",""walletId"":1,""changeGameId"":1,""mobileAppOnly"":""1"",""displayAngpaoText"":""0""}",FREE,0.0,,DAILY,,,,0.3143831825926947,0
https://topaz33.com,TOPAZ33,<b>VIP REWARD </b>,2.25,200.0,200.0,0.0,88.89,"{""customBonus"":""manual"",""displayAngpaoText"":""0"",""displayDescriptionOnly"":""1"",""creditLessThan"":0.1,""fixRT"":1}",CUSTOM,0.0,,DAILY,,,,0.3090237109902398,1
https://aud2u.com,AUD2U,Daily Super Free 365,1.88,88.0,10.0,0.0,46.81,"{""creditLessThan"":0.10,""displayDescriptionOnly"":""1"",""walletId"":1,""changeGameId"":1}",FREE,0.0,,DAILY,,,,0.3085126920265616,1
https://bondi333.com,BONDI333,<b>Daily Ultra Free </b>,5.0,300.0,20.0,0.0,60.0,"{""creditLessThan"":0.1,""displayDescriptionOnly"":""1""}",FREE,0.0,,DAILY,,,,0.3039649838146617,1
https://u2win.online,U2WIN,<b>365 Daily Free</b>,5.0,300.0,20.0,0.0,60.0,"{""fixRT"":1,""creditLessThan"":0.5,""displayDescriptionOnly"":""1"",""walletId"":1,""changeGameId"":1}",FREE,0.0,,DAILY,,,,0.3039649838146617,1
https://dolphin88.co,Dolphin88,<b>Download App Bonus</b>,5.0,300.0,20.0,0.0,60.0,"{""creditLessThan"":""0.10"",""mobileAppOnly"":""1"",""displayDescriptionOnly"":""1"",""walletId"":1,""changeGameId"":1}",FREE,0.0,,,,,,0.3039649838146617,0
https://decho34.com,Decho34,"<b style=""colour:white"">Daily Free",6.0,390.0,25.0,0.0,65.0,"{""creditLessThan"":0.01,""displayDescriptionOnly"":""1"",""mobileAppOnly"":""0"",""walletId"":1,""changeGameId"":1}",FREE,0.0,,DAILY,,,,0.2977272508112705,1
https://skyspin96.co,SKYSPIN96,CHECK-IN MONDAY,10.0,600.0,15.0,0.0,60.0,"{""walletId"":1,""changeGameId"":1,""maxWithdrawTimeDeposit"":1,""creditLessThan"":1,""displayDescriptionOnly"":""1"",""claimTime"":""N=1""}",FREE,0.0,,DAILY,,,,0.2894262978348065,1
https://rubyaud.com,RUBY,<b>Free 365</b>,2.0,100.0,10.0,0.0,50.0,"{""creditLessThan"":0.1,""displayDescriptionOnly"":""1""}",FREE,0.0,,DAILY,,,,0.2850195147445152,1
https://play77au.com,PLAY77,DAILY CHECK IN : DAY 1,2.0,100.0,10.0,0.0,50.0,"{""claimTime"":""N=1"",""creditLessThan"":0.1,""maxRoundTargetAll"":500,""displayAngpaoText"":""0"",""walletId"":1,""changeGameId"":1,""displayDescriptionOnly"":""1""}",FREE,0.0,,DAILY,,,,0.2850195147445152,1
https://king88pokies.com,King88,"<b style=""color:#FFD700"">Special Daily Free</b>",8.88,588.0,20.0,0.0,66.22,"{""creditLessThan"":0.1,""mobileAppOnly"":""1"",""displayAngpaoText"":""1"",""walletId"":1,""changeGameId"":1}",FREE,0.0,,DAILY,,,,0.2787981212332169,1
https://vip777au.com,VIP777AU,<b>VIP BONUS </b>,2.0,200.0,200.0,0.0,100.0,"{""customBonus"":""manual"",""displayAngpaoText"":""0"",""displayDescriptionOnly"":""1"",""creditLessThan"":0,""fixRT"":1}",CUSTOM,0.0,,DAILY,,,,0.2650351572004819,1
https://diamondaud.com,DIAMONDAUD,<b>Daily Free </b>,10.0,600.0,10.0,0.0,60.0,"{""creditLessThan"":0.1,""walletId"":1,""changeGameId"":1,""displayDescriptionOnly"":""1""}",FREE,0.0,,DAILY,,,,0.2503126214987163,1
https://audgaming8.com,AUDGAMING,<b>Daily Free Credit</b>,10.0,600.0,10.0,0.0,60.0,"{""creditLessThan"":0.1,""walletId"":1,""changeGameId"":1,""displayDescriptionOnly"":""1""}",FREE,0.0,,DAILY,,,,0.2503126214987163,1
https://royalaud.com,ROYAL77,<b>Android Download Free</b>,10.0,600.0,10.0,0.0,60.0,"{""creditLessThan"":0.5,""displayDescriptionOnly"":""1"",""walletId"":1,""changeGameId"":1,""mobileAppOnly"":""1""}",FREE,0.0,,DAILY,,,,0.2503126214987163,1
https://sp77aud.co,SP77AUD,<B>DAILY FREE CHIPS,10.0,600.0,10.0,0.0,60.0,"{""creditLessThan"":0.1,""walletId"":1,""changeGameId"":1,""displayDescriptionOnly"":""1""}",FREE,0.0,,DAILY,,,,0.2503126214987163,1
https://cbr8aus.com,CBR8,<b>365 Free Credit<b>,2.88,200.0,20.0,0.0,69.44,"{""creditLessThan"":0.1,""displayDescriptionOnly"":""1"",""displayAngpaoText"":""1"",""mobileAppOnly"":""0"",""walletId"":1,""changeGameId"":1}",FREE,0.0,,DAILY,,,,0.2449051187861886,1
https://emax7.co,EMAX7,Free Chips (Daily),2.0,137.0,20.0,0.0,68.5,"{""mobileAppOnly"":""1"",""creditLessThan"":0.1,""displayDescriptionOnly"":""1""}",FREE,0.0,,DAILY,,,,0.2441534441118265,1
https://safeau.net,SafeAu,<b>Daily Delights</b>,6.66,450.0,15.0,0.0,67.57,"{""walletId"":1,""changeGameId"":1,""creditLessThan"":0.01,""displayDescriptionOnly"":""1""}",FREE,0.0,,DAILY,,,,0.2430002275673908,1
https://emax7.co,EMAX7,Daily Free (Ⅰ),7.77,577.0,20.0,0.0,74.26,"{""customBonus"":""manual"",""creditLessThan"":0.01,""mobileAppOnly"":""1"",""displayDescriptionOnly"":""1"",""walletId"":1,""changeGameId"":1,""fixRT"":1}",FREE,0.0,,DAILY,,,,0.2394891934132682,1
https://reef33.vip,Reef33,<b>Daily Free Lucky 365</b>,5.0,300.0,10.0,0.0,60.0,"{""creditLessThan"":0.1,""displayDescriptionOnly"":""1"",""displayAngpaoText"":""1""}",FREE,0.0,,DAILY,,,,0.2394057566317153,1
https://aucloud9.com,Cloud9,DAILY CHECK IN BONUS,9.0,700.0,20.0,0.0,77.78,"{""creditLessThan"":0.01,""mobileAppOnly"":""0"",""walletId"":1,""changeGameId"":1}",FREE,0.0,,DAILY,,,,0.2281946986902895,1
https://pokies33au.com,Pokies33,Daily Free,13.0,1033.0,20.0,0.0,79.46,"{""creditLessThan"":0.1,""walletId"":1,""changeGameId"":1}",FREE,0.0,,DAILY,,,,0.2275773863571402,1
https://select777.net,SELECT777,<b>SUNDAY</b>,68.0,5520.0,15.01,0.0,81.18,"{""creditLessThan"":0.1,""walletId"":1,""claimTime"":""N=7"",""displayDescriptionOnly"":""1""}",FREE,0.0,,DAILY,,,,0.22458624747249,1
https://neolux.vip,NEOLUX,"<b style=""color:#686A6C;"">DAY7 SUNDAY</b>",68.0,5520.0,15.01,0.0,81.18,"{""creditLessThan"":0.1,""walletId"":1,""claimTime"":""N=7"",""displayDescriptionOnly"":""1""}",FREE,0.0,,DAILY,,,,0.22458624747249,1
https://wildngo.net,WILD'N GO,<b>DAY7 SUNDAY</b>,68.0,5520.0,14.85,0.0,81.18,"{""creditLessThan"":0.1,""walletId"":1,""claimTime"":""N=7"",""displayDescriptionOnly"":""1""}",FREE,0.0,,DAILY,,,,0.2237728408448345,1
https://luxeau777.com,LUXEAU777,<b>Free Slot 365Days,3.0,150.0,5.0,0.0,50.0,"{""creditLessThan"":0.1,""displayDescriptionOnly"":""1"",""displayAngpaoText"":""1""}",FREE,0.0,,DAILY,,,,0.2178309035071405,1
https://pokiesbillion.com,POKIESBILLION,<b>Free All Slot 365Days,3.0,150.0,5.0,0.0,50.0,"{""creditLessThan"":0.1,""displayDescriptionOnly"":""1"",""displayAngpaoText"":""1""}",FREE,0.0,,DAILY,,,,0.2178309035071405,1
https://pokiesbillion.com,POKIESBILLION,<b>Restore Maintenance Bonus</b>,8.0,500.0,8.0,0.0,62.5,"{""displayDescriptionOnly"":""1"",""walletId"":1,""changeGameId"":1}",FREE,0.0,,,,,,0.2148104872235273,0
https://spinup77.com,SPINUP77,"<b style=""color:RED;"">MONDAY</b>",10.0,777.0,15.0,0.0,77.7,"{""claimTime"":""N=1"",""creditLessThan"":0.01,""displayDescriptionOnly"":""1"",""changeGameId"":1,""walletId"":1}",FREE,0.0,,WEEKLY,,,,0.2095080809822352,1
https://richman96.com,Richman96 Official Site - Online Gaming Australia,Daily Check In Free,6.0,500.0,20.0,0.0,83.33,"{""creditLessThan"":0.01,""mobileAppOnly"":""0"",""walletId"":1,""changeGameId"":1}",FREE,0.0,,DAILY,,,,0.2039351427681441,1
https://select777.net,SELECT777,<b>SATURDAY</b>,45.0,3870.0,15.01,0.0,86.0,"{""creditLessThan"":0.1,""walletId"":1,""claimTime"":""N=6"",""displayDescriptionOnly"":""1""}",FREE,0.0,,DAILY,,,,0.203572358829358,1
https://neolux.vip,NEOLUX,"<b style=""color:#686A6C;"">DAY6 SATURDAY</b>",45.0,3870.0,15.01,0.0,86.0,"{""creditLessThan"":0.1,""walletId"":1,""claimTime"":""N=6"",""displayDescriptionOnly"":""1""}",FREE,0.0,,DAILY,,,,0.203572358829358,1
https://wildngo.net,WILD'N GO,<b>DAY6 SATURDAY</b>,45.0,3870.0,14.85,0.0,86.0,"{""creditLessThan"":0.1,""walletId"":1,""claimTime"":""N=6"",""displayDescriptionOnly"":""1""}",FREE,0.0,,DAILY,,,,0.202835060318239,1
https://select777.net,SELECT777,<b>FRIDAY</b>,40.0,3520.0,15.01,0.0,88.0,"{""creditLessThan"":0.1,""walletId"":1,""claimTime"":""N=5"",""displayDescriptionOnly"":""1""}",FREE,0.0,,DAILY,,,,0.1963219377772148,1
https://neolux.vip,NEOLUX,"<b style=""color:#686A6C;"">DAY5 FRIDAY</b>",40.0,3520.0,15.01,0.0,88.0,"{""creditLessThan"":0.1,""walletId"":1,""claimTime"":""N=5"",""displayDescriptionOnly"":""1""}",FREE,0.0,,DAILY,,,,0.1963219377772148,1
https://wildngo.net,WILD'N GO,<b>DAY5 FRIDAY</b>,40.0,3520.0,14.85,0.0,88.0,"{""creditLessThan"":0.1,""walletId"":1,""claimTime"":""N=5"",""displayDescriptionOnly"":""1""}",FREE,0.0,,DAILY,,,,0.1956108988461168,1
https://glbet9.com,GLBET9,<b>TGIF FORTUNE FREE BONUS</b>,8.88,800.0,20.0,0.0,90.09,"{""displayDescriptionOnly"":""1"",""mobileAppOnly"":""1"",""startDate"":""2025-01-01"",""creditLessThan"":0.1,""displayAngpaoText"":""1"",""walletId"":1,""changeGameId"":1,""claimTime"":""N=05""}",FREE,0.0,,WEEKLY,,,,0.1897356837345749,1
https://bondi333.com,BONDI333,<b>Daily Free </b>,4.0,300.0,10.0,0.0,75.0,"{""creditLessThan"":0.1,""displayDescriptionOnly"":""1""}",FREE,0.0,,DAILY,,,,0.1786506242356438,1
https://wombats88.com,Wombats88,<B>Daily Free</B>,5.0,488.0,25.0,0.0,97.6,"{""walletId"":1,""changeGameId"":1,""creditLessThan"":0.1,""displayDescriptionOnly"":""1"",""registerDate"":""2023-10-01""}",FREE,0.0,,DAILY,,,,0.1770700527999645,1
https://avg88.com,AVG88 (AUD),DAILY APP FREE CREDIT,5.0,388.0,10.0,0.0,77.6,"{""mobileAppOnly"":""1"",""changeGameId"":1,""displayDescriptionOnly"":""1"",""displayAngpaoText"":""1"",""creditLessThan"":0.1,""walletId"":1}",FREE,0.0,,DAILY,,,,0.1735787275748271,1
https://select777.net,SELECT777,<b>WEDNESDAY</b>,20.0,1910.0,15.01,0.0,95.5,"{""creditLessThan"":0.1,""walletId"":1,""claimTime"":""N=3"",""displayDescriptionOnly"":""1""}",FREE,0.0,,DAILY,,,,0.1694545310344357,1
https://neolux.vip,NEOLUX,"<b style=""color:#686A6C;"">DAY3 WEDNESDAY</b>",20.0,1910.0,15.01,0.0,95.5,"{""creditLessThan"":0.1,""walletId"":1,""claimTime"":""N=3"",""displayDescriptionOnly"":""1""}",FREE,0.0,,DAILY,,,,0.1694545310344357,1
https://wildngo.net,WILD'N GO,<b>DAY3 WEDNESDAY</b>,20.0,1910.0,14.85,0.0,95.5,"{""creditLessThan"":0.1,""walletId"":1,""claimTime"":""N=3"",""displayDescriptionOnly"":""1""}",FREE,0.0,,DAILY,,,,0.168840800495808,1
https://unitedau.com,UnitedAu,<b>Day 1 (Monday),10.0,1000.0,20.33,0.0,100.0,"{""claimTime"":""N=1"",""creditLessThan"":0.1,""mobileAppOnly"":""1"",""walletId"":1,""changeGameId"":1}",FREE,0.0,,WEEKLY,,,,0.1686860937292309,1
https://bunny96.com,Bunny96 (AUD),<b>Telegram Bonus</b>,9.6,960.0,19.6,0.0,100.0,"{""claimGroup"":""tele"",""creditLessThan"":0.1,""displayAngpaoText"":""1"",""displayDescriptionOnly"":""1"",""walletId"":1,""changeGameId"":1,""mustJoinTelegramChannel"":""BUNNY96AU_96"",""showIfAmount"":0}",FREE,0.0,,,,,,0.1663224213795627,1
https://intensityaus.com,Intensity,Free Chips 365 Days,1.0,100.0,30.0,0.0,100.0,"{""startDate"":""2023-04-11"",""creditLessThan"":1}",FREE,0.0,,DAILY,,,,0.1660976426995362,1
https://neolux.vip,NEOLUX,"<b style=""color:#686A6C;"">DAY2 TUESDAY</b>",15.0,1470.0,15.01,0.0,98.0,"{""creditLessThan"":0.1,""walletId"":1,""claimTime"":""N=2"",""displayDescriptionOnly"":""1""}",FREE,0.0,,DAILY,,,,0.1610035448289044,1
https://select777.net,SELECT777,<b>TUESDAY</b>,15.0,1470.0,15.01,0.0,98.0,"{""creditLessThan"":0.1,""walletId"":1,""claimTime"":""N=2"",""displayDescriptionOnly"":""1""}",FREE,0.0,,DAILY,,,,0.1610035448289044,1
https://7pokies.com,7POKIES,Daily Free,5.0,500.0,20.0,0.0,100.0,"{""creditLessThan"":0.1,""displayDescriptionOnly"":""1"",""mobileAppOnly"":""0""}",FREE,0.0,,DAILY,,,,0.1605138898976985,1
https://weplay88.com,WePlay88,"<b style=""color:yellow;"">Offical Partner Free!</b>",5.0,500.0,20.0,0.0,100.0,"{""creditLessThan"":1,""displayDescriptionOnly"":""1"",""walletId"":1,""changeGameId"":1,""displayAngpaoText"":""0""}",FREE,0.0,,DAILY,,,,0.1605138898976985,0
https://aud33.com,AUD33,DAILY FREE,5.0,500.0,20.0,0.0,100.0,"{""displayDescriptionOnly"":""1"",""mobileAppOnly"":""0""}",FREE,0.0,,DAILY,,,,0.1605138898976985,1
https://wildngo.net,WILD'N GO,<b>DAY2 TUESDAY</b>,15.0,1470.0,14.85,0.0,98.0,"{""creditLessThan"":0.1,""walletId"":1,""claimTime"":""N=2"",""displayDescriptionOnly"":""1""}",FREE,0.0,,DAILY,,,,0.1604204220780071,1
https://ozlotto88.com,OZLOTTO88,Daily Free Chip,4.0,400.0,20.0,0.0,100.0,"{""creditLessThan"":0.1,""displayDescriptionOnly"":""1"",""mobileAppOnly"":""0""}",FREE,0.0,,DAILY,,,,0.1583142780738981,1
https://live77bet.com,LiveBet,Hourly Check In Free,3.0,300.0,20.0,0.0,100.0,"{""creditLessThan"":0.1,""mobileAppOnly"":""1"",""walletId"":1,""changeGameId"":1}",FREE,0.0,,HOURLY,,,,0.1556221707745388,1
https://in8.one,IN8,Hourly Free,3.0,300.0,20.0,0.0,100.0,"{""displayDescriptionOnly"":""1"",""creditLessThan"":0.01,""walletId"":1,""changeGameId"":1,""displayAngpaoText"":""0""}",FREE,0.0,,HOURLY,,,,0.1556221707745388,1
https://goldencrown96.com,IPAY7,"<b style=""color:gold"">FREE CREDIT 365DAY </b>",2.0,200.0,20.0,0.0,100.0,"{""walletId"":1,""changeGameId"":1,""displayDescriptionOnly"":""1""}",FREE,0.0,,DAILY,,,,0.1521514408225372,1
https://gembetaus.com,GEM9BET,Daily Login Free,1.99,199.0,20.0,0.0,100.0,"{""creditLessThan"":0.01,""mobileAppOnly"":""0"",""displayAngpaoText"":""1"",""displayDescriptionOnly"":""1"",""startDate"":""2024-05-03"",""walletId"":1,""changeGameId"":1}",FREE,0.0,,DAILY,,,,0.1521111587690528,1
https://auslot7.com,BngWin7,<b>FREE 365 BONUS<b>,50.0,5000.0,10.88,0.0,100.0,"{""displayDescriptionOnly"":""1"",""displayAngpaoText"":""1"",""creditLessThan"":0.1,""walletId"":1,""changeGameId"":1}",FREE,0.0,,DAILY,,,,0.1514676018027986,1
https://i8au.online,I8AU,Daily Login Free,3.8,400.0,20.0,0.0,105.26,"{""creditLessThan"":0.1,""displayDescriptionOnly"":""1""}",FREE,0.0,,DAILY,,,,0.1480203582696975,1
https://lion88.website,LION88,<b>Daily Free</b>,5.0,588.0,21.0,0.0,117.6,"{""walletId"":1,""changeGameId"":1,""displayDescriptionOnly"":""1"",""creditLessThan"":0.1}",FREE,0.0,,DAILY,,,,0.133072788703334,1
https://ezspin68.vip,Ezspin68,<b>Free Chips</b>,9.99,999.0,10.0,0.0,100.0,"{""creditLessThan"":1,""displayDescriptionOnly"":""1"",""mobileAppOnly"":""1"",""walletId"":1,""changeGameId"":1}",FREE,0.0,,DAILY,,,,0.1321732034382585,1
https://mkaus.co,MK Gaming,Free Chips Everyday,1.0,127.0,27.0,0.0,127.0,"{""creditLessThan"":0.5,""mobileAppOnly"":""0"",""displayDescriptionOnly"":""1"",""walletId"":1,""changeGameId"":1}",FREE,0.0,,DAILY,,,,0.1195478563265788,1
https://king88pokies.com,King88,"<b style=""color:#FFD700"">Special Hourly Free</b>",2.88,388.0,20.0,0.0,134.72,"{""creditLessThan"":0.1,""mobileAppOnly"":""1"",""displayAngpaoText"":""1"",""walletId"":1,""changeGameId"":1}",FREE,0.0,,HOURLY,,,,0.1069659863056389,1
https://panda95au.com,Panda95 AU,VIP Monthly Bonus,8.0,50.0,16.0,50.0,6.25,"{""maxWithdrawTimeAmount"":1,""userTag"":{""bonusFixed"":{""VIP"":{""Bronze"":88,""Silver"":188,""Gold"":288,""Platinum"":388,""Diamond"":888}}},""displayDescriptionOnly"":""1""}",FREE,0.0,,MONTHLY,,,,0.10459954188003,1
https://crown69.co,CROWN69,365 Days Free Credit,10.0,1500.0,20.88,0.0,150.0,"{""displayDescriptionOnly"":""1"",""creditLessThan"":0.01,""walletId"":1,""changeGameId"":1}",FREE,0.0,,DAILY,,,,0.1024621226497607,1
https://clubimperioaus.com,Club Imperio Aus,<b>365Days FreeBonus</b>,1.0,138.0,20.0,0.0,138.0,"{""creditLessThan"":0.5,""mobileAppOnly"":""0"",""displayDescriptionOnly"":""1""}",FREE,0.0,,DAILY,,,,0.0984543971738284,1
https://redspin88.com,RedSpin,Daily Free Credit,3.0,50.0,15.0,50.0,16.67,"{""displayAngpaoText"":""1"",""displayDescriptionOnly"":""1"",""walletId"":1,""changeGameId"":1,""creditLessThan"":0.1}",FREE,0.0,,DAILY,,,,0.0963068531704844,1
https://epicpokies.com,EPICPOKIES,<b>DOWNLOAD APPS FREE $10<b>,10.0,1200.0,7.88,0.0,120.0,"{""registerDate"":""2022-01-22"",""creditLessThan"":1,""displayDescriptionOnly"":""1"",""mobileAppOnly"":""1"",""walletId"":1,""changeGameId"":1}",FREE,0.0,,DAILY,,,,0.0958469315179752,1
https://enjoy2aus.com,Enjoy2AUS,<b>Daily Free Chip</b>,1.0,150.0,20.0,0.0,150.0,"{""displayAngpaoText"":""1"",""displayDescriptionOnly"":""1"",""creditLessThan"":0.1,""mobileAppOnly"":""0""}",FREE,0.0,1,DAILY,,,,0.0887094530523904,1
https://reef33.vip,Reef33,<b>Daily Free </b>,3.0,500.0,10.0,0.0,166.67,"{""creditLessThan"":0.1,""displayDescriptionOnly"":""1"",""displayAngpaoText"":""1""}",FREE,0.0,,DAILY,,,,0.0647249262724633,1
https://epicpokies.com,EPICPOKIES,<b> DAILY SOCIAL FREE<b>,10.0,2000.0,10.88,0.0,200.0,"{""displayAngpaoText"":""1"",""displayDescriptionOnly"":""1"",""creditLessThan"":0.1,""registerDate"":""2024-01-01"",""mobileAppOnly"":""0"",""mustJoinTelegramChannel"":""epicpokiesofficial"",""walletId"":1,""changeGameId"":1}",FREE,0.0,,DAILY,,,,0.0573593333308301,1
https://we1winau.com,We1winAU,<b>Daily Free Credit<b>,5.0,50.0,0.05,0.0,10.0,"{""displayDescriptionOnly"":""1"",""displayAngpaoText"":""1"",""creditLessThan"":0.1,""walletId"":1,""changeGameId"":1}",FREE,0.0,,DAILY,,,,0.0457431133345286,0
https://wombats88.com,Wombats88,<b>SHARE BONUS</b>,32.0,640.0,0.1,0.0,20.0,"{""customBonus"":""sharebonus"",""creditLessThan"":0.1,""startDate"":""2024-02-01"",""displayDescriptionOnly"":""1"",""displayAngpaoText"":""1"",""walletId"":1,""changeGameId"":1}",CUSTOM,0.0,,,,,,0.0423842914658832,1
https://epicpokies.com,EPICPOKIES,<b>FREE 365 BONUS<b>,3.0,800.0,5.88,0.0,266.67,"{""creditLessThan"":1,""displayDescriptionOnly"":""1"",""displayAngpaoText"":""1""}",FREE,0.0,,DAILY,,,,0.0289292874733518,1
https://iw99au.com,IW99,<b>MOBILE APP PREE CREDIT</b>,10.0,150.0,0.05,0.0,15.0,"{""creditLessThan"":0.1,""displayDescriptionOnly"":""1"",""walletId"":1,""changeGameId"":1,""mobileAppOnly"":""1""}",FREE,0.0,,DAILY,,,,0.0288110977305321,1
https://zeroaud.com,ZERO,<b>Share Friends Get</b>,3.0,45.0,0.05,0.0,15.0,"{""customBonus"":""sharebonus"",""creditLessThan"":0.1,""startDate"":""2024-02-01"",""displayDescriptionOnly"":""1"",""displayAngpaoText"":""1"",""changeGameId"":1,""walletId"":1}",CUSTOM,0.0,,,,,,0.0267159422195756,1
https://ozreel88.com,OZ REEL88 l,365 FREE,10.0,200.0,10.0,100.0,20.0,"{""creditLessThan"":0.1,""displayDescriptionOnly"":""1"",""walletId"":1,""changeGameId"":1,""displayAngpaoText"":""0""}",FREE,0.0,,DAILY,,,,0.0220303076048542,1
https://1spinnwin.com,1SPIN&WIN,"<b style=""color:#4169e1;"">Free Spin X 100</b>",10.0,100.0,10.0,100.0,10.0,"{""creditLessThan"":0.1,""maxRoundTargetAll"":1,""displayDescriptionOnly"":""1"",""claimTime"":""H=17,H=18""}",FREE,0.0,,DAILY,,,,0.0220303076048542,1
https://speedaud.com,SpeedAUD,BNG FREE SPIN EVERY HOUR !!,0.1,50.0,30.0,0.0,500.0,"{""freeRoundAPI"":{""site"":""WREDGENN2"",""params"":{""game_code"":""dragon_pearls"",""gift"":{""total_bet"":25,""args"":{""type"":""fixed"",""spins"":5}}},""openGame"":{""product"":""1""}},""walletId"":1,""changeGameId"":1,""creditLessThan"":0.1,""displayDescriptionOnly"":""1"",""displayAngpaoText"":""1""}",CUSTOM,0.0,,HOURLY,,,,0.0211271652233614,1
https://cashnet99.com,CASHNET,<b>Hours Free Spin<b>,0.1,50.0,30.0,0.0,500.0,"{""freeRoundAPI"":{""site"":""BNG2"",""params"":{""campaign"":""BNG free spin"",""total_rounds"":5,""game_id"":""496"",""bonus_type"":""FIXED_FREEBET"",""total_bet"":0.2,""round_bet"":0.2}},""displayDescriptionOnly"":""1"",""creditLessThan"":""0.01"",""displayAngpaoText"":""0"",""walletId"":1,""changeGameId"":1,""fixRT"":1}",FREE,0.0,,HOURLY,,,,0.0211271652233614,1
https://skyspin96.co,SKYSPIN96,SHARE BONUS,75.0,37500.0,10.0,0.0,500.0,"{""walletId"":1,""changeGameId"":1,""customBonus"":""sharebonus"",""creditLessThan"":1,""displayDescriptionOnly"":""1""}",CUSTOM,0.0,,,,,,0.0201354821456358,1
https://iw99au.com,IW99,<b>FREE 365 DAYS ALL SLOT<b>,5.0,100.0,0.05,0.0,20.0,"{""displayDescriptionOnly"":""1"",""displayAngpaoText"":""1"",""walletId"":1,""changeGameId"":1}",FREE,0.0,,DAILY,,,,0.0192326100127747,1
https://unitedau.com,UnitedAu,<B>FREE 365</b>,5.0,100.0,0.05,0.0,20.0,"{""creditLessThan"":0.1,""displayDescriptionOnly"":""1"",""displayAngpaoText"":""1""}",FREE,0.0,,DAILY,,,,0.0192326100127747,1
https://vip777au.com,VIP777AU,<b>Free All Slot 365Days</b>,5.0,100.0,0.05,0.0,20.0,"{""creditLessThan"":0.1,""displayDescriptionOnly"":""1""}",FREE,0.0,,DAILY,,,,0.0192326100127747,1
https://cyberpunk369.com,CYBERPUNK369,<b>AEP ALL SLOT </b>,5.0,100.0,0.05,0.0,20.0,"{""displayAngpaoText"":""1"",""displayDescriptionOnly"":""1"",""creditLessThan"":0.1,""registerDate"":""2024-01-01"",""mobileAppOnly"":""0"",""mustJoinTelegramChannel"":""auspokiesentertaintment""}",FREE,0.0,,,,,,0.0192326100127747,1
https://mrpokies77.com,MR.POKIES77,<b>FREE 365</b>,5.0,100.0,0.05,0.0,20.0,"{""creditLessThan"":0.1,""displayDescriptionOnly"":""1"",""displayAngpaoText"":""1""}",FREE,0.0,,DAILY,,,,0.0192326100127747,0
https://spade69.co,SPADE69,365 Days Free Credit,10.0,3000.0,20.88,30.0,300.0,"{""displayDescriptionOnly"":""1"",""creditLessThan"":0.01,""walletId"":1,""changeGameId"":1}",FREE,0.0,,DAILY,,,,0.017232006327094,1
https://redspin88.com,RedSpin,<b>Daily Free Spin<b>,0.1,50.0,10.0,0.0,500.0,"{""freeRoundAPI"":{""site"":""BNG2"",""params"":{""campaign"":""BNG free spin"",""total_rounds"":10,""game_id"":""496"",""bonus_type"":""FIXED_FREEBET"",""total_bet"":0.2,""round_bet"":0.2}},""displayDescriptionOnly"":""1"",""creditLessThan"":""0.01"",""displayAngpaoText"":""0"",""walletId"":1,""changeGameId"":1}",FREE,0.0,,DAILY,,,,0.0147527426865657,1
https://redspin88.com,RedSpin,<b>Hours Free Spin<b>,0.1,50.0,10.0,0.0,500.0,"{""freeRoundAPI"":{""site"":""BNG2"",""params"":{""campaign"":""BNG free spin"",""total_rounds"":5,""game_id"":""496"",""bonus_type"":""FIXED_FREEBET"",""total_bet"":0.2,""round_bet"":0.2}},""displayDescriptionOnly"":""1"",""creditLessThan"":""0.01"",""displayAngpaoText"":""0"",""walletId"":1,""changeGameId"":1}",FREE,0.0,,HOURLY,,,,0.0147527426865657,1
https://weplay88.com,WePlay88,<b> FREE 365 DAY </b>,4.0,100.0,0.05,0.0,25.0,"{""walletId"":1,""changeGameId"":1,""displayDescriptionOnly"":""1""}",FREE,0.0,,DAILY,,,,0.0143518595074907,1
https://onyxaud.com,OnyxAUD,<B>Daily Free</b>,4.0,100.0,0.05,0.0,25.0,"{""walletId"":1,""changeGameId"":1}",FREE,0.0,,DAILY,,,,0.0143518595074907,1
https://speedau.live,SpeedAU,<B>Free 365Days</B>,4.0,100.0,0.05,0.0,25.0,"{""creditLessThan"":0.1,""displayDescriptionOnly"":""1"",""walletId"":1,""changeGameId"":1,""displayAngpaoText"":""1""}",FREE,0.0,,DAILY,,,,0.0143518595074907,1
https://ozreel88.com,OZ REEL88 l,DOWNLOAD APP,18.88,888.0,10.0,188.0,47.03,"{""creditLessThan"":0.1,""displayDescriptionOnly"":""1"",""walletId"":1,""changeGameId"":1,""mobileAppOnly"":""1""}",FREE,0.0,,,,,,0.0060191541145676,1
https://sapphireaud.com,SAPPHIRE,<b>VPLUS Daily Free </b>,2.0,100.0,0.05,0.0,50.0,,FREE,0.0,,DAILY,,,,0.0057993145378897,1
https://onya88.com,ONYA88,365 FREE,10.0,200.0,10.0,200.0,20.0,"{""creditLessThan"":0.1,""displayDescriptionOnly"":""1"",""walletId"":1,""changeGameId"":1}",FREE,0.0,,DAILY,,,,0.0050523290977796,1
https://onya88.com,ONYA88,DOWNLOAD APP,18.88,888.0,10.0,888.0,47.03,"{""creditLessThan"":0.1,""displayDescriptionOnly"":""1"",""walletId"":1,""changeGameId"":1,""mobileAppOnly"":""1""}",FREE,0.0,,,,,,0.0001980131597355,1
https://keno99.com,Keno99,<b>Daily Free Point</b>,3200.0,0.0,15.0,64000.0,0.0,"{""creditLessThan"":1,""mobileAppOnly"":""0"",""walletId"":1,""changeGameId"":1,""displayAngpaoText"":""1"",""displayDescriptionOnly"":""1""}",FREE,0.0,,DAILY,,,,2.0881815322696407e-08,1
