url,name,amount,maxwithdraw,minwithdraw,ratio,rollover,score
keno99.com,DAILY FREE POINT LOSS CREDIT GAME2 3200,3200.0,0.0,0.0,0.0,0.0,320000.0
retro33.com,VIP Loyalty 2,3000.0,0.0,0.0,0.0,1.0,300000.0
blaze007.com,VIP Loyalty 2,3000.0,0.0,0.0,0.0,1.0,300000.0
efa99aus.com,5️⃣⚜️ VVIP FREE,1688.0,0.0,0.0,0.0,0.0,168800.0
retro33.com,VIP Loyalty 1,1500.0,0.0,0.0,0.0,1.0,150000.0
blaze007.com,VIP Loyalty 1,1500.0,0.0,0.0,0.0,1.0,150000.0
v8au.com,V8 VIP BOOSTER 5,1288.0,0.0,0.0,0.0,0.0,128800.0
onyxaud.com,Fresh Sign Up,1288.0,0.0,0.0,0.0,0.0,128800.0
mwaus.co,Lucky Spin AUD 1088,1088.0,0.0,0.0,0.0,8704.0,108800.0
rec99au.com,VIP(6) LOYALTY PROGRAM,1000.0,0.0,0.0,0.0,0.0,100000.0
tab9au.com,7️⃣⚜️ VVIP FREE,999.0,0.0,0.0,0.0,999.0,99900.0
mmd9.net,VI ⚜️ VVIP FREE,996.0,0.0,0.0,0.0,996.0,99600.0
supreme777.com,6️⃣✨ VVIP FREE,977.0,0.0,0.0,0.0,977.0,97700.0
aud365.co,COMMISSION,1.0,888.0,0.0,0.0,0.0,88800.0
iau9.com,Supreme Upgrade Bonus,800.0,0.0,0.0,0.0,800.0,80000.0
enjoy96.com,7️⃣⚜️ VVIP FREE,800.0,0.0,0.0,0.0,800.0,80000.0
v8au.com,V8 VIP BOOSTER 4,788.0,0.0,0.0,0.0,0.0,78800.0
supreme777.com,5️⃣✨ VVIP FREE,777.0,0.0,0.0,0.0,777.0,77700.0
crown777au.com,WEEKLY LOYALTY BONUS,777.0,0.0,0.0,0.0,0.0,77700.0
nightclubaus.com,Weekly Cash Back,688.88,0.0,0.0,0.0,3444.4,68888.0
pokies33au.com,Deposit $100000,688.0,0.0,0.0,0.0,5.0,68800.0
rec99au.com,VIP(5) LOYALTY PROGRAM,600.0,0.0,0.0,0.0,0.0,60000.0
tab9au.com,6️⃣⚜️ VVIP FREE,599.0,0.0,0.0,0.0,599.0,59900.0
mmd9.net,V ⚜️ VVIP FREE,596.0,0.0,0.0,0.0,596.0,59600.0
efa99aus.com,4️⃣⚜️ VVIP FREE,588.0,0.0,0.0,0.0,0.0,58800.0
king88pokies.com,VIP DIAMOND,588.0,0.0,0.0,0.0,588.0,58800.0
thepokies96.com,VIP Diamond,588.0,0.0,0.0,0.0,588.0,58800.0
crown777au.com,WEEKLY LOYALTY BONUS,577.0,0.0,0.0,0.0,0.0,57700.0
onya88.com,VIP DIAMOND,538.88,0.0,0.0,0.0,3233.28,53888.0
ozreel88.com,VVIP DIAMOND,538.88,0.0,0.0,0.0,3233.28,53888.0
gday77au.com,VIP 6♠,500.0,0.0,0.0,0.0,500.0,50000.0
iplay77.com,DIAMOND MEMBER,500.0,0.0,0.0,0.0,500.0,50000.0
dd8au.com,DAILY FREE [LOSS CREDIT],500.0,0.0,0.0,0.0,0.0,50000.0
enjoy96.com,6️⃣⚜️ VVIP FREE,500.0,0.0,0.0,0.0,500.0,50000.0
rec99au.com,VIP(4) LOYALTY PROGRAM,400.0,0.0,0.0,0.0,0.0,40000.0
cr33au.com,Deposit $200 Free,400.0,0.0,0.0,0.0,0.0,40000.0
enjoy96.com,5️⃣⚜️ VVIP FREE,400.0,0.0,0.0,0.0,400.0,40000.0
nightclubaus.com,Weekly Reward III,388.88,0.0,0.0,0.0,3.0,38888.0
pokies33au.com,Depsoit $30000,388.0,0.0,0.0,0.0,5.0,38800.0
fortune88au.com,VIP Upgrade Bonus – Platinum,388.0,0.0,0.0,0.0,3.0,38800.0
crown777au.com,WEEKLY LOYALTY BONUS,377.0,0.0,0.0,0.0,0.0,37700.0
v8au.com,V8 VIP BOOSTER 3,368.0,0.0,0.0,0.0,0.0,36800.0
wombats88.com,Loyalty Ⅵ,322.22,0.0,0.0,0.0,0.0,32222.0
ubet96.com,Cashback Diamond,308.88,0.0,0.0,0.0,308.88,30888.0
v12betau.net,⭐️⭐️ VVIP 3 FREE,300.0,0.0,0.0,0.0,1.0,30000.0
ubet66aus.com,Vip Bonus,300.0,0.0,0.0,0.0,300.0,30000.0
gofun33.com,⭐️ VVIP 6 FREE,300.0,0.0,0.0,0.0,0.0,30000.0
enjoy96.com,4️⃣⚜️ VVIP FREE,300.0,0.0,0.0,0.0,300.0,30000.0
ausbet88.com,LOSSCREDIT MEGA PAYBACK,300.0,0.0,0.0,0.0,0.0,30000.0
nightclubaus.com,Weekly Cash Back,288.88,0.0,0.0,0.0,1444.4,28888.0
efa99aus.com,3️⃣⭐️ VIP FREE,288.0,0.0,0.0,0.0,0.0,28800.0
king88pokies.com,VIP PLATINUM,288.0,0.0,0.0,0.0,288.0,28800.0
thepokies96.com,VIP Platinum,288.0,0.0,0.0,0.0,288.0,28800.0
gday77au.com,VIP 5♠,250.0,0.0,0.0,0.0,250.0,25000.0
iplay77.com,PLATINUM MEMBER,250.0,0.0,0.0,0.0,250.0,25000.0
pokies33au.com,Daily Exclusive For VVIP,233.33,0.0,0.0,0.0,0.0,23333.0
onya88.com,VIP PLATINUM,228.88,0.0,0.0,0.0,1373.28,22888.0
ozreel88.com,VVIP PLATINUM,228.88,0.0,0.0,0.0,1373.28,22888.0
ssv96.com,"Weekly AUD 7,000",228.0,0.0,0.0,0.0,3.0,22800.0
retro33.com,Loyalty Rewards,210.0,0.0,0.0,0.0,0.0,21000.0
ubet96.com,Cashback Platinum,208.88,0.0,0.0,0.0,208.88,20888.0
v12betau.net,⭐️⭐️ VVIP 2 FREE,200.0,0.0,0.0,0.0,1.0,20000.0
rec99au.com,VIP(3) LOYALTY PROGRAM,200.0,0.0,0.0,0.0,0.0,20000.0
keno99.com,DEPOSIT FREE GAME2 LOSS CREDIT,200.0,0.0,0.0,0.0,0.0,20000.0
cr33au.com,Deposit $100 Free,200.0,0.0,0.0,0.0,0.0,20000.0
gofun33.com,⭐️ VVIP 5 FREE,200.0,0.0,0.0,0.0,0.0,20000.0
enjoy96.com,3️⃣⭐️ VIP FREE,200.0,0.0,0.0,0.0,200.0,20000.0
cbr8aus.com,SLOT GAME,200.0,0.0,0.0,0.0,0.0,20000.0
wombats88.com,Loyalty Ⅴ,199.99,0.0,0.0,0.0,0.0,19999.0
tab9au.com,5️⃣⚜️ VVIP FREE,199.0,0.0,0.0,0.0,199.0,19900.0
9au.com,WEEKLY VIP II,199.0,0.0,0.0,0.0,300.0,19900.0
mmd9.net,IV ⚜️ VVIP FREE,196.0,0.0,0.0,0.0,196.0,19600.0
thestar.asia,TheStar Member Free Bonus,188.0,0.0,0.0,0.0,0.0,18800.0
king88pokies.com,VIP GOLD,188.0,0.0,0.0,0.0,188.0,18800.0
mwaus.co,Lucky Spin AUD 188,188.0,0.0,0.0,0.0,1504.0,18800.0
thepokies96.com,VIP Gold,188.0,0.0,0.0,0.0,188.0,18800.0
topcash7.com,SPECIAL RED PACKET A$177,177.0,0.0,0.0,0.0,0.0,17700.0
supreme777.com,4️⃣✨ VVIP FREE,177.0,0.0,0.0,0.0,177.0,17700.0
crown777au.com,WEEKLY LOYALTY BONUS,177.0,0.0,0.0,0.0,0.0,17700.0
cashnet99.com,WEEKLY DEPOSIT 100 TIMES,168.88,0.0,0.0,0.0,2.0,16888.0
ubet96.com,Cashback Gold,168.88,0.0,0.0,0.0,168.88,16888.0
nightclubaus.com,Weekly Reward II,168.88,0.0,0.0,0.0,3.0,16888.0
pokies33au.com,Deposit $10000,168.0,0.0,0.0,0.0,5.0,16800.0
ubet66aus.com,Weekly Bonus,166.66,0.0,0.0,0.0,166.66,16666.0
ubet66aus.com,Vip Bonus,150.0,0.0,0.0,0.0,150.0,15000.0
gday77au.com,VIP 4♠,150.0,0.0,0.0,0.0,150.0,15000.0
iplay77.com,GOLD MEMBER,150.0,0.0,0.0,0.0,150.0,15000.0
ubet96.com,Referral Bonus 4,138.0,0.0,0.0,0.0,1.0,13800.0
cr33au.com,FREE $133 1 MORE TIME,133.0,0.0,0.0,0.0,10.0,13300.0
pokies33au.com,VIP Daily Deposit x30,133.0,0.0,0.0,0.0,266.0,13300.0
pokies33au.com,Daily Deposit,133.0,0.0,0.0,0.0,665.0,13300.0
onya88.com,VIP GOLD,128.88,0.0,0.0,0.0,773.28,12888.0
ozreel88.com,VVIP GOLD,128.88,0.0,0.0,0.0,773.28,12888.0
v8au.com,V8 VIP BOOSTER 2,128.0,0.0,0.0,0.0,0.0,12800.0
king88pokies.com,VIP SILVER,128.0,0.0,0.0,0.0,128.0,12800.0
fortune88au.com,FREE CHIP 128$,128.0,0.0,0.0,0.0,1.0,12800.0
thepokies96.com,VIP Silver,128.0,0.0,0.0,0.0,128.0,12800.0
pp99au.com,VIP2 MONTHLY LOYALTY BONUS (LOSS),119.0,0.0,0.0,0.0,3.0,11900.0
ubet66aus.com,Weekly Bonus,116.66,0.0,0.0,0.0,116.66,11666.0
blaze007.com,Mystery Box 3,107.0,0.0,0.0,0.0,1.0,10700.0
retro33.com,Mystery Box 3,103.0,0.0,0.0,0.0,1.0,10300.0
ispeed88au.com,SOCIAL MEDIA FREE CREDIT,100.0,0.0,0.0,0.0,0.0,10000.0
7pokies.com,Boongo Exclusive III,100.0,0.0,0.0,0.0,0.0,10000.0
gtbet9au.com,WELCOME BONUS,100.0,0.0,0.0,0.0,3.0,10000.0
v12betau.net,⭐️⭐️ VVIP 1 FREE,100.0,0.0,0.0,0.0,1.0,10000.0
ubet66aus.com,WFGaming FREE 100,100.0,0.0,0.0,0.0,1.0,10000.0
ubet66aus.com,Vip Bonus,100.0,0.0,0.0,0.0,100.0,10000.0
richman96.com,WELCOME BACK FREE,100.0,0.0,0.0,0.0,0.0,10000.0
gday77au.com,VIP 3♠,100.0,0.0,0.0,0.0,100.0,10000.0
cr33au.com,Deposit $50 Free,100.0,0.0,0.0,0.0,0.0,10000.0
iplay77.com,SILVER MEMBER,100.0,0.0,0.0,0.0,100.0,10000.0
live77bet.com,Welcome Monthly Back Free,100.0,0.0,0.0,0.0,0.0,10000.0
me99aud.com,Daily Easy Step Bonus loss credit,100.0,0.0,0.0,0.0,0.0,10000.0
gofun33.com,⭐️ VVIP 4 FREE,100.0,0.0,0.0,0.0,0.0,10000.0
cbr8aus.com,LIVE GAME,100.0,0.0,0.0,0.0,0.0,10000.0
cbr8aus.com,Welcome Bonus,100.0,0.0,0.0,0.0,0.0,10000.0
speedaud.com,WELCOME BONUS,100.0,0.0,0.0,0.0,0.0,10000.0
legit99.com,SPECIAL BONUS 100%,100.0,0.0,0.0,0.0,3.0,10000.0
wombats88.com,Loyalty Ⅳ,99.99,0.0,0.0,0.0,0.0,9999.0
tab9au.com,4️⃣⚜️ VVIP FREE,99.0,0.0,0.0,0.0,99.0,9900.0
9au.com,WEEKLY VIP,99.0,0.0,0.0,0.0,200.0,9900.0
supreme777.com,3️⃣⭐️ VIP FREE,97.0,0.0,0.0,0.0,97.0,9700.0
mmd9.net,III ⭐️ VIP FREE,96.0,0.0,0.0,0.0,96.0,9600.0
kaboom77.com,Birthday Bonus,90.0,0.0,0.0,0.0,0.0,9000.0
onya88.com,VIP SILVER,88.88,0.0,0.0,0.0,533.28,8888.0
intensityaus.com,Extra Money No.6 (Daily),88.88,0.0,0.0,0.0,0.0,8888.0
nightclubaus.com,Weekly Cash Back,88.88,0.0,0.0,0.0,444.4,8888.0
ozreel88.com,VVIP SILVER,88.88,0.0,0.0,0.0,533.28,8888.0
spinking.co,Birthday Bonus,88.0,0.0,0.0,0.0,0.0,8800.0
v8au.com,BIRTHDAY BONUS,88.0,0.0,0.0,0.0,0.0,8800.0
raabet9.com,Birthday Bonus,88.0,0.0,0.0,0.0,0.0,8800.0
methking.com,Birthday Bonus,88.0,0.0,0.0,0.0,0.0,8800.0
keno99.com,TELEGRAM BONUS 2,88.0,0.0,0.0,0.0,299.0,8800.0
slotmate88.com,Birthday Bonus,88.0,0.0,0.0,0.0,0.0,8800.0
cuntwin.com,Birthday Bonus,88.0,0.0,0.0,0.0,0.0,8800.0
fuckingmeth.com,Birthday Bonus,88.0,0.0,0.0,0.0,0.0,8800.0
pokies33au.com,Depsoit $3000,88.0,0.0,0.0,0.0,5.0,8800.0
fortune88au.com,VIP Upgrade Bonus – Gold,88.0,0.0,0.0,0.0,3.0,8800.0
fortune88au.com,FREE CHIP 88$,88.0,0.0,0.0,0.0,1.0,8800.0
fortune88au.com,LOSE CREDIT FREE CHIP 58$,88.0,0.0,0.0,0.0,1.0,8800.0
mwaus.co,Lucky Spin AUD 88,88.0,0.0,0.0,0.0,704.0,8800.0
ausbet88.com,LOSSCREDIT,88.0,0.0,0.0,0.0,20.0,8800.0
deespin.com,Birthday Bonus,88.0,0.0,0.0,0.0,0.0,8800.0
truewin77.com,EXCLUSIVE FREEBIE,87.77,0.0,0.0,0.0,0.0,8777.0
blaze007.com,Mystery Box 2,87.0,0.0,0.0,0.0,1.0,8700.0
megabet26.com,VIP Weekly FREE ⭐️⭐️⭐️,86.99,0.0,0.0,0.0,869.9,8699.0
retro33.com,Mystery Box 2,83.0,0.0,0.0,0.0,1.0,8300.0
pokies33au.com,VIP Daily Deposit x15,83.0,0.0,0.0,0.0,166.0,8300.0
nightclubaus.com,Weekly Reward I,80.88,0.0,0.0,0.0,3.0,8088.0
aucloud9.com,MAY WELCOME BACK BONUS,80.0,0.0,0.0,0.0,0.0,8000.0
king88pokies.com,Welcome Bonus,80.0,0.0,0.0,0.0,0.0,8000.0
cashnet99.com,Welcome Bonus 80%,80.0,0.0,0.0,0.0,0.0,8000.0
i8au.online,Mini Game Reward - Free Credit AUD80,80.0,0.0,0.0,0.0,0.0,8000.0
cashnet99.com,WEEKLY DEPOSIT 50 TIMES,78.88,0.0,0.0,0.0,2.0,7888.0
topcash7.com,SPECIAL RED PACKET A$77,77.0,0.0,0.0,0.0,0.0,7700.0
topcash7.com,FREE SPIN A$77,77.0,0.0,0.0,0.0,0.0,7700.0
truewin77.com,IMPERIUM XCLUSIVE,77.0,0.0,0.0,0.0,0.0,7700.0
megabet26.com,VIP Weekly FREE ⭐️⭐️,76.99,0.0,0.0,0.0,769.9,7699.0
7pokies.com,Mini Game Reward - Free Credit AUD76,76.0,0.0,0.0,0.0,0.0,7600.0
9au.com,10AM BOOST,70.0,0.0,0.0,0.0,5.0,7000.0
betworld96au.com,"ᴅᴇᴘᴏꜱɪᴛ ᴀᴜᴅ1,000",70.0,0.0,0.0,0.0,70.0,7000.0
in8.one,Rescue Bonus Tier 3,70.0,0.0,0.0,0.0,0.0,7000.0
enjoy96.com,2️⃣⭐️ VIP FREE,70.0,0.0,0.0,0.0,70.0,7000.0
onya88.com,DAILY DEPOSIT $1000,68.88,0.0,0.0,0.0,344.4,6888.0
ozreel88.com,VIP PLATINUM,68.88,0.0,0.0,0.0,344.4,6888.0
unitedau.com,Day 7 (Sunday),68.0,0.0,0.0,0.0,0.0,6800.0
pokies33au.com,Daily Deposit,68.0,0.0,0.0,0.0,340.0,6800.0
ubet96.com,Referral Bonus 3,68.0,0.0,0.0,0.0,2.0,6800.0
mwaus.co,Lucky Spin AUD 68,68.0,0.0,0.0,0.0,544.0,6800.0
jw8au.com,VIP MEMBER MONTHLY FREE #C,68.0,0.0,0.0,0.0,0.0,6800.0
blaze007.com,Mystery Box 1,67.0,0.0,0.0,0.0,1.0,6700.0
megabet26.com,VIP Weekly FREE ⭐️,66.99,0.0,0.0,0.0,669.9,6699.0
ubet66aus.com,Weekly Bonus,66.66,0.0,0.0,0.0,66.66,6666.0
intensityaus.com,New Player FREE Pm Live Chat,66.33,0.0,0.0,0.0,0.0,6633.0
cr33au.com,Loss Credit for free kiosk,63.33,0.0,0.0,0.0,0.0,6333.0
retro33.com,Mystery Box 1,63.0,0.0,0.0,0.0,1.0,6300.0
rec99au.com,VIP(2) LOYALTY PROGRAM,60.0,0.0,0.0,0.0,0.0,6000.0
aucloud9.com,MAY WELCOME BACK BONUS,59.0,0.0,0.0,0.0,0.0,5900.0
efa99aus.com,2️⃣⭐️ VIP FREE,59.0,0.0,0.0,0.0,0.0,5900.0
fortune88au.com,Subscribe Bonus,58.88,0.0,0.0,0.0,1.0,5888.0
cashnet99.com,DAILY DEPOSIT 30 TIMES,58.88,0.0,0.0,0.0,1.0,5888.0
king88pokies.com,VIP BRONZE,58.0,0.0,0.0,0.0,58.0,5800.0
fortune88au.com,FREE CHIP 58$,58.0,0.0,0.0,0.0,1.0,5800.0
truewin77.com,EXCLUSIVE FREEBIE,57.77,0.0,0.0,0.0,0.0,5777.0
live77bet.com,Welcome Monthly Back Free,57.0,0.0,0.0,0.0,0.0,5700.0
auwin7.com,DAILY CHECK IN DAY7,56.88,0.0,0.0,0.0,0.0,5688.0
wombats88.com,Loyalty Ⅲ,53.33,0.0,0.0,0.0,0.0,5333.0
ubet96.com,Cashback Silver,50.88,0.0,0.0,0.0,50.88,5088.0
nightclubaus.com,Daily Reward III,50.88,0.0,0.0,0.0,152.64,5088.0
spinking.co,Welcome Bonus Deposit,50.0,0.0,0.0,0.0,3.0,5000.0
v8au.com,CASINO STARTER PACK,50.0,0.0,0.0,0.0,0.0,5000.0
v8au.com,SPORT STARTER PACK,50.0,0.0,0.0,0.0,0.0,5000.0
mrpay9.com,Imperium&Vp Weekly,50.0,0.0,0.0,0.0,0.0,5000.0
7pokies.com,Boongo Exclusive II,50.0,0.0,0.0,0.0,0.0,5000.0
kangaroo88.com,WELCOME BONUS I,50.0,0.0,0.0,0.0,0.0,5000.0
kangaroo88.com,WELCOME BONUS II,50.0,0.0,0.0,0.0,0.0,5000.0
aucloud9.com,IMPERIUM Event Game,50.0,0.0,0.0,0.0,0.0,5000.0
aucloud9.com,Facebook Free,50.0,0.0,0.0,0.0,0.0,5000.0
aucloud9.com,100% SLOT WELCOME BONUS,50.0,0.0,0.0,0.0,0.0,5000.0
thestar.asia,Monthly Rejoin Bonus,50.0,0.0,0.0,0.0,5.0,5000.0
methking.com,Welcome Bonus II 50%,50.0,0.0,0.0,0.0,3.0,5000.0
king88pokies.com,VP & Imperium Weekly,50.0,0.0,0.0,0.0,0.0,5000.0
ubet66aus.com,VVVIP DAILY FREE,50.0,0.0,0.0,0.0,1.0,5000.0
ubet66aus.com,WFGaming FREE 50,50.0,0.0,0.0,0.0,1.0,5000.0
ubet66aus.com,Welcome Bonus 150%,50.0,0.0,0.0,0.0,2.0,5000.0
ubet66aus.com,Vip Bonus,50.0,0.0,0.0,0.0,50.0,5000.0
richman96.com,Facebook Free,50.0,0.0,0.0,0.0,0.0,5000.0
richman96.com,WELCOME BONUS 100%,50.0,0.0,0.0,0.0,0.0,5000.0
richman96.com,WELCOME BACK FREE,50.0,0.0,0.0,0.0,0.0,5000.0
9au.com,WEEKEND BOOST,50.0,0.0,0.0,0.0,3.0,5000.0
9au.com,10PM BOOST,50.0,0.0,0.0,0.0,5.0,5000.0
gday77au.com,VIP 2♠,50.0,0.0,0.0,0.0,50.0,5000.0
crown777au.com,WELCOME BONUS,50.0,0.0,0.0,0.0,0.0,5000.0
live77bet.com,IMPERIUM Event Game,50.0,0.0,0.0,0.0,0.0,5000.0
live77bet.com,Facebook Free,50.0,0.0,0.0,0.0,0.0,5000.0
live77bet.com,100% SLOT WELCOME BONUS,50.0,0.0,0.0,0.0,0.0,5000.0
wombats88.com,$800 Daily Objective,50.0,0.0,0.0,0.0,0.0,5000.0
pokies33au.com,Welcome Bonus 100%,50.0,0.0,0.0,0.0,0.0,5000.0
cashnet99.com,Welcome Bonus 50%,50.0,0.0,0.0,0.0,0.0,5000.0
v6aus.com,⭐️⭐️ᴠɪᴘ⭐️⭐️⭐️,50.0,0.0,0.0,0.0,0.0,5000.0
ubet96.com,Welcome Bonus 100%,50.0,0.0,0.0,0.0,0.0,5000.0
in8.one,Rescue Bonus Tier 2,50.0,0.0,0.0,0.0,0.0,5000.0
intensityaus.com,Welcome Bonus (Slots),50.0,0.0,0.0,0.0,0.0,5000.0
intensityaus.com,Welcome Bonus (Live),50.0,0.0,0.0,0.0,0.0,5000.0
icebet888.com,Slot Welcome Bonus 50%,50.0,0.0,0.0,0.0,0.0,5000.0
icebet888.com,Live Casino Welcome Bonus 50%,50.0,0.0,0.0,0.0,20.0,5000.0
koala88.co,WELCOME BONUS I,50.0,0.0,0.0,0.0,0.0,5000.0
koala88.co,WELCOME BONUS II,50.0,0.0,0.0,0.0,0.0,5000.0
deespin.com,Welcome Bonus Deposit II,50.0,0.0,0.0,0.0,3.0,5000.0
nightclubaus.com,Daily Facebook Step,50.0,0.0,0.0,0.0,0.0,5000.0
nightclubaus.com,Welcome Bonus,50.0,0.0,0.0,0.0,0.0,5000.0
weplay88.com,Day 7 loss,50.0,0.0,0.0,0.0,0.0,5000.0
bk8au.online,Mini Game Reward - Free Credit AUD50,50.0,0.0,0.0,0.0,0.0,5000.0
auwin7.com,Lucky Free Spin,50.0,0.0,0.0,0.0,50.0,5000.0
speedaud.com,SPECIAL 50$ TURNOVER X3 ONLY,50.0,0.0,0.0,0.0,3.5,5000.0
onyxaud.com,Day 7 loss,50.0,0.0,0.0,0.0,0.0,5000.0
race96.com,SUNDAY,50.0,0.0,0.0,0.0,5.0,5000.0
megabet26.com,Welcome Bonus I,50.0,0.0,0.0,0.0,18.0,5000.0
intensityaus.com,Extra Money No.5 (Daily),46.88,0.0,0.0,0.0,0.0,4688.0
unitedau.com,Day 6 (Saturday),45.0,0.0,0.0,0.0,0.0,4500.0
tab968.com,Day 6 (Saturday),45.0,0.0,0.0,0.0,0.0,4500.0
weplay88.com,Day 6 loss,45.0,0.0,0.0,0.0,0.0,4500.0
onyxaud.com,Day 6 loss,45.0,0.0,0.0,0.0,0.0,4500.0
ubet66aus.com,Daily Mission,40.66,0.0,0.0,0.0,0.0,4066.0
mee88aus.com,200x6 Stack,40.0,0.0,0.0,0.0,0.0,4000.0
unitedau.com,Day 5 (Friday),40.0,0.0,0.0,0.0,0.0,4000.0
iau9.com,Supreme Weekend Free⭐️⭐️⭐️⭐️,40.0,0.0,0.0,0.0,40.0,4000.0
tab968.com,Day 5 (Friday),40.0,0.0,0.0,0.0,0.0,4000.0
weplay88.com,Day 5 loss,40.0,0.0,0.0,0.0,0.0,4000.0
onyxaud.com,Day 5 loss,40.0,0.0,0.0,0.0,0.0,4000.0
keno99.com,DEPOSIT FREE GAME2 LOSS CREDIT,39.99,0.0,0.0,0.0,0.0,3999.0
tab9au.com,3️⃣⭐️ VIP FREE,39.9,0.0,0.0,0.0,39.9,3990.0
richman96.com,DAILY DEPOSIT MISSION,39.0,0.0,0.0,0.0,0.0,3900.0
v8au.com,DAILY ROLLERS 5,38.88,0.0,0.0,0.0,0.0,3888.0
onya88.com,DAILY DEPOSIT $500,38.88,0.0,0.0,0.0,194.4,3888.0
aus88win.com,VVIP II,38.88,0.0,0.0,0.0,116.64,3888.0
ausbet88.com,LOSSCREDIT AUSSIE FREE,38.88,0.0,0.0,0.0,0.0,3888.0
ozreel88.com,VIP GOLD,38.88,0.0,0.0,0.0,194.4,3888.0
v8au.com,V8 VIP BOOSTER 1,38.0,0.0,0.0,0.0,0.0,3800.0
aucloud9.com,Daily Deposit Mission III,38.0,0.0,0.0,0.0,0.0,3800.0
king88pokies.com,VPower & Imperium 3rd,38.0,0.0,0.0,0.0,0.0,3800.0
king88pokies.com,VIP BASIC,38.0,0.0,0.0,0.0,38.0,3800.0
pokies33au.com,Deposit $1000,38.0,0.0,0.0,0.0,5.0,3800.0
mwaus.co,Lucky Spin AUD 38,38.0,0.0,0.0,0.0,304.0,3800.0
mrbean9.com,Sosial media 38,38.0,0.0,0.0,0.0,0.0,3800.0
thepokies96.com,VIP Basic,38.0,0.0,0.0,0.0,38.0,3800.0
crown777au.com,DAILY TARGET BONUS,37.77,0.0,0.0,0.0,0.0,3777.0
live77bet.com,RED ENVELOPE 100X5,37.77,0.0,0.0,0.0,1.0,3777.0
topcash7.com,SPECIAL RED PACKET A$37,37.0,0.0,0.0,0.0,0.0,3700.0
topcash7.com,FREE SPIN A$37,37.0,0.0,0.0,0.0,0.0,3700.0
supreme777.com,2️⃣⭐️ VIP FREE,37.0,0.0,0.0,0.0,37.0,3700.0
live77bet.com,Daily Deposit Mission III,37.0,0.0,0.0,0.0,0.0,3700.0
auwin7.com,DAILY CHECK IN DAY5,36.88,0.0,0.0,0.0,0.0,3688.0
ubet66aus.com,Weekly Bonus,36.66,0.0,0.0,0.0,36.66,3666.0
mmd9.net,II ⭐️ VIP FREE,36.0,0.0,0.0,0.0,36.0,3600.0
unitedau.com,Day 4 (Thursday),35.0,0.0,0.0,0.0,0.0,3500.0
v12betau.net,⭐️ VIP 3 FREE,35.0,0.0,0.0,0.0,1.0,3500.0
pokies4bet.com,SPECIAL DAILY QUEST,35.0,0.0,0.0,0.0,0.0,3500.0
gofun33.com,⭐️ VIP 3 FREE,35.0,0.0,0.0,0.0,0.0,3500.0
tab968.com,Day 4 (Thursday),35.0,0.0,0.0,0.0,0.0,3500.0
truewin77.com,IMPERIUM WEEKLY,35.0,0.0,0.0,0.0,0.0,3500.0
weplay88.com,Day 4 loss,35.0,0.0,0.0,0.0,0.0,3500.0
mrbean9.com,TPA Share 35,35.0,0.0,0.0,0.0,0.0,3500.0
onyxaud.com,Day 4 loss,35.0,0.0,0.0,0.0,0.0,3500.0
richman96.com,DAILY DEPOSIT 50x10,33.66,0.0,0.0,0.0,0.0,3366.0
cr33au.com,Special Free 33AUD,33.0,0.0,0.0,0.0,330.0,3300.0
pokies33au.com,VIP Daily Deposit x5,33.0,0.0,0.0,0.0,66.0,3300.0
intensityaus.com,Facebook Sharing,33.0,0.0,0.0,0.0,0.0,3300.0
intensityaus.com,Telegram Invitation,33.0,0.0,0.0,0.0,0.0,3300.0
truewin77.com,TRULY SPECIAL III,33.0,0.0,0.0,0.0,0.0,3300.0
ubet96.com,Cashback Rescue,30.88,0.0,0.0,0.0,0.0,3088.0
spinking.co,Referral Bonus,30.0,0.0,0.0,0.0,0.0,3000.0
astar77au.com,JILI UNLIMITED TASKS,30.0,0.0,0.0,0.0,0.0,3000.0
mee88aus.com,200x4 Stack,30.0,0.0,0.0,0.0,0.0,3000.0
raabet9.com,Referral Bonus,30.0,0.0,0.0,0.0,0.0,3000.0
mrpay9.com,Imperium&Vp Daily,30.0,0.0,0.0,0.0,0.0,3000.0
sapphireaud.com,⚠️Loss Credit AngPao⚠️,30.0,0.0,0.0,0.0,0.0,3000.0
methking.com,Welcome Bonus I 30%,30.0,0.0,0.0,0.0,3.0,3000.0
methking.com,Referral Bonus,30.0,0.0,0.0,0.0,0.0,3000.0
spinfortune777.com,Daily Deposit 50 x 2,30.0,0.0,0.0,0.0,0.0,3000.0
rec99au.com,VIP(1) LOYALTY PROGRAM,30.0,0.0,0.0,0.0,0.0,3000.0
king88pokies.com,Weekend Bonus,30.0,0.0,0.0,0.0,0.0,3000.0
ubet66aus.com,WFGaming FREE 30,30.0,0.0,0.0,0.0,1.0,3000.0
ubet66aus.com,Referral Bonus,30.0,0.0,0.0,0.0,2.0,3000.0
ubet66aus.com,Rejoin Bonus 2,30.0,0.0,0.0,0.0,2.0,3000.0
ubet66aus.com,Vip Bonus,30.0,0.0,0.0,0.0,30.0,3000.0
uap66.com,Appreciation 30,30.0,0.0,0.0,0.0,0.0,3000.0
slotmate88.com,Imperium Bonus 30%,30.0,0.0,0.0,0.0,3.0,3000.0
slotmate88.com,Referral Bonus,30.0,0.0,0.0,0.0,0.0,3000.0
gday77au.com,VIP 1♠,30.0,0.0,0.0,0.0,30.0,3000.0
cuntwin.com,Referral Bonus,30.0,0.0,0.0,0.0,0.0,3000.0
betmeth.com,Referral Bonus,30.0,0.0,0.0,0.0,0.0,3000.0
fuckingmeth.com,Referral Bonus,30.0,0.0,0.0,0.0,0.0,3000.0
pokies33au.com,Daily Bonus,30.0,0.0,0.0,0.0,0.0,3000.0
pokies33au.com,Daily Depsoit,30.0,0.0,0.0,0.0,150.0,3000.0
wildspin24.com,LOSS FREE,30.0,0.0,0.0,0.0,0.0,3000.0
in8.one,Rescue Bonus Tier 1,30.0,0.0,0.0,0.0,0.0,3000.0
enjoy96.com,1️⃣⭐️ VIP FREE,30.0,0.0,0.0,0.0,30.0,3000.0
deespin.com,Referral Bonus,30.0,0.0,0.0,0.0,0.0,3000.0
weplay88.com,New Register Free,30.0,0.0,0.0,0.0,0.0,3000.0
legit99.com,Referral Bonus,30.0,0.0,0.0,0.0,0.0,3000.0
tab9au.com,2️⃣⭐️ VIP FREE,29.9,0.0,0.0,0.0,29.9,2990.0
aucloud9.com,MAY WELCOME BACK BONUS,29.0,0.0,0.0,0.0,0.0,2900.0
richman96.com,DAILY DEPOSIT MISSION,29.0,0.0,0.0,0.0,0.0,2900.0
aucloud9.com,REWARD 100 x5,28.99,0.0,0.0,0.0,0.0,2899.0
icebet888.com,Daily Achievement V2,28.88,0.0,0.0,0.0,0.0,2888.0
nightclubaus.com,Twitter Step,28.88,0.0,0.0,0.0,0.0,2888.0
v8au.com,SPECIAL CHUCK IN!,28.0,0.0,0.0,0.0,0.0,2800.0
king88pokies.com,VPower & Imperium 2nd,28.0,0.0,0.0,0.0,0.0,2800.0
fortune88au.com,VIP Upgrade Bonus – Silver,28.0,0.0,0.0,0.0,3.0,2800.0
ubet96.com,A1 IMPERIUM,28.0,0.0,0.0,0.0,0.0,2800.0
ubet96.com,First daily bonus,28.0,0.0,0.0,0.0,0.0,2800.0
mrbean9.com,Telegram Bonus 28,28.0,0.0,0.0,0.0,0.0,2800.0
crown777au.com,DAILY TARGET BONUS,27.77,0.0,0.0,0.0,0.0,2777.0
truewin77.com,EXCLUSIVE FREEBIE,27.77,0.0,0.0,0.0,0.0,2777.0
topcash7.com,SPECIAL RED PACKET A$27,27.0,0.0,0.0,0.0,0.0,2700.0
topcash7.com,FREE SPIN A$27,27.0,0.0,0.0,0.0,0.0,2700.0
truewin77.com,TRULY SPECIAL II,27.0,0.0,0.0,0.0,0.0,2700.0
intensityaus.com,Extra Money No.4 (Daily),26.88,0.0,0.0,0.0,0.0,2688.0
ubet66aus.com,Daily Mission,26.66,0.0,0.0,0.0,0.0,2666.0
wombats88.com,Loyalty Ⅱ,26.66,0.0,0.0,0.0,0.0,2666.0
richman96.com,IMPERIUM Tycoon,26.0,0.0,0.0,0.0,0.0,2600.0
mee88aus.com,100x6 Stack,25.0,0.0,0.0,0.0,0.0,2500.0
v12betau.net,⭐️ VIP 2 FREE,25.0,0.0,0.0,0.0,1.0,2500.0
betworld96au.com,VIP GOLD,25.0,0.0,0.0,0.0,25.0,2500.0
wombats88.com,$300 Daily Objective,25.0,0.0,0.0,0.0,0.0,2500.0
pokies33au.com,IMPERIUM,25.0,0.0,0.0,0.0,0.0,2500.0
cashnet99.com,Daily First 25%,25.0,0.0,0.0,0.0,0.0,2500.0
v6aus.com,⭐️ᴠɪᴘ⭐️⭐️⭐️,25.0,0.0,0.0,0.0,0.0,2500.0
gofun33.com,⭐️ VIP 2 FREE,25.0,0.0,0.0,0.0,0.0,2500.0
truewin77.com,IMPERIUM DAILY,25.0,0.0,0.0,0.0,0.0,2500.0
class777.com,MONDAY VIP II FREE,25.0,0.0,0.0,0.0,25.0,2500.0
winx96.com,ᴍᴏɴᴅᴀʏ ᴠɪᴘ Ⅲ ꜰʀᴇᴇ,25.0,0.0,0.0,0.0,25.0,2500.0
megabet26.com,Daily Deposit 500 Bonus,25.0,0.0,0.0,0.0,0.0,2500.0
cr33au.com,Daily Free Points,3200.0,15.0,64000.0,20.0,0.0,2400.0
ubet96.com,Cashback Gold,23.88,0.0,0.0,0.0,0.0,2388.0
pokies33au.com,Deposit $500,23.0,0.0,0.0,0.0,5.0,2300.0
ubet66aus.com,Daily Mission,22.66,0.0,0.0,0.0,0.0,2266.0
v12betau.net,Daily Slot Bonus,22.0,0.0,0.0,0.0,0.0,2200.0
mrwin68.com,REGISTER FREE,21.0,0.0,0.0,0.0,0.0,2100.0
live77bet.com,RED ENVELOPE 60X5,20.88,0.0,0.0,0.0,1.0,2088.0
ubet96.com,Cashback Diamond,20.88,0.0,0.0,0.0,0.0,2088.0
nightclubaus.com,Daily Reward II,20.88,0.0,0.0,0.0,62.64,2088.0
luxe66.com,Special Bonus,20.0,0.0,0.0,0.0,0.0,2000.0
mee88aus.com,100x4 Stack,20.0,0.0,0.0,0.0,0.0,2000.0
mee88aus.com,200x2 Stack,20.0,0.0,0.0,0.0,0.0,2000.0
dolphin88.co,Weekly Facebook,20.0,0.0,0.0,0.0,0.0,2000.0
7pokies.com,Boongo Exclusive I,20.0,0.0,0.0,0.0,0.0,2000.0
kangaroo88.com,Boxing Round 1️⃣20 Free,20.0,0.0,0.0,0.0,6.0,2000.0
unitedau.com,Day 3 (Wednesday),20.0,0.0,0.0,0.0,0.0,2000.0
methking.com,Daily First Deposit 20%,20.0,0.0,0.0,0.0,4.0,2000.0
king88pokies.com,Daily 1st Bonus,20.0,0.0,0.0,0.0,0.0,2000.0
ubet66aus.com,Rejoin Bonus,20.0,0.0,0.0,0.0,2.0,2000.0
uap66.com,Appreciation 20,20.0,0.0,0.0,0.0,0.0,2000.0
richman96.com,IMPERIUM Master,20.0,0.0,0.0,0.0,0.0,2000.0
richman96.com,DAILY FIRST DEPOSIT BONUS,20.0,0.0,0.0,0.0,0.0,2000.0
richman96.com,WELCOME BACK FREE,20.0,0.0,0.0,0.0,0.0,2000.0
slotmate88.com,Daily First Deposit 20%,20.0,0.0,0.0,0.0,4.0,2000.0
crown777au.com,DAILY BONUS,20.0,0.0,0.0,0.0,0.0,2000.0
pokies4bet.com,SPECIAL DAILY QUEST,20.0,0.0,0.0,0.0,0.0,2000.0
pokies4bet.com,DAILY FIRST DEPOSIT,20.0,0.0,0.0,0.0,0.0,2000.0
betmeth.com,Daily First Deposit 20%,20.0,0.0,0.0,0.0,4.0,2000.0
me99aud.com,Join Random Free Credit,20.0,0.0,0.0,0.0,0.0,2000.0
pokies33au.com,Get Free,20.0,0.0,0.0,0.0,0.0,2000.0
ubet96.com,Daily Free,20.0,0.0,0.0,0.0,0.0,2000.0
ubet96.com,Twitter Bonus,20.0,0.0,0.0,0.0,0.0,2000.0
tab968.com,Day 3 (Wednesday),20.0,0.0,0.0,0.0,0.0,2000.0
intensityaus.com,Daily Special 1st (Slots),20.0,0.0,0.0,0.0,0.0,2000.0
intensityaus.com,Daily Special 2nd (Slots),20.0,0.0,0.0,0.0,0.0,2000.0
icebet888.com,Daily Bonus 20%,20.0,0.0,0.0,0.0,4.0,2000.0
nightclubaus.com,Active Free,20.0,0.0,0.0,0.0,0.0,2000.0
nightclubaus.com,Daily Bonus,20.0,0.0,0.0,0.0,0.0,2000.0
weplay88.com,Day 3 loss,20.0,0.0,0.0,0.0,0.0,2000.0
mrbean9.com,Join Random Free Credit,20.0,0.0,0.0,0.0,0.0,2000.0
onyxaud.com,Day 3 loss,20.0,0.0,0.0,0.0,0.0,2000.0
megabet26.com,Daily First,20.0,0.0,0.0,0.0,0.0,2000.0
megabet26.com,Daily Deposit 400 Bonus,20.0,0.0,0.0,0.0,0.0,2000.0
tab9au.com,1️⃣⭐️ VIP FREE,19.9,0.0,0.0,0.0,19.9,1990.0
mrbean9.com,50Aud per 3 receipt Voucher (LOSS CREDIT),19.33,0.0,0.0,0.0,0.0,1933.0
super996.com,LOSSCREDIT MC,19.0,0.0,0.0,0.0,20.0,1900.0
richman96.com,DAILY DEPOSIT MISSION,19.0,0.0,0.0,0.0,0.0,1900.0
keno99.com,EXCLUSIVE FREE $19,19.0,0.0,0.0,0.0,190.0,1900.0
aucloud9.com,REWARD 50 x5,18.99,0.0,0.0,0.0,0.0,1899.0
avg88.com,SHARE BONUS (LOSSCREDIT),18.88,0.0,0.0,0.0,0.0,1888.0
v8au.com,DAILY ROLLERS 4,18.88,0.0,0.0,0.0,0.0,1888.0
rec99au.com,JOIN & INVITE BONUS,18.88,0.0,0.0,0.0,0.0,1888.0
onya88.com,DAILY DEPOSIT $300,18.88,0.0,0.0,0.0,94.4,1888.0
aus88win.com,VVIP I,18.88,0.0,0.0,0.0,56.64,1888.0
cashnet99.com,DAILY DEPOSIT 10 TIMES,18.88,0.0,0.0,0.0,1.0,1888.0
icebet888.com,Daily Achievement V1,18.88,0.0,0.0,0.0,100.0,1888.0
nightclubaus.com,Mission Telegram Bot,18.88,0.0,0.0,0.0,0.0,1888.0
ozreel88.com,VIP SILVER,18.88,0.0,0.0,0.0,94.4,1888.0
v8au.com,AMOPAY TREATS,18.0,0.0,0.0,0.0,3.0,1800.0
mee88aus.com,100x2 Stack,18.0,0.0,0.0,0.0,0.0,1800.0
bigboss88.vip,SOCIAL SHARING FREE CHIPS,18.0,0.0,0.0,0.0,0.0,1800.0
aucloud9.com,Daily Deposit Mission II,18.0,0.0,0.0,0.0,0.0,1800.0
v12betau.net,Daily Slot Bonus,18.0,0.0,0.0,0.0,0.0,1800.0
king88pokies.com,VPower & Imperium 1st,18.0,0.0,0.0,0.0,0.0,1800.0
cr33au.com,WhatsApp Join Community,18.0,0.0,0.0,0.0,0.0,1800.0
kingpower365.com,Exclusive VPower Get,18.0,0.0,0.0,0.0,0.0,1800.0
aus88win.com,Facebook Bonus Free,18.0,0.0,0.0,0.0,0.0,1800.0
glorya77.com,APP BONUS,18.0,0.0,0.0,0.0,0.0,1800.0
ubet96.com,Referral Bonus 2,18.0,0.0,0.0,0.0,3.0,1800.0
kingtech88.com,Social Sharing Rewards,18.0,0.0,0.0,0.0,0.0,1800.0
mwaus.co,Lucky Spin AUD 18,18.0,0.0,0.0,0.0,144.0,1800.0
crown777au.com,DAILY TARGET BONUS,17.77,0.0,0.0,0.0,0.0,1777.0
live77bet.com,RED ENVELOPE 100X3,17.77,0.0,0.0,0.0,1.0,1777.0
topcash7.com,SPECIAL RED PACKET A$17,17.0,0.0,0.0,0.0,0.0,1700.0
topcash7.com,FREE SPIN A$17,17.0,0.0,0.0,0.0,0.0,1700.0
supreme777.com,1️⃣⭐️ VIP FREE,17.0,0.0,0.0,0.0,17.0,1700.0
live77bet.com,Daily Deposit Mission II,17.0,0.0,0.0,0.0,0.0,1700.0
live77bet.com,Welcome Monthly Back Free,17.0,0.0,0.0,0.0,0.0,1700.0
truewin77.com,TRULY SPECIAL I,17.0,0.0,0.0,0.0,0.0,1700.0
aucloud9.com,REWARD 100 x3,16.99,0.0,0.0,0.0,0.0,1699.0
intensityaus.com,Extra Money No.3 (Daily),16.88,0.0,0.0,0.0,0.0,1688.0
auwin7.com,DAILY CHECK IN DAY3,16.88,0.0,0.0,0.0,0.0,1688.0
aucloud9.com,REWARD 30 x5,16.66,0.0,0.0,0.0,0.0,1666.0
ubet66aus.com,REJOIN FREE CREDIT,16.66,0.0,0.0,0.0,0.0,1666.0
ubet66aus.com,VVIP DAILY FREE,16.66,0.0,0.0,0.0,1.0,1666.0
ubet66aus.com,Daily Revenge Free,16.66,0.0,0.0,0.0,0.0,1666.0
ubet66aus.com,Birthday Bonus,16.66,0.0,0.0,0.0,2.0,1666.0
ubet66aus.com,Weekly Bonus,16.66,0.0,0.0,0.0,16.66,1666.0
cr33au.com,Daily Points Reward,198.0,10.0,238.0,1.2,0.0,1650.0
mee88aus.com,50x6 Stack,16.0,0.0,0.0,0.0,0.0,1600.0
mmd9.net,I ⭐️ VIP FREE,16.0,0.0,0.0,0.0,16.0,1600.0
richman96.com,IMPERIUM Gold,16.0,0.0,0.0,0.0,0.0,1600.0
live77bet.com,RED ENVELOPE 60X3,15.88,0.0,0.0,0.0,1.0,1588.0
fortune88au.com,lose credit Deposit 100 x5,15.88,0.0,0.0,0.0,4.0,1588.0
ubet96.com,Cashback Silver,15.88,0.0,0.0,0.0,0.0,1588.0
candymommy.co,MISSING HOURLY BONUS,15.0,0.0,0.0,0.0,0.0,1500.0
unitedau.com,Day 2 (Tuesday),15.0,0.0,0.0,0.0,0.0,1500.0
efa99aus.com,1️⃣⭐️ VIP FREE,15.0,0.0,0.0,0.0,0.0,1500.0
king88pokies.com,VPower & Imperium,15.0,0.0,0.0,0.0,0.0,1500.0
ubet66aus.com,Weekend Unlimited Bonus,15.0,0.0,0.0,0.0,2.0,1500.0
ubet66aus.com,Daily First Bonus 15%,15.0,0.0,0.0,0.0,2.0,1500.0
pokies4bet.com,SPECIAL UNLIMITED,15.0,0.0,0.0,0.0,0.0,1500.0
pokies33au.com,Daily Deposit,15.0,0.0,0.0,0.0,75.0,1500.0
bigpay77.net,Join Random Free Credit,15.0,0.0,0.0,0.0,0.0,1500.0
weplay88.com,Day 2 loss,15.0,0.0,0.0,0.0,0.0,1500.0
onyxaud.com,Day 2 loss,15.0,0.0,0.0,0.0,0.0,1500.0
megabet26.com,Daily Deposit 300 Bonus,15.0,0.0,0.0,0.0,0.0,1500.0
i8au.online,Daily First Topup Bonus,15.0,0.0,0.0,0.0,0.0,1500.0
mee88aus.com,50x4 Stack,14.0,0.0,0.0,0.0,0.0,1400.0
cyberpunk369.com,Loss Check-in Bonus SUNDAY,14.0,0.0,0.0,0.0,0.0,1400.0
ubet66aus.com,Daily Mission,13.66,0.0,0.0,0.0,0.0,1366.0
richman96.com,DAILY DEPOSIT 50x6,13.66,0.0,0.0,0.0,0.0,1366.0
cr33au.com,Special Free 13AUD,13.0,0.0,0.0,0.0,130.0,1300.0
mmd9.net,SATURDAY BONUS,12.99,0.0,0.0,0.0,3.0,1299.0
mee88aus.com,30x6 Stack,12.0,0.0,0.0,0.0,0.0,1200.0
mee88aus.com,50x2 Stack,12.0,0.0,0.0,0.0,0.0,1200.0
v12betau.net,Daily Slot Bonus,12.0,0.0,0.0,0.0,0.0,1200.0
v12betau.net,Unlimited Bonus,12.0,0.0,0.0,0.0,10.0,1200.0
eebet9.com,LOSSCREDIT MC,12.0,0.0,0.0,0.0,2.0,1200.0
mmd9.net,FRIDAY BONUS,11.99,0.0,0.0,0.0,3.0,1199.0
kangaroo88.com,Roo's Weekly Facebook,11.11,0.0,0.0,0.0,0.0,1111.0
mmd9.net,THURSDAY BONUS,10.99,0.0,0.0,0.0,3.0,1099.0
ubet96.com,Cashback Platinum,10.88,0.0,0.0,0.0,0.0,1088.0
ubet96.com,Cashback Bronza,10.88,0.0,0.0,0.0,10.88,1088.0
nightclubaus.com,Daily Reward I,10.88,0.0,0.0,0.0,32.64,1088.0
live77bet.com,RED ENVELOPE 30X5,10.77,0.0,0.0,0.0,1.0,1077.0
ubet66aus.com,Daily Mission,10.66,0.0,0.0,0.0,0.0,1066.0
spinking.co,10% Unlimited,10.0,0.0,0.0,0.0,3.0,1000.0
spade69.co,Downline Deposit $20 Get,10.0,0.0,0.0,0.0,0.0,1000.0
raabet9.com,10% Unlimited,10.0,0.0,0.0,0.0,3.0,1000.0
aucloud9.com,Telegram Free,10.0,0.0,0.0,0.0,0.0,1000.0
aucloud9.com,Telegram Bot Free,10.0,0.0,0.0,0.0,0.0,1000.0
aucloud9.com,SLOT DAILY BONUS,10.0,0.0,0.0,0.0,0.0,1000.0
unitedau.com,Day 1 (Monday),10.0,0.0,0.0,0.0,0.0,1000.0
gtbet9au.com,REFERRAL BONUS,10.0,0.0,0.0,0.0,0.0,1000.0
methking.com,10% Unlimited,10.0,0.0,0.0,0.0,3.0,1000.0
mmd9.net,INSTANT CASHBACK,10.0,0.0,0.0,0.0,0.0,1000.0
ubet66aus.com,WFGaming FREE 10,10.0,0.0,0.0,0.0,1.0,1000.0
ubet66aus.com,Facebook Share,10.0,0.0,0.0,0.0,1.0,1000.0
ubet66aus.com,Telegram Share,10.0,0.0,0.0,0.0,1.0,1000.0
ubet66aus.com,Unlimited Slot bonus,10.0,0.0,0.0,0.0,2.0,1000.0
uap66.com,Appreciation 10,10.0,0.0,0.0,0.0,0.0,1000.0
we1winau.com,Downline Deposit Free,10.0,0.0,0.0,0.0,0.0,1000.0
richman96.com,IMPERIUM Silver,10.0,0.0,0.0,0.0,0.0,1000.0
richman96.com,Telegram Bot Free,10.0,0.0,0.0,0.0,0.0,1000.0
richman96.com,Telegram Free,10.0,0.0,0.0,0.0,0.0,1000.0
richman96.com,DAILY DEPOSIT BONUS,10.0,0.0,0.0,0.0,0.0,1000.0
supreme777.com,Unlimited Bonus❤️❤️,10.0,0.0,0.0,0.0,0.0,1000.0
slotmate88.com,10% Unlimited,10.0,0.0,0.0,0.0,3.0,1000.0
pokies4bet.com,SPECIAL DAILY QUEST,10.0,0.0,0.0,0.0,0.0,1000.0
pokies4bet.com,UNLIMITED BONUS,10.0,0.0,0.0,0.0,0.0,1000.0
betworld96au.com,VIP SILVER,10.0,0.0,0.0,0.0,10.0,1000.0
live77bet.com,Telegram Free,10.0,0.0,0.0,0.0,0.0,1000.0
live77bet.com,Telegram Bot Free,10.0,0.0,0.0,0.0,0.0,1000.0
live77bet.com,Twitter Free,10.0,0.0,0.0,0.0,0.0,1000.0
live77bet.com,10% DAILY BONUS,10.0,0.0,0.0,0.0,0.0,1000.0
aus88win.com,Telegram INVITE Bonus,10.0,0.0,0.0,0.0,0.0,1000.0
mrpokies9.com,Disruption Bonus,10.0,0.0,0.0,0.0,0.0,1000.0
mrpokies9.com,VIP SPECIAL BONUS,10.0,0.0,0.0,0.0,0.0,1000.0
cuntwin.com,10% Unlimited,10.0,0.0,0.0,0.0,3.0,1000.0
betmeth.com,10% Unlimited,10.0,0.0,0.0,0.0,3.0,1000.0
fuckingmeth.com,10% Unlimited,10.0,0.0,0.0,0.0,3.0,1000.0
ipay9aud.com,FREE CHIPS loss,10.0,0.0,0.0,0.0,0.0,1000.0
royale9au.com,Random Free Chips,10.0,0.0,0.0,0.0,0.0,1000.0
v6aus.com,⭐️ᴠɪᴘ⭐️⭐️,10.0,0.0,0.0,0.0,0.0,1000.0
ubet96.com,Special 1 Day,10.0,0.0,0.0,0.0,0.0,1000.0
ubet96.com,Referral Bonus 1,10.0,0.0,0.0,0.0,3.0,1000.0
tab968.com,Day 1 (Monday),10.0,0.0,0.0,0.0,0.0,1000.0
intensityaus.com,Unlimited Bonus (Slots),10.0,0.0,0.0,0.0,0.0,1000.0
icebet888.com,Limited Slot Bonus 10%,10.0,0.0,0.0,0.0,3.0,1000.0
icebet888.com,Unlimited Live Casino 10%,10.0,0.0,0.0,0.0,8.0,1000.0
koala88.co,Weekly Free Facebook,10.0,0.0,0.0,0.0,0.0,1000.0
truewin77.com,TRULY UNLIMITED,10.0,0.0,0.0,0.0,0.0,1000.0
nightclubaus.com,Unlimited bonus,10.0,0.0,0.0,0.0,0.0,1000.0
weplay88.com,Day 1 loss,10.0,0.0,0.0,0.0,0.0,1000.0
class777.com,SUNDAY VIP II FREE,10.0,0.0,0.0,0.0,10.0,1000.0
u88aud.com,Downline Deposit Free,10.0,0.0,0.0,0.0,0.0,1000.0
onyxaud.com,Day 1 loss,10.0,0.0,0.0,0.0,0.0,1000.0
onyxaud.com,2 TIME FREE $10⭐️,10.0,0.0,0.0,0.0,0.0,1000.0
onyxaud.com,Share Bonus,10.0,0.0,0.0,0.0,0.0,1000.0
winx96.com,ꜱᴜɴᴅᴀʏ ᴠɪᴘ Ⅱ ꜰʀᴇᴇ,10.0,0.0,0.0,0.0,10.0,1000.0
pokiefox.com,Disruption Bonus,10.0,0.0,0.0,0.0,0.0,1000.0
megabet26.com,Slot Unlimited,10.0,0.0,0.0,0.0,1.0,1000.0
megabet26.com,Friday Frenzy,10.0,0.0,0.0,0.0,0.0,1000.0
megabet26.com,Daily Deposit 200 Bonus,10.0,0.0,0.0,0.0,0.0,1000.0
aud99.com,Facebook Share Event,10.0,0.0,0.0,0.0,0.0,1000.0
mmd9.net,WEDNESDAY BONUS,9.99,0.0,0.0,0.0,3.0,999.0
mee88aus.com,20x6 Stack,9.0,0.0,0.0,0.0,0.0,900.0
mee88aus.com,30x4 Stack,9.0,0.0,0.0,0.0,0.0,900.0
ubet66aus.com,Weekly Commission,9.0,0.0,0.0,0.0,10.0,900.0
keno99.com,EXCLUSIVE FREE $9,9.0,0.0,0.0,0.0,90.0,900.0
9au.com,MATE'S INVITE,9.0,0.0,0.0,0.0,10.0,900.0
vv88aud.io,DEPOSIT $20 X 6 FREE,9.0,0.0,0.0,0.0,0.0,900.0
aucloud9.com,REWARD 50 x3,8.99,0.0,0.0,0.0,1.0,899.0
mmd9.net,TUESDAY BONUS,8.99,0.0,0.0,0.0,3.0,899.0
v8au.com,DAILY ROLLERS 3,8.88,0.0,0.0,0.0,0.0,888.0
bigboss88.vip,JUN GIFT,8.88,0.0,0.0,0.0,90.0,888.0
onya88.com,DAILY DEPOSIT $100,8.88,0.0,0.0,0.0,44.4,888.0
wombats88.com,Loyalty Ⅰ,8.88,0.0,0.0,0.0,0.0,888.0
pokies33au.com,Special Weekend Free,8.88,0.0,0.0,0.0,0.0,888.0
cashnet99.com,DAILY DEPOSIT 5 TIMES,8.88,0.0,0.0,0.0,1.0,888.0
ozreel88.com,V I P,8.88,0.0,0.0,0.0,44.4,888.0
1spinnwin.com,WEEKLY COMMISSION,8.0,0.0,0.0,0.0,4.0,800.0
avg88.com,WEEKLY COMMISION,8.0,0.0,0.0,0.0,5.0,800.0
v8au.com,INFINITY BONUS,8.0,0.0,0.0,0.0,0.0,800.0
mee88aus.com,10x6 Stack,8.0,0.0,0.0,0.0,0.0,800.0
mee88aus.com,30x2 Stack,8.0,0.0,0.0,0.0,0.0,800.0
aucloud9.com,Daily Deposit Mission I,8.0,0.0,0.0,0.0,0.0,800.0
v12betau.net,Unlimited Bonus,8.0,0.0,0.0,0.0,8.0,800.0
king88pokies.com,Downline Deposit,8.0,0.0,0.0,0.0,0.0,800.0
king88pokies.com,Unlimited Bonus,8.0,0.0,0.0,0.0,0.0,800.0
supreme777.com,Unlimited Bonus❤️,8.0,0.0,0.0,0.0,0.0,800.0
crown777au.com,UNLIMITED BONUS,8.0,0.0,0.0,0.0,0.0,800.0
crown777au.com,DOWNLINE DEPOSIT FREE,8.0,0.0,0.0,0.0,0.0,800.0
pokies4bet.com,UNLIMITED BONUS,8.0,0.0,0.0,0.0,0.0,800.0
mrpokies9.com,VIP BONUS,8.0,0.0,0.0,0.0,0.0,800.0
super96au.com,NEW SHARE BONUS,8.0,0.0,0.0,0.0,0.0,800.0
aud33.com,POKIES UNLIMITED BONUS,8.0,0.0,0.0,0.0,0.0,800.0
pokies33au.com,Get Free,8.0,0.0,0.0,0.0,0.0,800.0
pokies33au.com,Slot Unlimited Bonus,8.0,0.0,0.0,0.0,2.0,800.0
pokies33au.com,Daily Deposit,8.0,0.0,0.0,0.0,0.0,800.0
fortune88au.com,VIP Upgrade Bonus – Bronze,8.0,0.0,0.0,0.0,3.0,800.0
fortune88au.com,FREE CHIP 8$,8.0,0.0,0.0,0.0,1.0,800.0
mwaus.co,Lucky Spin AUD 8,8.0,0.0,0.0,0.0,64.0,800.0
intensityaus.com,Unlimited Bonus (Slots),8.0,0.0,0.0,0.0,0.0,800.0
intensityaus.com,Daily Bonus (Live),8.0,0.0,0.0,0.0,0.0,800.0
truewin77.com,TRULY UNLIMITED,8.0,0.0,0.0,0.0,0.0,800.0
rugby77.com,Facebook Share Post,8.0,0.0,0.0,0.0,0.0,800.0
gold77au.com,Facebook Share Post,8.0,0.0,0.0,0.0,0.0,800.0
megabet26.com,Slot Unlimited,8.0,0.0,0.0,0.0,1.0,800.0
megabet26.com,Referral Bonus,8.0,0.0,0.0,0.0,0.0,800.0
tnt99au.com,FACEBOOK SHARE POST,8.0,0.0,0.0,0.0,0.0,800.0
kaboom77.com,Daily 1st Red Packet,7.77,0.0,0.0,0.0,0.0,777.0
crown777au.com,DAILY TARGET BONUS,7.77,0.0,0.0,0.0,0.0,777.0
truewin77.com,EXCLUSIVE FREEBIE,7.77,0.0,0.0,0.0,0.0,777.0
cr33au.com,2nd Deposit $30 Free,7.33,0.0,0.0,0.0,0.0,733.0
mee88aus.com,20x4 Stack,7.0,0.0,0.0,0.0,0.0,700.0
topcash7.com,SPECIAL RED PACKET A$7,7.0,0.0,0.0,0.0,0.0,700.0
topcash7.com,FREE SPIN A$7,7.0,0.0,0.0,0.0,0.0,700.0
live77bet.com,Daily Deposit Mission I,7.0,0.0,0.0,0.0,0.0,700.0
truewin77.com,TRULY UNLIMITED,7.0,0.0,0.0,0.0,0.0,700.0
vv88aud.io,DEPOSIT $20 X 3 FREE,7.0,0.0,0.0,0.0,0.0,700.0
bn8aus.com,LOST REBATE,7.0,0.0,0.0,0.0,0.0,700.0
aucloud9.com,REWARD 30 x3,6.88,0.0,0.0,0.0,0.0,688.0
ubet96.com,Cashback Bronze,6.88,0.0,0.0,0.0,0.0,688.0
intensityaus.com,Extra Money No.2 (Daily),6.88,0.0,0.0,0.0,0.0,688.0
auwin7.com,DAILY CHECK IN DAY1,6.88,0.0,0.0,0.0,0.0,688.0
live77bet.com,RED ENVELOPE 30X3,6.77,0.0,0.0,0.0,1.0,677.0
ubet66aus.com,Daily Mission,6.66,0.0,0.0,0.0,0.0,666.0
ubet66aus.com,Weekly Bonus,6.66,0.0,0.0,0.0,6.66,666.0
uap66.com,UAP66 Apps Bonus,6.66,0.0,0.0,0.0,6.0,666.0
richman96.com,DAILY DEPOSIT 50x3,6.66,0.0,0.0,0.0,0.0,666.0
nightclubaus.com,APP Extra bonus,6.66,0.0,0.0,0.0,3.0,666.0
mee88aus.com,COMMISSION,6.6,0.0,0.0,0.0,0.0,660.0
mee88aus.com,10x4 Stack,6.0,0.0,0.0,0.0,0.0,600.0
mee88aus.com,20x2 Stack,6.0,0.0,0.0,0.0,0.0,600.0
ufc66.com,Weekly Commission,6.0,0.0,0.0,0.0,6.0,600.0
richman96.com,IMPERIUM Starter,6.0,0.0,0.0,0.0,0.0,600.0
ubet96.com,Aristrocat Pokies Exclusive,6.0,0.0,0.0,0.0,1.0,600.0
ubet96.com,1 Share Free $6,6.0,0.0,0.0,0.0,0.0,600.0
v8au.com,DAILY ROLLERS 2,5.88,0.0,0.0,0.0,0.0,588.0
cbr8aus.com,Share the Luck,5.88,0.0,0.0,0.0,5.0,588.0
cr33au.com,1st Deposit $30 Free,5.33,0.0,0.0,0.0,0.0,533.0
spinking.co,New Share Bonus,5.0,0.0,0.0,0.0,0.0,500.0
spinking.co,5% Unlimited,5.0,0.0,0.0,0.0,2.0,500.0
raabet9.com,New Share Bonus,5.0,0.0,0.0,0.0,0.0,500.0
raabet9.com,5% Unlimited,5.0,0.0,0.0,0.0,2.0,500.0
bigboss88.vip,FREE SHARE BONUS,5.0,0.0,0.0,0.0,0.0,500.0
methking.com,5% Unlimited,5.0,0.0,0.0,0.0,2.0,500.0
rec99au.com,FREE SHARE BONUS,5.0,0.0,0.0,0.0,0.0,500.0
uap66.com,Weekly Comission,5.0,0.0,0.0,0.0,0.0,500.0
topcash7.com,SPECIAL RED PACKET A$5,5.0,0.0,0.0,0.0,0.0,500.0
richman96.com,WEEKLY AFFILIATE COMMISSION,5.0,0.0,0.0,0.0,0.0,500.0
won96.com,21 DAYS PROGRAME,5.0,0.0,0.0,0.0,9.0,500.0
supreme777.com,Unlimited Bonus,5.0,0.0,0.0,0.0,0.0,500.0
slotmate88.com,New Share Bonus,5.0,0.0,0.0,0.0,0.0,500.0
slotmate88.com,5% Unlimited,5.0,0.0,0.0,0.0,2.0,500.0
ss9au.net,Weekly Rescue 5%,5.0,0.0,0.0,0.0,0.0,500.0
vip77.club,⭐ VIP77 ⭐ DOWNLINE COMMISSION,5.0,0.0,0.0,0.0,0.0,500.0
crown777au.com,UNLIMITED BONUS,5.0,0.0,0.0,0.0,0.0,500.0
crown777au.com,FREE SHARE BONUS,5.0,0.0,0.0,0.0,0.0,500.0
rolex66.vip,SHARE & FREE,5.0,0.0,0.0,0.0,0.0,500.0
pokies4bet.com,UNLIMITED BONUS,5.0,0.0,0.0,0.0,0.0,500.0
betworld96au.com,VIP BRONZE,5.0,0.0,0.0,0.0,5.0,500.0
live77bet.com,APP EXTRA BONUS,5.0,0.0,0.0,0.0,0.0,500.0
mrpokies9.com,VIP SOCIAL BONUS,5.0,0.0,0.0,0.0,0.0,500.0
cuntwin.com,5% Unlimited,5.0,0.0,0.0,0.0,2.0,500.0
betmeth.com,5% Unlimited,5.0,0.0,0.0,0.0,2.0,500.0
ipay9aud.com,WEEKLY REBATE (losscredit),5.0,0.0,0.0,0.0,3.0,500.0
tab99au.com,Weekly Downline Commision,5.0,0.0,0.0,0.0,0.0,500.0
v6aus.com,⭐️ᴠɪᴘ⭐️,5.0,0.0,0.0,0.0,0.0,500.0
aus4win.com,Weekly Rescue 5%,5.0,0.0,0.0,0.0,0.0,500.0
intensityaus.com,Unlimited Bonus (Slots),5.0,0.0,0.0,0.0,0.0,500.0
intensityaus.com,Unlimited Bonus (Live),5.0,0.0,0.0,0.0,0.0,500.0
intensityaus.com,Daily Bonus (Sportbook),5.0,0.0,0.0,0.0,0.0,500.0
icebet888.com,Unlimited Slot Bonus 5%,5.0,0.0,0.0,0.0,3.0,500.0
zebra88.club,Share Free,5.0,0.0,0.0,0.0,0.0,500.0
deespin.com,New Share Bonus,5.0,0.0,0.0,0.0,0.0,500.0
deespin.com,5% Unlimited,5.0,0.0,0.0,0.0,2.0,500.0
nightclubaus.com,Share Free 5,5.0,0.0,0.0,0.0,10.0,500.0
rugby77.com,Join Our Social Media,5.0,0.0,0.0,0.0,0.0,500.0
royalaud.com,Weekly Commission,5.0,0.0,0.0,0.0,0.0,500.0
vv88aud.io,DEPOSIT $10 X 6 FREE,5.0,0.0,0.0,0.0,0.0,500.0
ozreel88.com,FREEBIES,5.0,0.0,0.0,0.0,0.0,500.0
gold77au.com,Join Our Social Media,5.0,0.0,0.0,0.0,0.0,500.0
gold77au.com,Telegram Bot Bonus,5.0,0.0,0.0,0.0,0.0,500.0
class777.com,SATURDAY VIP I FREE,5.0,0.0,0.0,0.0,5.0,500.0
vip99.com,Downline Commission,5.0,0.0,0.0,0.0,0.0,500.0
onyxaud.com,Offical Partner Free!,5.0,0.0,0.0,0.0,0.0,500.0
legit99.com,New Share Bonus,5.0,0.0,0.0,0.0,0.0,500.0
legit99.com,5% Unlimited,5.0,0.0,0.0,0.0,2.0,500.0
winx96.com,ꜱᴀᴛᴜʀᴅᴀʏ ᴠɪᴘ Ⅰ ꜰʀᴇᴇ,5.0,0.0,0.0,0.0,5.0,500.0
megabet26.com,Slot Unlimited,5.0,0.0,0.0,0.0,1.0,500.0
megabet26.com,Daily Deposit 100 Bonus,5.0,0.0,0.0,0.0,0.0,500.0
tnt99au.com,Join Our Social Media,5.0,0.0,0.0,0.0,0.0,500.0
mee88aus.com,10x2 Stack,4.0,0.0,0.0,0.0,0.0,400.0
aucloud9.com,Free Share Bonus,4.0,0.0,0.0,0.0,5.0,400.0
richman96.com,Free Share Bonus,4.0,0.0,0.0,0.0,5.0,400.0
live77bet.com,Free Share Bonus,4.0,0.0,0.0,0.0,5.0,400.0
betmeth.com,New Share Bonus,4.0,0.0,0.0,0.0,0.0,400.0
weplay88.com,FREE 365 DAY,4.0,0.0,0.0,0.0,0.0,400.0
megabet26.com,Share & Invite,4.0,0.0,0.0,0.0,0.0,400.0
cr33au.com,2nd Deposit $10 Free,3.33,0.0,0.0,0.0,0.0,333.0
aucloud9.com,FREE DAILY 3 AUD,3.0,0.0,0.0,0.0,0.0,300.0
aucloud9.com,APP Extra Free Bonus,3.0,0.0,0.0,0.0,0.0,300.0
ubet66aus.com,App Bonus Free,3.0,0.0,0.0,0.0,0.0,300.0
venus55.com,SHARE FREE 3$,3.0,0.0,0.0,0.0,0.0,300.0
richman96.com,App Extra Free Bonus,3.0,0.0,0.0,0.0,0.0,300.0
keno99.com,Weekly Winloss Rebate 3%,3.0,0.0,0.0,0.0,3.0,300.0
cuntwin.com,New Share Bonus,3.0,0.0,0.0,0.0,0.0,300.0
pokies33au.com,Share Bonus,3.0,0.0,0.0,0.0,1.0,300.0
pokies33au.com,Daily Deposit,3.0,0.0,0.0,0.0,0.0,300.0
fortune88au.com,FREE CHIP 3$,3.0,0.0,0.0,0.0,1.0,300.0
in8.one,Daily Rollover Rebate,3.0,0.0,0.0,0.0,1.0,300.0
nightclubaus.com,Referral bonus,3.0,0.0,0.0,0.0,0.0,300.0
vv88aud.io,DEPOSIT $10 X 3 FREE,3.0,0.0,0.0,0.0,0.0,300.0
cyberpunk369.com,Loss Downline First Deposit,3.0,0.0,0.0,0.0,3.0,300.0
cr33au.com,Winloss Rebate 2.99%,2.99,0.0,0.0,0.0,3.0,299.0
v8au.com,DAILY ROLLERS 1,2.88,0.0,0.0,0.0,0.0,288.0
intensityaus.com,Extra Money No.1 (Daily),2.88,0.0,0.0,0.0,0.0,288.0
live77bet.com,FREE DAILY AUD,2.77,0.0,0.0,0.0,0.0,277.0
cr33au.com,1st Deposit $10 Free,2.33,0.0,0.0,0.0,0.0,233.0
methking.com,New Share Bonus,2.0,0.0,0.0,0.0,0.0,200.0
goldencrown96.com,FREE CREDIT 365DAYloss credit,2.0,0.0,0.0,0.0,0.0,200.0
fuckingmeth.com,New Share Bonus,2.0,0.0,0.0,0.0,0.0,200.0
intensityaus.com,Apps Bonus,2.0,0.0,0.0,0.0,0.0,200.0
intensityaus.com,Share Bonus,2.0,0.0,0.0,0.0,0.0,200.0
ozreel88.com,WINNING REWARDS,2.0,0.0,0.0,0.0,4.0,200.0
betworld96au.com,⭐LOSSCREDIT⭐,1.8,0.0,0.0,0.0,2.0,180.0
we1winau.com,Daily Rollover Rebate 1%,1.0,0.0,0.0,0.0,1.0,100.0
southern9.com,DAILY REBATE,1.0,0.0,0.0,0.0,0.0,100.0
keno99.com,Daily Rollover Rebate 1%,1.0,0.0,0.0,0.0,3.0,100.0
bs22au.com,DAILY ROLLOVER REBATE,1.0,0.0,0.0,0.0,0.0,100.0
bn8aus.com,DEPOSIT REBATE,1.0,0.0,0.0,0.0,0.0,100.0
u88aud.com,Daily Rollover Rebate 1%,1.0,0.0,0.0,0.0,1.0,100.0
king88pokies.com,Share & Free,8.0,20.0,80.0,10.0,0.0,16.0
cashnet99.com,[App] Daily Free Credit,20.0,10.0,500.0,25.0,0.0,8.0
ubet96.com,APP BONUS,10.0,19.0,289.0,28.9,0.0,6.57
penguin88.club,SHARE BONUS,1.0,20.0,15.0,15.0,0.0,1.33
onyxaud.com,Daily Free,4.0,0.05,100.0,25.0,0.0,0.01
